280.0,10.236220472440944,89.76377952755905,0.0,1.6933333333333334,42.915447117325776
560.0,20.52238805970149,79.4776119402985,0.0,1.7866666666666666,69.53651559200559
840.0,25.098039215686274,74.90196078431373,0.0,1.7,85.370017704315
1120.0,34.63035019455253,65.36964980544747,0.0,1.7133333333333334,95.95448369722308
1400.0,29.88929889298893,70.11070110701107,0.0,1.8066666666666666,105.05454204323533
1680.0,30.0,70.0,0.0,1.6,113.68722695969133
1960.0,29.850746268656717,70.14925373134328,0.0,1.7866666666666666,120.66200095356784
2240.0,32.71375464684015,67.28624535315986,0.0,1.7933333333333332,127.59571404636948
2520.0,29.707112970711297,70.2928870292887,0.0,1.5933333333333333,133.7259639672606
2800.0,28.0,72.0,0.0,1.8333333333333333,139.9188036001795
3080.0,23.80952380952381,76.19047619047619,0.0,1.82,144.23472867774788
3360.0,20.491803278688526,79.50819672131148,0.0,1.6266666666666667,148.0657334643896
3640.0,23.70689655172414,76.29310344827586,0.0,1.5466666666666666,151.18738750216565
3920.0,27.83882783882784,72.16117216117216,0.0,1.82,154.54992699662665
4200.0,25.70281124497992,74.29718875502007,0.0,1.66,158.25530806366245
4480.0,21.53846153846154,78.46153846153847,0.0,1.7333333333333334,162.11083926426048
4760.0,25.0,75.0,0.0,1.6266666666666667,164.85962006767278
5040.0,20.15209125475285,79.84790874524715,0.0,1.7533333333333334,167.29098012062042
5320.0,23.651452282157678,76.34854771784232,0.0,1.6066666666666667,168.85141188998156
5600.0,18.367346938775512,81.63265306122449,0.0,1.6333333333333333,169.82079376039198
5880.0,25.0,75.0,0.0,1.5466666666666666,170.54823062865185
6160.0,20.945945945945947,79.05405405405405,0.0,1.9733333333333334,171.60358962927924
6440.0,19.39163498098859,80.6083650190114,0.0,1.7533333333333334,172.8029601406542
6720.0,14.391143911439114,85.60885608856088,0.0,1.8066666666666666,173.6601727957924
7000.0,16.666666666666668,83.33333333333333,0.0,1.48,175.16667345752853
7280.0,18.39622641509434,81.60377358490567,0.0,1.4133333333333333,176.52159882664938
7560.0,17.624521072796934,82.37547892720306,0.0,1.74,177.71590882462306
7840.0,16.791044776119403,83.2089552238806,0.0,1.7866666666666666,179.22359812977118
8120.0,11.715481171548117,88.28451882845188,0.0,1.5933333333333333,180.32334717603206
8400.0,15.32258064516129,84.6774193548387,0.0,1.6533333333333333,181.1867623190176
8680.0,18.0327868852459,81.9672131147541,0.0,1.6266666666666667,182.05846160547128
8960.0,19.444444444444443,80.55555555555556,0.0,1.68,182.90948789373064
9240.0,17.695473251028808,82.3045267489712,0.0,1.62,183.62774723074182
9520.0,16.015625,83.984375,0.0,1.7066666666666668,184.3975587180164
9800.0,16.593886462882097,83.4061135371179,0.0,1.5266666666666666,185.11669457515077
10080.0,13.333333333333334,86.66666666666667,0.0,1.7,185.76175961119324
10360.0,13.389121338912133,86.61087866108787,0.0,1.5933333333333333,186.2382481057442
10640.0,18.75,81.25,0.0,1.7066666666666668,187.01396957811227
10920.0,16.4,83.6,0.0,1.6666666666666667,187.4011509662892
11200.0,12.0,88.0,0.0,1.8333333333333333,188.21120515853053
11480.0,12.142857142857142,87.85714285714286,0.0,1.8666666666666667,188.7758522270831
11760.0,12.608695652173912,87.3913043478261,0.0,1.5333333333333334,189.55071955950768
12040.0,13.679245283018869,86.32075471698113,0.0,1.4133333333333333,190.2258764796124
12320.0,13.043478260869565,86.95652173913044,0.0,1.6866666666666668,190.71743285927565
12600.0,13.307984790874524,86.69201520912547,0.0,1.7533333333333334,191.6511596171859
12880.0,8.627450980392156,91.37254901960785,0.0,1.7,192.34048503216735
13160.0,15.899581589958158,84.10041841004184,0.0,1.5933333333333333,193.3631536870027
13440.0,9.565217391304348,90.43478260869566,0.0,1.5333333333333334,194.1800755013305
13720.0,10.116731517509727,89.88326848249027,0.0,1.7133333333333334,195.20857688167374
14000.0,11.940298507462687,88.05970149253731,0.0,1.7866666666666666,195.57889847932617
14280.0,16.143497757847534,83.85650224215247,0.0,1.4866666666666666,196.02162320657533
14560.0,14.574898785425102,85.4251012145749,0.0,1.6466666666666667,196.52938692200357
14840.0,13.147410358565738,86.85258964143426,0.0,1.6733333333333333,197.21877165332685
15120.0,7.949790794979079,92.05020920502092,0.0,1.5933333333333333,197.7814604350447
15400.0,11.297071129707113,88.7029288702929,0.0,1.5933333333333333,198.06680158348937
15680.0,12.340425531914894,87.65957446808511,0.0,1.5666666666666667,198.4182914688776
15960.0,7.468879668049793,92.5311203319502,0.0,1.6066666666666667,198.46663945097328
16240.0,14.166666666666666,85.83333333333333,0.0,1.6,198.6121639053387
16520.0,6.557377049180328,93.44262295081967,0.0,1.6266666666666667,198.80670819857988
16800.0,11.570247933884298,88.4297520661157,0.0,1.6133333333333333,198.97949091038058
17080.0,8.108108108108109,91.89189189189189,0.0,1.7266666666666666,199.50544519713114
17360.0,14.17624521072797,85.82375478927203,0.0,1.74,199.98296422700045
17640.0,12.244897959183673,87.75510204081633,0.0,1.6333333333333333,200.3953457895569
17920.0,12.048192771084338,87.95180722891567,0.0,1.66,200.7066541881092
18200.0,10.37344398340249,89.6265560165975,0.0,1.6066666666666667,201.24855674936123
18480.0,12.648221343873518,87.35177865612648,0.0,1.6866666666666668,201.95172331914011
18760.0,11.313868613138686,88.68613138686132,0.0,1.8266666666666667,202.55213007856528
19040.0,10.045662100456621,89.95433789954338,0.0,1.46,203.23098779597055
19320.0,11.538461538461538,88.46153846153847,0.0,1.56,203.3705633670389
19600.0,14.979757085020243,85.02024291497976,0.0,1.6466666666666667,203.55869542393683
19880.0,10.975609756097562,89.02439024390245,0.0,1.64,203.50636607693568
20160.0,9.433962264150944,90.56603773584905,0.0,1.7666666666666666,203.8859270409232
20440.0,11.764705882352942,88.23529411764706,0.0,1.5866666666666667,203.93726500893098
20720.0,8.823529411764707,91.17647058823529,0.0,1.5866666666666667,204.16224293444338
21000.0,9.9601593625498,90.0398406374502,0.0,1.6733333333333333,204.38931034599437
21280.0,10.043668122270743,89.95633187772926,0.0,1.5266666666666666,204.45112279767866
21560.0,9.12863070539419,90.87136929460581,0.0,1.6066666666666667,204.3475372664637
21840.0,10.8,89.2,0.0,1.6666666666666667,204.57963359581737
22120.0,12.8,87.2,0.0,1.6666666666666667,204.97250576591236
22400.0,14.229249011857707,85.7707509881423,0.0,1.6866666666666668,204.91132161843203
22680.0,12.195121951219512,87.8048780487805,0.0,1.64,205.35212932624054
22960.0,7.929515418502203,92.0704845814978,0.0,1.5133333333333334,205.33566417612502
23240.0,8.870967741935484,91.12903225806451,0.0,1.6533333333333333,205.43490087034874
23520.0,9.63855421686747,90.36144578313252,0.0,1.66,205.72796502483507
23800.0,10.980392156862745,89.01960784313725,0.0,1.7,205.99381502318394
24080.0,11.158798283261802,88.8412017167382,0.0,1.5533333333333332,206.41851450498953
24360.0,12.184873949579831,87.81512605042016,0.0,1.5866666666666667,206.6463942904255
24640.0,10.460251046025105,89.5397489539749,0.0,1.5933333333333333,207.35883751973336
24920.0,10.619469026548673,89.38053097345133,0.0,1.5066666666666666,207.89936336470342
25200.0,8.695652173913043,91.30434782608695,0.0,1.6866666666666668,207.785814266095
25480.0,8.860759493670885,91.13924050632912,0.0,1.58,207.8745676006353
25760.0,7.661290322580645,92.33870967741936,0.0,1.6533333333333333,208.23812310100482
26040.0,8.42911877394636,91.57088122605364,0.0,1.74,208.30256622784748
26320.0,5.434782608695652,94.56521739130434,0.0,1.84,208.78318649442025
26600.0,7.723577235772358,92.27642276422765,0.0,1.64,209.07193819398574
26880.0,10.416666666666666,89.58333333333333,0.0,1.6,209.51740797013653
27160.0,11.065573770491802,88.93442622950819,0.0,1.6266666666666667,209.83746427626406
27440.0,7.5,92.5,0.0,1.6,210.17748467998578
27720.0,6.60377358490566,93.39622641509433,0.0,1.4133333333333333,210.49943234491147
28000.0,13.008130081300813,86.99186991869918,0.0,1.64,211.040969238402
28280.0,8.46774193548387,91.53225806451613,0.0,1.6533333333333333,211.46048859677217
28560.0,9.54356846473029,90.45643153526972,0.0,1.6066666666666667,211.97695440613163
28840.0,11.654135338345865,88.34586466165413,0.0,1.7733333333333334,212.45116157630125
29120.0,12.601626016260163,87.39837398373983,0.0,1.64,213.07035876499862
29400.0,7.633587786259542,92.36641221374046,0.0,1.7466666666666666,213.67834376706463
29680.0,7.287449392712551,92.71255060728745,0.0,1.6466666666666667,213.96305195261436
29960.0,9.50413223140496,90.49586776859505,0.0,1.6133333333333333,214.3290106785223
30240.0,5.752212389380531,94.24778761061947,0.0,1.5066666666666666,215.00942758380668
30520.0,11.2,88.8,0.0,1.6666666666666667,215.68807042627583
30800.0,9.05511811023622,90.94488188976378,0.0,1.6933333333333334,216.1954245762353
31080.0,10.138248847926267,89.86175115207374,0.0,1.4466666666666668,216.67522873380273
31360.0,8.42911877394636,91.57088122605364,0.0,1.74,216.75128831456078
31640.0,9.920634920634921,90.07936507936508,0.0,1.68,217.24951414165398
31920.0,8.52017937219731,91.4798206278027,0.0,1.4866666666666666,217.70232243640046
32200.0,8.370044052863436,91.62995594713657,0.0,1.5133333333333334,217.7294490273091
32480.0,10.566037735849056,89.43396226415095,0.0,1.7666666666666666,218.0267920466908
32760.0,12.068965517241379,87.93103448275862,0.0,1.5466666666666666,218.3764694991537
33040.0,12.987012987012987,87.01298701298701,0.0,1.54,218.58091838273867
33320.0,10.92436974789916,89.07563025210084,0.0,1.5866666666666667,218.98208025118748
33600.0,8.778625954198473,91.22137404580153,0.0,1.7466666666666666,219.3758756957445
33880.0,11.788617886178862,88.21138211382114,0.0,1.64,219.73148413046073
34160.0,12.217194570135746,87.78280542986425,0.0,1.4733333333333334,220.12778892057062
34440.0,9.606986899563319,90.39301310043668,0.0,1.5266666666666666,220.63330247741936
34720.0,9.243697478991596,90.75630252100841,0.0,1.5866666666666667,220.86254158723432
35000.0,8.59375,91.40625,0.0,1.7066666666666668,221.715846978775
35280.0,12.355212355212355,87.64478764478764,0.0,1.7266666666666666,222.3027715237703
35560.0,13.865546218487395,86.1344537815126,0.0,1.5866666666666667,222.77938239289475
35840.0,9.803921568627452,90.19607843137256,0.0,1.7,223.2709572041948
36120.0,8.298755186721992,91.70124481327801,0.0,1.6066666666666667,223.76686383470147
36400.0,16.666666666666668,83.33333333333333,0.0,1.64,224.21644308128418
36680.0,8.365019011406844,91.63498098859316,0.0,1.7533333333333334,224.6790326292907
36960.0,14.351851851851851,85.64814814814815,0.0,1.44,225.64950909351117
37240.0,10.81081081081081,89.1891891891892,0.0,1.48,226.25910681455002
37520.0,13.492063492063492,86.5079365079365,0.0,1.68,226.89741682086367
37800.0,11.45374449339207,88.54625550660793,0.0,1.5133333333333334,227.43044146566348
38080.0,13.865546218487395,86.1344537815126,0.0,1.5866666666666667,228.18323713351046
38360.0,10.37037037037037,89.62962962962963,0.0,1.8,228.52944544180872
38640.0,11.637931034482758,88.36206896551724,0.0,1.5466666666666666,228.92954366368076
38920.0,11.914893617021276,88.08510638297872,0.0,1.5666666666666667,229.58549214029378
39200.0,11.15702479338843,88.84297520661157,0.0,1.6133333333333333,230.11971374894028
39480.0,10.0418410041841,89.9581589958159,0.0,1.5933333333333333,230.62587539496377
39760.0,15.899581589958158,84.10041841004184,0.0,1.5933333333333333,231.1306688482481
40040.0,12.857142857142858,87.14285714285714,0.0,1.8666666666666667,231.48724460026796
40320.0,13.50210970464135,86.49789029535864,0.0,1.58,232.01145026682843
40600.0,8.597285067873303,91.4027149321267,0.0,1.4733333333333334,232.40050976188647
40880.0,12.345679012345679,87.65432098765432,0.0,1.62,232.8138357903152
41160.0,14.901960784313726,85.09803921568627,0.0,1.7,233.1797893605971
41440.0,14.338235294117647,85.66176470588235,0.0,1.8133333333333332,233.76103251653498
41720.0,15.573770491803279,84.42622950819673,0.0,1.6266666666666667,234.36054845770323
42000.0,14.583333333333334,85.41666666666667,0.0,1.6,234.80296355195188
42280.0,14.522821576763485,85.47717842323651,0.0,1.6066666666666667,235.51839888445338
42560.0,16.666666666666668,83.33333333333333,0.0,1.64,235.92249301521224
42840.0,17.46031746031746,82.53968253968254,0.0,1.68,236.42522687132475
43120.0,13.671875,86.328125,0.0,1.7066666666666668,237.0209996835643
43400.0,14.754098360655737,85.24590163934427,0.0,1.6266666666666667,237.29719333163345
43680.0,16.725978647686834,83.27402135231317,0.0,1.8733333333333333,237.89238589106697
43960.0,13.025210084033613,86.97478991596638,0.0,1.5866666666666667,238.84233657205516
44240.0,14.102564102564102,85.8974358974359,0.0,1.56,239.49800504221224
44520.0,13.229571984435797,86.7704280155642,0.0,1.7133333333333334,239.95904464113804
44800.0,18.0327868852459,81.9672131147541,0.0,1.6266666666666667,240.77326114213136
45080.0,19.29824561403509,80.70175438596492,0.0,1.52,241.73381017808484
45360.0,17.03056768558952,82.96943231441048,0.0,1.5266666666666666,242.30237564845535
45640.0,16.03053435114504,83.96946564885496,0.0,1.7466666666666666,242.58635707213818
45920.0,17.551020408163264,82.44897959183673,0.0,1.6333333333333333,243.52990696357256
46200.0,13.181818181818182,86.81818181818181,0.0,1.4666666666666666,244.28033113898405
46480.0,18.846153846153847,81.15384615384616,0.0,1.7333333333333334,245.23099045876333
46760.0,22.134387351778656,77.86561264822134,0.0,1.6866666666666668,246.07124012406055
47040.0,16.455696202531644,83.54430379746836,0.0,1.58,246.9612627957034
47320.0,15.76923076923077,84.23076923076923,0.0,1.7333333333333334,248.05675022515186
47600.0,23.387096774193548,76.61290322580645,0.0,1.6533333333333333,248.5798366972524
47880.0,19.92753623188406,80.07246376811594,0.0,1.84,249.18453881420433
48160.0,20.0,80.0,0.0,1.6,249.7146922952097
48440.0,18.560606060606062,81.43939393939394,0.0,1.76,250.3004819605342
48720.0,19.172932330827066,80.82706766917293,0.0,1.7733333333333334,251.05274616363215
49000.0,17.094017094017094,82.90598290598291,0.0,1.56,251.84637707283045
49280.0,19.727891156462587,80.27210884353741,0.0,1.96,251.93496639130572
49560.0,18.867924528301888,81.13207547169812,0.0,1.7666666666666666,252.42999199856268
49840.0,19.367588932806324,80.63241106719367,0.0,1.6866666666666668,252.89168768560586
50120.0,18.51851851851852,81.48148148148148,0.0,1.8,253.25811645772697
50400.0,18.253968253968253,81.74603174603175,0.0,1.68,253.53870637416398
50680.0,18.181818181818183,81.81818181818181,0.0,1.76,253.73739164850045
50960.0,18.218623481781375,81.78137651821862,0.0,1.6466666666666667,253.8835370308126
51240.0,19.469026548672566,80.53097345132744,0.0,1.5066666666666666,253.96060848124225
51520.0,15.596330275229358,84.40366972477064,0.0,1.4533333333333334,254.1950166927113
51800.0,22.745098039215687,77.25490196078431,0.0,1.7,254.8886840049271
52080.0,22.580645161290324,77.41935483870968,0.0,1.6533333333333333,255.53450098725241
52360.0,23.387096774193548,76.61290322580645,0.0,1.6533333333333333,255.82543886863346
52640.0,20.0,80.0,0.0,1.7,255.86878288051247
52920.0,21.21212121212121,78.78787878787878,0.0,1.76,255.9844004224775
53200.0,15.450643776824034,84.54935622317596,0.0,1.5533333333333332,256.629103491705
53480.0,19.413919413919412,80.58608058608058,0.0,1.82,257.24808694639495
53760.0,20.88888888888889,79.11111111111111,0.0,1.5,257.61014913860873
54040.0,20.24793388429752,79.75206611570248,0.0,1.6133333333333333,258.3617515774796
54320.0,26.865671641791046,73.13432835820896,0.0,1.7866666666666666,258.94472418523225
54600.0,23.134328358208954,76.86567164179104,0.0,1.7866666666666666,259.5484228087988
54880.0,19.35483870967742,80.64516129032258,0.0,1.6533333333333333,260.70643599283727
55160.0,22.97872340425532,77.02127659574468,0.0,1.5666666666666667,261.06419554003685
55440.0,21.484375,78.515625,0.0,1.7066666666666668,261.51065647475025
55720.0,20.717131474103585,79.28286852589642,0.0,1.6733333333333333,261.7569464309285
56000.0,20.577617328519857,79.42238267148015,0.0,1.8466666666666667,262.2608725415658
56280.0,23.754789272030653,76.24521072796935,0.0,1.74,262.56511581426605
56560.0,25.098039215686274,74.90196078431373,0.0,1.7,263.3476894268188
56840.0,21.90082644628099,78.09917355371901,0.0,1.6133333333333333,263.77117839945277
57120.0,30.923694779116467,69.07630522088354,0.0,1.66,264.21559077935007
57400.0,23.80952380952381,76.19047619047619,0.0,1.54,264.2420891430146
57680.0,22.058823529411764,77.94117647058823,0.0,1.8133333333333332,264.72836150788515
57960.0,20.967741935483872,79.03225806451613,0.0,1.6533333333333333,265.0333813915356
58240.0,25.691699604743082,74.30830039525692,0.0,1.6866666666666668,265.64848934131516
58520.0,21.62162162162162,78.37837837837837,0.0,1.7266666666666666,266.06758707417356
58800.0,24.045801526717558,75.95419847328245,0.0,1.7466666666666666,266.4034077435703
59080.0,21.73913043478261,78.26086956521739,0.0,1.6866666666666668,266.7049744674151
59360.0,22.56809338521401,77.43190661478599,0.0,1.7133333333333334,267.42678245095516
59640.0,21.951219512195124,78.04878048780488,0.0,1.64,267.51927644038756
59920.0,30.17543859649123,69.82456140350877,0.0,1.9,267.8361247075185
60200.0,28.063241106719367,71.93675889328063,0.0,1.6866666666666668,268.18969360148174
60480.0,23.904382470119522,76.09561752988049,0.0,1.6733333333333333,268.5475854572615
60760.0,24.242424242424242,75.75757575757575,0.0,1.54,268.7163729413523
61040.0,26.274509803921568,73.72549019607843,0.0,1.7,268.673359230455
61320.0,21.551724137931036,78.44827586206897,0.0,1.5466666666666666,268.8976754352476
61600.0,22.988505747126435,77.01149425287356,0.0,1.74,268.72866695753356
61880.0,19.140625,80.859375,0.0,1.7066666666666668,268.88289320767626
62160.0,19.02834008097166,80.97165991902834,0.0,1.6466666666666667,269.30623259214303
62440.0,26.50602409638554,73.49397590361446,0.0,1.66,269.5858443030094
62720.0,22.594142259414227,77.40585774058577,0.0,1.5933333333333333,269.8426756565179
63000.0,25.089605734767026,74.91039426523298,0.0,1.86,269.77762205273024
63280.0,26.74897119341564,73.25102880658436,0.0,1.62,270.04525507048567
63560.0,20.92050209205021,79.07949790794979,0.0,1.5933333333333333,270.1700746941778
63840.0,26.690391459074732,73.30960854092527,0.0,1.8733333333333333,270.40232548067615
64120.0,23.754789272030653,76.24521072796935,0.0,1.74,270.66491638104065
64400.0,30.739299610894943,69.26070038910505,0.0,1.7133333333333334,270.84011677360223
64680.0,26.353790613718413,73.64620938628158,0.0,1.8466666666666667,271.0570286413877
64960.0,31.272727272727273,68.72727272727273,0.0,1.8333333333333333,271.30101255222
65240.0,26.294820717131476,73.70517928286853,0.0,1.6733333333333333,271.8137886882924
65520.0,23.346303501945524,76.65369649805447,0.0,1.7133333333333334,271.98888881046275
65800.0,26.050420168067227,73.94957983193277,0.0,1.5866666666666667,272.30588850700303
66080.0,21.951219512195124,78.04878048780488,0.0,1.64,272.77261215776264
66360.0,22.22222222222222,77.77777777777777,0.0,1.86,273.1374603633341
66640.0,23.220973782771537,76.77902621722846,0.0,1.78,273.5364702989759
66920.0,30.94170403587444,69.05829596412556,0.0,1.4866666666666666,273.40940750869737
67200.0,26.106194690265486,73.89380530973452,0.0,1.5066666666666666,273.3390145669435
67480.0,22.14022140221402,77.85977859778598,0.0,1.8066666666666666,273.9125845565117
67760.0,33.45195729537367,66.54804270462634,0.0,1.8733333333333333,273.85162887990964
68040.0,27.5,72.5,0.0,1.6,274.35801132463104
68320.0,29.554655870445345,70.44534412955466,0.0,1.6466666666666667,274.5778410998478
68600.0,22.983870967741936,77.01612903225806,0.0,1.6533333333333333,274.7285902710067
68880.0,32.69230769230769,67.3076923076923,0.0,1.7333333333333334,275.1188417006579
69160.0,26.865671641791046,73.13432835820896,0.0,1.7866666666666666,275.3999041389571
69440.0,28.979591836734695,71.0204081632653,0.0,1.6333333333333333,275.7907974825124
69720.0,23.487544483985765,76.51245551601423,0.0,1.8733333333333333,276.1681522078706
70000.0,31.6793893129771,68.3206106870229,0.0,1.7466666666666666,276.1131119254191
70280.0,28.517110266159698,71.48288973384031,0.0,1.7533333333333334,276.37826371239805
70560.0,25.714285714285715,74.28571428571429,0.0,1.6333333333333333,277.0293240638949
70840.0,29.850746268656717,70.14925373134328,0.0,1.7866666666666666,276.93765395986367
71120.0,29.00763358778626,70.99236641221374,0.0,1.7466666666666666,277.3224222614848
71400.0,25.793650793650794,74.2063492063492,0.0,1.68,277.6403217303227
71680.0,24.47257383966245,75.52742616033755,0.0,1.58,277.94745413829077
71960.0,30.451127819548873,69.54887218045113,0.0,1.7733333333333334,277.98854910172486
72240.0,28.04428044280443,71.95571955719558,0.0,1.8066666666666666,278.45568745108716
72520.0,30.65134099616858,69.34865900383141,0.0,1.74,278.7820095633008
72800.0,35.62753036437247,64.37246963562752,0.0,1.6466666666666667,279.45670871090596
73080.0,36.666666666666664,63.333333333333336,0.0,1.8,279.6110230795998
73360.0,30.927835051546392,69.0721649484536,0.0,1.94,279.65731243946067
73640.0,27.98507462686567,72.01492537313433,0.0,1.7866666666666666,280.2941476246284
73920.0,23.42007434944238,76.57992565055763,0.0,1.7933333333333332,280.6111842197441
74200.0,30.418250950570343,69.58174904942966,0.0,1.7533333333333334,280.7575500968859
74480.0,23.59550561797753,76.40449438202248,0.0,1.78,280.90577080052094
74760.0,28.571428571428573,71.42857142857143,0.0,1.7266666666666666,281.10548519030493
75040.0,32.47232472324723,67.52767527675277,0.0,1.8066666666666666,281.04929251109536
75320.0,27.881040892193308,72.11895910780669,0.0,1.7933333333333332,280.954006955164
75600.0,29.182879377431906,70.8171206225681,0.0,1.7133333333333334,281.30295129962343
75880.0,28.668941979522184,71.33105802047781,0.0,1.9533333333333334,281.29811981159617
76160.0,26.337448559670783,73.66255144032922,0.0,1.62,281.0179653952709
76440.0,26.64092664092664,73.35907335907336,0.0,1.7266666666666666,280.91511150670624
76720.0,31.226765799256505,68.77323420074349,0.0,1.7933333333333332,280.95363628257275
77000.0,30.0,70.0,0.0,1.6,281.07437465044137
77280.0,30.34188034188034,69.65811965811966,0.0,1.56,281.24371935446254
77560.0,30.17241379310345,69.82758620689656,0.0,1.5466666666666666,281.2118697769982
77840.0,24.896265560165975,75.10373443983403,0.0,1.6066666666666667,280.94431364929727
78120.0,30.46875,69.53125,0.0,1.7066666666666668,280.9870298988969
78400.0,25.868725868725868,74.13127413127413,0.0,1.7266666666666666,280.6137316322299
78680.0,27.77777777777778,72.22222222222223,0.0,1.68,280.53792493411265
78960.0,25.098039215686274,74.90196078431373,0.0,1.7,280.6026964597304
79240.0,27.906976744186046,72.09302325581395,0.0,1.72,280.6842166675769
79520.0,29.770992366412212,70.22900763358778,0.0,1.7466666666666666,280.5902471086251
79800.0,28.91566265060241,71.08433734939759,0.0,1.66,280.7411531505431
80080.0,28.244274809160306,71.7557251908397,0.0,1.7466666666666666,280.88755923945945
80360.0,28.163265306122447,71.83673469387755,0.0,1.6333333333333333,281.03808706909876
80640.0,25.09505703422053,74.90494296577947,0.0,1.7533333333333334,280.8588721389065
80920.0,26.96629213483146,73.03370786516854,0.0,1.78,280.7566134483936
81200.0,29.80392156862745,70.19607843137256,0.0,1.7,280.66306580302955
81480.0,27.307692307692307,72.6923076923077,0.0,1.7333333333333334,280.4588198946468
81760.0,27.68595041322314,72.31404958677686,0.0,1.6133333333333333,280.6998659100683
82040.0,25.738396624472575,74.26160337552743,0.0,1.58,280.3315908528647
82320.0,28.125,71.875,0.0,1.7066666666666668,280.3177303961277
82600.0,23.42007434944238,76.57992565055763,0.0,1.7933333333333332,280.02574950155645
82880.0,21.54471544715447,78.45528455284553,0.0,1.64,279.85144653868525
83160.0,22.90909090909091,77.0909090909091,0.0,1.8333333333333333,279.965942625253
83440.0,32.58426966292135,67.41573033707866,0.0,1.78,279.93975608567905
83720.0,29.218106995884774,70.78189300411523,0.0,1.62,279.97539688741796
84000.0,26.337448559670783,73.66255144032922,0.0,1.62,280.1451576594388
84280.0,27.678571428571427,72.32142857142857,0.0,1.4933333333333334,279.94807603539925
84560.0,23.16176470588235,76.83823529411765,0.0,1.8133333333333332,279.72513400543676
84840.0,27.536231884057973,72.46376811594203,0.0,1.84,279.05509488018316
85120.0,23.55212355212355,76.44787644787645,0.0,1.7266666666666666,279.0642660157455
85400.0,27.705627705627705,72.2943722943723,0.0,1.54,278.86048498288056
85680.0,22.04724409448819,77.95275590551181,0.0,1.6933333333333334,278.7928706878155
85960.0,22.764227642276424,77.23577235772358,0.0,1.64,278.44241196830245
86240.0,22.641509433962263,77.35849056603773,0.0,1.7666666666666666,278.372267871141
86520.0,23.481781376518217,76.51821862348179,0.0,1.6466666666666667,278.3573232213874
86800.0,27.016129032258064,72.98387096774194,0.0,1.6533333333333333,278.6670003209032
87080.0,22.393822393822393,77.60617760617761,0.0,1.7266666666666666,278.7695179811505
87360.0,18.702290076335878,81.29770992366412,0.0,1.7466666666666666,279.2164082914651
87640.0,20.416666666666668,79.58333333333333,0.0,1.6,279.19184808396255
87920.0,19.795221843003414,80.20477815699658,0.0,1.9533333333333334,279.01827519108707
88200.0,23.77358490566038,76.22641509433963,0.0,1.7666666666666666,278.84755798539476
88480.0,20.87912087912088,79.12087912087912,0.0,1.82,279.04687431787397
88760.0,20.149253731343283,79.85074626865672,0.0,1.7866666666666666,278.9499810254785
89040.0,25.454545454545453,74.54545454545455,0.0,1.8333333333333333,279.1024437186323
89320.0,28.571428571428573,71.42857142857143,0.0,1.7733333333333334,278.9585972913491
89600.0,21.50943396226415,78.49056603773585,0.0,1.7666666666666666,278.7578101304322
89880.0,23.45679012345679,76.54320987654322,0.0,1.62,278.9636460883122
90160.0,24.481327800829874,75.51867219917013,0.0,1.6066666666666667,279.1705740011548
90440.0,25.0,75.0,0.0,1.6,279.2159960906034
90720.0,24.045801526717558,75.95419847328245,0.0,1.7466666666666666,279.6075322851378
91000.0,24.714828897338403,75.2851711026616,0.0,1.7533333333333334,279.34722199048673
91280.0,21.91235059760956,78.08764940239044,0.0,1.6733333333333333,279.24850385884844
91560.0,24.087591240875913,75.91240875912409,0.0,1.8266666666666667,279.0733800984579
91840.0,23.694779116465863,76.30522088353413,0.0,1.66,278.8418779889114
92120.0,20.350877192982455,79.64912280701755,0.0,1.9,278.8138283189259
92400.0,22.746781115879827,77.25321888412017,0.0,1.5533333333333332,279.0306669631833
92680.0,22.56809338521401,77.43190661478599,0.0,1.7133333333333334,279.1887751037141
92960.0,27.346938775510203,72.65306122448979,0.0,1.6333333333333333,279.31603315824816
93240.0,20.67669172932331,79.32330827067669,0.0,1.7733333333333334,279.446498232964
93520.0,22.56809338521401,77.43190661478599,0.0,1.7133333333333334,279.78360358782476
93800.0,24.137931034482758,75.86206896551724,0.0,1.74,279.7009629011631
94080.0,16.73469387755102,83.26530612244898,0.0,1.6333333333333333,279.69466444901116
94360.0,19.6,80.4,0.0,1.6666666666666667,279.4237851653016
94640.0,24.576271186440678,75.42372881355932,0.0,1.5733333333333333,279.7604249463529
94920.0,25.619834710743802,74.3801652892562,0.0,1.6133333333333333,279.8063226206167
95200.0,21.21212121212121,78.78787878787878,0.0,1.76,279.6315555053346
95480.0,27.85388127853881,72.14611872146119,0.0,1.46,279.36107665049843
95760.0,25.102880658436213,74.89711934156378,0.0,1.62,279.3337966642299
96040.0,27.530364372469634,72.46963562753037,0.0,1.6466666666666667,278.9141627315315
96320.0,19.183673469387756,80.81632653061224,0.0,1.6333333333333333,278.8491181880262
96600.0,24.4,75.6,0.0,1.6666666666666667,278.84371803508026
96880.0,25.37313432835821,74.6268656716418,0.0,1.7866666666666666,278.29338590164883
97160.0,21.57676348547718,78.42323651452283,0.0,1.6066666666666667,278.51022263456457
97440.0,22.463768115942027,77.53623188405797,0.0,1.84,278.4464161854918
97720.0,24.110671936758894,75.88932806324111,0.0,1.6866666666666668,278.74987989979303
98000.0,26.848249027237355,73.15175097276264,0.0,1.7133333333333334,278.8037989286615
98280.0,20.930232558139537,79.06976744186046,0.0,1.72,278.7761188902408
98560.0,26.022304832713754,73.97769516728624,0.0,1.7933333333333332,278.67164934783625
98840.0,21.84873949579832,78.15126050420169,0.0,1.5866666666666667,278.35546920645385
99120.0,23.423423423423422,76.57657657657657,0.0,1.48,278.6115593201802
99400.0,26.612903225806452,73.38709677419355,0.0,1.6533333333333333,278.6869222821399
99680.0,23.01255230125523,76.98744769874477,0.0,1.5933333333333333,278.6841926152045
99960.0,23.0188679245283,76.98113207547169,0.0,1.7666666666666666,278.67232868837635
100240.0,22.093023255813954,77.90697674418605,0.0,1.72,278.5633217185908
100520.0,17.338709677419356,82.66129032258064,0.0,1.6533333333333333,278.46776455901636
100800.0,26.25,73.75,0.0,1.6,278.5663108177813
101080.0,22.692307692307693,77.3076923076923,0.0,1.7333333333333334,278.7539123297497
101360.0,22.794117647058822,77.20588235294117,0.0,1.8133333333333332,278.853684143926
101640.0,20.737327188940093,79.26267281105991,0.0,1.4466666666666668,278.94044120231047
101920.0,28.181818181818183,71.81818181818181,0.0,1.4666666666666666,279.24958112207673
102200.0,27.19298245614035,72.80701754385964,0.0,1.52,279.42727862196256
102480.0,23.305084745762713,76.69491525423729,0.0,1.5733333333333333,279.4045404476348
102760.0,24.267782426778243,75.73221757322176,0.0,1.5933333333333333,279.54856115973115
103040.0,21.49122807017544,78.50877192982456,0.0,1.52,279.35032196434906
103320.0,19.776119402985074,80.22388059701493,0.0,1.7866666666666666,279.1731499143935
103600.0,21.296296296296298,78.70370370370371,0.0,1.44,279.63198141999817
103880.0,20.16460905349794,79.83539094650206,0.0,1.62,280.056953331538
104160.0,26.5625,73.4375,0.0,1.7066666666666668,280.0863986260335
104440.0,23.45679012345679,76.54320987654322,0.0,1.62,280.71218733366544
104720.0,21.45748987854251,78.5425101214575,0.0,1.6466666666666667,280.89664323380487
105000.0,20.833333333333332,79.16666666666667,0.0,1.76,281.2678180667835
105280.0,25.89641434262948,74.10358565737052,0.0,1.6733333333333333,281.5205842063328
105560.0,28.629032258064516,71.37096774193549,0.0,1.6533333333333333,281.53618538180166
105840.0,23.75,76.25,0.0,1.6,281.9049240392563
106120.0,26.666666666666668,73.33333333333333,0.0,1.7,282.10594212041855
106400.0,29.831932773109244,70.16806722689076,0.0,1.5866666666666667,282.39322341051394
106680.0,23.423423423423422,76.57657657657657,0.0,1.48,282.6244360325136
106960.0,23.076923076923077,76.92307692307692,0.0,1.56,282.67295343838293
107240.0,25.217391304347824,74.78260869565217,0.0,1.5333333333333334,283.0253065654862
107520.0,26.61596958174905,73.38403041825094,0.0,1.7533333333333334,282.88029883895433
107800.0,27.419354838709676,72.58064516129032,0.0,1.6533333333333333,282.765861031707
108080.0,23.735408560311285,76.26459143968872,0.0,1.7133333333333334,282.6069273603201
108360.0,21.45748987854251,78.5425101214575,0.0,1.6466666666666667,282.8663153578581
108640.0,24.267782426778243,75.73221757322176,0.0,1.5933333333333333,282.7875466817795
108920.0,22.058823529411764,77.94117647058823,0.0,1.8133333333333332,282.69392824747786
109200.0,25.09505703422053,74.90494296577947,0.0,1.7533333333333334,282.92468727592046
109480.0,24.334600760456272,75.66539923954373,0.0,1.7533333333333334,283.2331529550716
109760.0,23.333333333333332,76.66666666666667,0.0,1.6,282.8475487572364
110040.0,24.045801526717558,75.95419847328245,0.0,1.7466666666666666,283.12178426123387
110320.0,27.734375,72.265625,0.0,1.7066666666666668,282.8194964425624
110600.0,25.912408759124087,74.08759124087591,0.0,1.8266666666666667,282.8246446202445
110880.0,25.53956834532374,74.46043165467626,0.0,1.8533333333333333,282.82505067437137
111160.0,27.346938775510203,72.65306122448979,0.0,1.6333333333333333,282.9921271119011
111440.0,26.83823529411765,73.16176470588235,0.0,1.8133333333333332,283.0910334637919
111720.0,26.551724137931036,73.44827586206897,0.0,1.9333333333333333,283.0601731071272
112000.0,24.62121212121212,75.37878787878788,0.0,1.76,283.02227771084256
112280.0,24.41860465116279,75.5813953488372,0.0,1.72,282.9057856269292
112560.0,27.966101694915253,72.03389830508475,0.0,1.5733333333333333,282.7293826053008
112840.0,20.0,80.0,0.0,1.5666666666666667,282.76624935308286
113120.0,32.4,67.6,0.0,1.6666666666666667,282.5835661847658
113400.0,26.639344262295083,73.36065573770492,0.0,1.6266666666666667,282.4881484879836
113680.0,21.721311475409838,78.27868852459017,0.0,1.6266666666666667,282.295161611289
113960.0,24.206349206349206,75.7936507936508,0.0,1.68,282.51370031639345
114240.0,25.384615384615383,74.61538461538461,0.0,1.7333333333333334,282.3331416412921
114520.0,27.459016393442624,72.54098360655738,0.0,1.6266666666666667,282.1734793997828
114800.0,25.306122448979593,74.6938775510204,0.0,1.6333333333333333,282.05073946143784
115080.0,26.104417670682732,73.89558232931726,0.0,1.66,281.7737767004391
115360.0,22.608695652173914,77.3913043478261,0.0,1.5333333333333334,281.6213181747001
115640.0,24.80916030534351,75.19083969465649,0.0,1.7466666666666666,281.1926988015428
115920.0,26.373626373626372,73.62637362637362,0.0,1.82,280.9453043732229
116200.0,26.459143968871594,73.5408560311284,0.0,1.7133333333333334,280.728031063643
116480.0,20.56451612903226,79.43548387096774,0.0,1.6533333333333333,280.5602473518497
116760.0,20.384615384615383,79.61538461538461,0.0,1.7333333333333334,280.15377739635363
117040.0,22.48062015503876,77.51937984496124,0.0,1.72,280.2734750410825
117320.0,31.325301204819276,68.67469879518072,0.0,1.66,280.36210980645444
117600.0,19.10569105691057,80.89430894308943,0.0,1.64,280.36885723724737
117880.0,25.72463768115942,74.27536231884058,0.0,1.84,279.97934869817533
118160.0,22.265625,77.734375,0.0,1.7066666666666668,279.8756113502867
118440.0,26.97841726618705,73.02158273381295,0.0,1.8533333333333333,279.9481561949842
118720.0,20.0,80.0,0.0,1.8333333333333333,279.52539499050255
280.0,2.7888446215139444,97.21115537848605,0.0,1.6733333333333333,8.558274899144578
560.0,10.76923076923077,89.23076923076923,0.0,1.7333333333333334,24.046500296014496
