6666;0;0;0;0;0;0;0;0;0;0
0;11;15;15;16;18;28;24;19;5;5
0;254;63;63;104;77;79;51;9;5;5
0;6;8;8;8;8;10;10;9;5;5
0;6;7;7;7;8;10;10;9;5;5
0;6;6;6;6;6;6;6;6;5;5
0;420;110;110;179;137;151;101;26;5;5

6668;0;0;0;0;0;0;0;0;0;0
0;48;27;25;30;27;21;13;9;9;9
0;1373;559;442;708;551;434;159;9;9;9
0;17;13;13;14;13;12;10;9;9;9
0;14;12;12;13;12;11;10;9;9;9
0;47;34;34;34;34;19;10;9;9;9
0;2787;1276;1042;1524;1242;862;258;9;9;9

6671;0;0;0;0;0;0;0;0;0;0
0;0;0;0;0;0;0;0;0;0;0
0;0;0;0;0;0;0;0;0;0;0
0;0;0;0;0;0;0;0;0;0;0
0;0;0;0;0;0;0;0;0;0;0
0;0;0;0;0;0;0;0;0;0;0
0;0;0;0;0;0;0;0;0;0;0

6664;0;0;0;0;0;0;0;0;0;0
0;0;0;0;0;0;0;0;0;0;0
0;0;0;0;0;0;0;0;0;0;0
0;0;0;0;0;0;0;0;0;0;0
0;0;0;0;0;0;0;0;0;0;0
0;0;0;0;0;0;0;0;0;0;0
0;0;0;0;0;0;0;0;0;0;0

6665;0;0;0;0;0;0;0;0;0;0
0;0;0;0;0;0;0;0;0;0;0
0;0;0;0;0;0;0;0;0;0;0
0;0;0;0;0;0;0;0;0;0;0
0;0;0;0;0;0;0;0;0;0;0
0;0;0;0;0;0;0;0;0;0;0
0;0;0;0;0;0;0;0;0;0;0

6662;0;0;0;0;0;0;0;0;0;0
0;2;2;2;2;2;2;2;1;1;1
0;15;5;5;7;5;5;4;1;1;1
0;2;2;2;2;2;2;2;1;1;1
0;2;2;2;2;2;2;2;1;1;1
0;2;2;2;2;2;2;2;1;1;1
0;24;7;7;10;8;8;5;1;1;1

6663;0;0;0;0;0;0;0;0;0;0
0;2;14;14;142;145;159;155;149;2;2
0;2;5;5;24;25;28;27;25;2;2
0;2;5;5;28;29;32;31;30;2;2
0;2;5;5;28;29;32;31;30;2;2
0;2;3;3;21;21;21;21;21;2;2
0;2;20;20;253;259;279;273;265;2;2

462;0;0;0;0;0;0;0;0;0;0
0;18;9;9;11;10;9;7;5;5;5
0;570;132;132;226;163;162;99;5;5;5
0;6;5;5;6;5;5;5;5;5;5
0;5;5;5;5;5;5;5;5;5;5
0;6;7;7;7;7;7;5;5;5;5
0;952;261;261;418;314;300;166;9;9;9

458;0;0;0;0;0;0;0;0;0;0
0;25;26;26;26;27;55;29;27;22;22
0;136;37;37;59;44;46;31;9;8;8
0;12;13;13;13;13;21;13;13;12;12
0;10;10;10;10;11;15;11;11;10;10
0;51;51;51;51;51;124;51;51;51;51
0;658;496;496;532;509;1242;489;451;444;444

460;0;0;0;0;0;0;0;0;0;0
0;21;14;14;15;15;24;14;12;12;12
0;377;89;89;151;110;110;68;7;7;7
0;9;8;8;9;9;11;8;8;8;8
0;8;7;7;8;8;9;7;7;7;7
0;24;23;23;24;23;51;23;23;23;23
0;792;312;312;414;346;626;277;174;174;174

459;0;0;0;0;0;0;0;0;0;0
0;25;24;24;25;25;50;25;24;22;22
0;158;42;42;67;50;51;33;8;8;8
0;12;12;12;12;12;20;12;12;12;12
0;10;10;10;10;10;14;10;10;10;10
0;51;50;50;50;50;122;50;50;50;50
0;685;493;493;534;507;1223;481;438;435;435

461;0;0;0;0;0;0;0;0;0;0
0;21;14;14;15;14;22;13;11;11;11
0;417;98;98;166;121;121;75;7;7;7
0;9;8;8;8;8;11;8;8;8;8
0;8;7;7;7;7;9;7;7;7;7
0;22;21;21;21;21;46;21;21;21;21
0;836;305;305;419;343;587;267;153;153;153

463;0;0;0;0;0;0;0;0;0;0
0;16;8;8;10;8;8;6;3;3;3
0;534;123;123;211;152;152;92;3;3;3
0;5;4;4;5;4;4;4;3;3;3
0;4;4;4;4;4;4;4;3;3;3
0;4;6;6;6;6;5;4;3;3;3
0;888;243;243;391;293;271;151;3;3;3

854;0;0;0;0;0;0;0;0;0;0
0;6;39;39;39;51;92;80;62;3;3
0;120;37;37;57;46;55;40;16;3;3
0;4;11;11;11;14;23;20;16;3;3
0;4;11;11;11;14;23;20;16;3;3
0;4;4;4;4;4;4;4;4;3;3
0;198;98;98;130;126;186;147;89;3;3

964;0;0;0;0;0;0;0;0;0;0
0;3;2;2;2;2;2;2;1;1;1
0;72;17;17;29;21;21;13;1;1;1
0;2;2;2;2;2;2;2;1;1;1
0;2;2;2;2;2;2;2;1;1;1
0;2;2;2;2;2;2;2;1;1;1
0;119;28;28;47;34;34;21;1;1;1

2653;0;0;0;0;0;0;0;0;0;0
0;7;6;6;90;89;89;89;89;5;5
0;73;21;21;44;37;37;29;18;5;5
0;6;6;6;21;21;21;21;21;5;5
0;6;6;6;21;21;21;21;21;5;5
0;6;6;6;18;18;18;18;18;5;5
0;118;31;31;202;190;190;177;159;5;5

965;0;0;0;0;0;0;0;0;0;0
0;3;2;2;2;2;2;2;1;1;1
0;76;18;18;31;22;22;14;1;1;1
0;2;2;2;2;2;2;2;1;1;1
0;2;2;2;2;2;2;2;1;1;1
0;2;2;2;2;2;2;2;1;1;1
0;126;29;29;50;36;36;22;1;1;1

2717;0;0;0;0;0;0;0;0;0;0
0;1;1;1;75;75;75;75;75;1;1
0;1;1;1;12;12;12;12;12;1;1
0;1;1;1;15;15;15;15;15;1;1
0;1;1;1;15;15;15;15;15;1;1
0;1;1;1;12;12;12;12;12;1;1
0;1;1;1;137;137;137;137;137;1;1

855;0;0;0;0;0;0;0;0;0;0
0;7;32;32;33;41;73;64;49;3;3
0;171;47;47;75;58;65;45;14;3;3
0;4;10;10;10;12;19;17;14;3;3
0;4;10;10;10;12;19;17;14;3;3
0;4;4;4;4;4;4;4;4;3;3
0;283;106;106;153;135;182;138;71;3;3

186;0;0;0;0;0;0;0;0;0;0
0;7;7;7;7;7;15;7;7;7;7
0;2;2;2;2;2;2;2;2;2;2
0;3;3;3;3;3;5;3;3;3;3
0;2;2;2;2;2;3;2;2;2;2
0;17;17;17;17;17;42;17;17;17;17
0;152;152;152;152;152;403;152;152;152;152

185;0;0;0;0;0;0;0;0;0;0
0;11;17;17;17;19;35;24;21;11;11
0;6;7;7;7;7;9;9;8;6;6
0;7;8;8;8;9;13;10;9;7;7
0;6;8;8;8;8;11;9;9;6;6
0;21;21;21;21;21;46;21;21;21;21
0;159;168;168;168;171;437;179;174;159;159

184;0;0;0;0;0;0;0;0;0;0
0;5;62;62;62;81;144;125;98;5;5
0;5;19;19;19;23;37;32;26;5;5
0;5;18;18;18;22;36;32;26;5;5
0;5;18;18;18;22;36;32;26;5;5
0;5;8;8;8;8;7;6;6;5;5
0;5;125;125;125;152;228;182;141;5;5

6667;0;0;0;0;0;0;0;0;0;0
0;16;8;8;10;10;9;8;5;5;5
0;479;111;111;190;138;137;85;5;5;5
0;7;6;6;6;8;6;7;5;5;5
0;6;6;6;6;7;6;7;5;5;5
0;6;6;6;6;15;6;14;5;5;5
0;795;191;191;323;241;230;143;5;5;5

403;0;0;0;0;0;0;0;0;0;0
0;4;4;4;4;4;4;4;3;3;3
0;40;12;12;18;14;14;10;3;3;3
0;4;4;4;4;4;4;4;3;3;3
0;4;4;4;4;4;4;4;3;3;3
0;4;4;4;4;4;4;4;3;3;3
0;64;17;17;27;20;20;14;3;3;3

1941;0;0;0;0;0;0;0;0;0;0
0;10;17;17;18;19;22;18;15;7;7
0;107;35;35;51;41;40;27;9;7;7
0;8;10;10;10;11;11;11;9;7;7
0;8;10;10;10;11;11;11;9;7;7
0;8;14;14;14;19;11;12;8;7;7
0;173;186;186;214;200;138;52;19;7;7

3276;0;0;0;0;0;0;0;0;0;0
0;2;4;4;4;4;3;2;2;2;2
0;2;4;4;4;4;3;2;2;2;2
0;2;3;3;3;3;3;2;2;2;2
0;2;3;3;3;3;3;2;2;2;2
0;2;5;5;5;5;4;2;2;2;2
0;2;43;43;43;43;23;2;2;2;2

3281;0;0;0;0;0;0;0;0;0;0
0;0;0;0;0;0;0;0;0;0;0
0;0;0;0;0;0;0;0;0;0;0
0;0;0;0;0;0;0;0;0;0;0
0;0;0;0;0;0;0;0;0;0;0
0;0;0;0;0;0;0;0;0;0;0
0;0;0;0;0;0;0;0;0;0;0

3280;0;0;0;0;0;0;0;0;0;0
0;12;34;34;35;45;75;67;51;5;5
0;276;72;72;117;89;96;64;16;5;5
0;6;12;12;12;16;21;21;16;5;5
0;6;12;12;12;16;21;21;16;5;5
0;6;6;6;6;17;6;17;6;5;5
0;456;146;146;221;191;231;175;72;5;5

3278;0;0;0;0;0;0;0;0;0;0
0;3;7;7;7;8;5;4;3;3;3
0;3;7;7;7;7;5;4;3;3;3
0;3;5;5;5;5;4;4;3;3;3
0;3;5;5;5;5;4;4;3;3;3
0;3;9;9;9;13;6;7;3;3;3
0;3;111;111;111;114;57;6;3;3;3

649;0;0;0;0;0;0;0;0;0;0
0;1;1;1;151;151;151;151;151;1;1
0;1;1;1;23;23;23;23;23;1;1
0;1;1;1;29;29;29;29;29;1;1
0;1;1;1;29;29;29;29;29;1;1
0;1;1;1;23;23;23;23;23;1;1
0;1;1;1;275;275;275;275;275;1;1

553;0;0;0;0;0;0;0;0;0;0
0;0;0;0;0;0;0;0;0;0;0
0;0;0;0;0;0;0;0;0;0;0
0;0;0;0;0;0;0;0;0;0;0
0;0;0;0;0;0;0;0;0;0;0
0;0;0;0;0;0;0;0;0;0;0
0;0;0;0;0;0;0;0;0;0;0

554;0;0;0;0;0;0;0;0;0;0
0;0;0;0;0;0;0;0;0;0;0
0;0;0;0;0;0;0;0;0;0;0
0;0;0;0;0;0;0;0;0;0;0
0;0;0;0;0;0;0;0;0;0;0
0;0;0;0;0;0;0;0;0;0;0
0;0;0;0;0;0;0;0;0;0;0

618;0;0;0;0;0;0;0;0;0;0
0;5;27;27;27;34;59;52;41;4;4
0;17;12;12;14;14;20;17;13;4;4
0;5;9;9;9;11;17;15;13;4;4
0;5;9;9;9;11;17;15;13;4;4
0;5;5;5;5;5;5;5;5;4;4
0;26;41;41;45;53;91;78;58;4;4

595;0;0;0;0;0;0;0;0;0;0
0;11;39;39;39;48;81;71;57;10;10
0;40;23;23;28;27;34;29;21;10;10
0;11;17;17;17;19;26;24;21;10;10
0;11;17;17;17;19;26;24;21;10;10
0;11;11;11;11;11;11;11;11;10;10
0;60;63;63;71;79;127;108;79;10;10

3286;0;0;0;0;0;0;0;0;0;0
0;7;143;143;143;188;346;300;233;7;7
0;7;37;37;37;47;82;72;57;7;7
0;7;37;37;37;47;82;72;57;7;7
0;7;37;37;37;47;82;72;57;7;7
0;7;8;8;8;8;8;8;8;7;7
0;7;206;206;206;272;504;438;339;7;7

596;0;0;0;0;0;0;0;0;0;0
0;34;19;18;21;19;16;11;8;8;8
0;967;347;288;468;358;298;129;8;8;8
0;13;11;10;11;11;10;9;8;8;8
0;11;10;10;10;10;9;9;8;8;8
0;28;21;21;21;21;13;9;8;8;8
0;1865;752;633;952;759;565;209;8;8;8

558;0;0;0;0;0;0;0;0;0;0
0;7;24;24;24;29;48;43;35;7;7
0;7;11;11;11;12;17;15;14;7;7
0;7;11;11;11;12;17;15;14;7;7
0;7;11;11;11;12;17;15;14;7;7
0;7;8;8;8;8;8;8;8;7;7
0;7;32;32;32;40;68;60;48;7;7

560;0;0;0;0;0;0;0;0;0;0
0;0;0;0;0;0;0;0;0;0;0
0;0;0;0;0;0;0;0;0;0;0
0;0;0;0;0;0;0;0;0;0;0
0;0;0;0;0;0;0;0;0;0;0
0;0;0;0;0;0;0;0;0;0;0
0;0;0;0;0;0;0;0;0;0;0

559;0;0;0;0;0;0;0;0;0;0
0;0;0;0;0;0;0;0;0;0;0
0;0;0;0;0;0;0;0;0;0;0
0;0;0;0;0;0;0;0;0;0;0
0;0;0;0;0;0;0;0;0;0;0
0;0;0;0;0;0;0;0;0;0;0
0;0;0;0;0;0;0;0;0;0;0

646;0;0;0;0;0;0;0;0;0;0
0;7;36;36;36;46;80;70;56;7;7
0;7;14;14;14;16;23;21;18;7;7
0;7;14;14;14;16;23;21;18;7;7
0;7;14;14;14;16;23;21;18;7;7
0;7;8;8;8;8;8;8;8;7;7
0;7;50;50;50;64;113;99;78;7;7

557;0;0;0;0;0;0;0;0;0;0
0;0;0;0;0;0;0;0;0;0;0
0;0;0;0;0;0;0;0;0;0;0
0;0;0;0;0;0;0;0;0;0;0
0;0;0;0;0;0;0;0;0;0;0
0;0;0;0;0;0;0;0;0;0;0
0;0;0;0;0;0;0;0;0;0;0

3287;0;0;0;0;0;0;0;0;0;0
0;7;159;159;159;210;387;336;261;7;7
0;7;41;41;41;52;91;80;63;7;7
0;7;41;41;41;52;91;80;63;7;7
0;7;41;41;41;52;91;80;63;7;7
0;7;8;8;8;8;9;8;8;7;7
0;7;230;230;230;305;565;491;379;7;7

623;0;0;0;0;0;0;0;0;0;0
0;6;12;12;12;14;22;20;16;4;4
0;58;18;18;27;21;23;17;7;4;4
0;5;6;6;6;7;8;8;7;4;4
0;5;6;6;6;7;8;8;7;4;4
0;5;5;5;5;5;5;5;5;4;4
0;94;35;35;49;43;55;41;21;4;4

617;0;0;0;0;0;0;0;0;0;0
0;2;2;2;2;2;2;2;1;1;1
0;5;2;2;3;2;2;2;1;1;1
0;2;2;2;2;2;2;2;1;1;1
0;2;2;2;2;2;2;2;1;1;1
0;2;2;2;2;2;2;2;1;1;1
0;7;3;3;4;3;3;2;1;1;1

592;0;0;0;0;0;0;0;0;0;0
0;1;1;1;134;134;134;134;134;1;1
0;1;1;1;21;21;21;21;21;1;1
0;1;1;1;26;26;26;26;26;1;1
0;1;1;1;26;26;26;26;26;1;1
0;1;1;1;21;21;21;21;21;1;1
0;1;1;1;244;244;244;244;244;1;1

619;0;0;0;0;0;0;0;0;0;0
0;3;10;10;53;55;62;60;57;3;3
0;3;5;5;11;12;13;13;12;3;3
0;3;5;5;13;13;15;14;14;3;3
0;3;5;5;13;13;15;14;14;3;3
0;3;4;4;10;10;10;10;10;3;3
0;3;13;13;91;94;105;102;97;3;3

621;0;0;0;0;0;0;0;0;0;0
0;3;15;15;47;51;64;60;55;3;3
0;3;6;6;11;12;14;14;12;3;3
0;3;6;6;12;13;16;15;14;3;3
0;3;6;6;12;13;16;15;14;3;3
0;3;4;4;8;8;8;8;8;3;3
0;3;20;20;80;85;104;99;90;3;3

622;0;0;0;0;0;0;0;0;0;0
0;6;31;31;32;40;71;62;49;4;4
0;53;21;21;29;26;33;25;14;4;4
0;5;10;10;10;12;19;17;14;4;4
0;5;10;10;10;12;19;17;14;4;4
0;5;5;5;5;5;5;5;5;4;4
0;86;62;62;75;79;125;103;70;4;4

531;0;0;0;0;0;0;0;0;0;0
0;2;31;31;31;40;73;64;50;2;2
0;2;9;9;9;11;18;16;13;2;2
0;2;9;9;9;11;18;16;13;2;2
0;2;9;9;9;11;18;16;13;2;2
0;2;3;3;3;3;3;3;3;2;2
0;2;44;44;44;58;106;92;72;2;2

539;0;0;0;0;0;0;0;0;0;0
0;4;2;2;3;2;2;2;1;1;1
0;129;30;30;51;37;37;23;1;1;1
0;2;2;2;2;2;2;2;1;1;1
0;2;2;2;2;2;2;2;1;1;1
0;2;2;2;2;2;2;2;1;1;1
0;214;49;49;84;61;61;37;1;1;1

533;0;0;0;0;0;0;0;0;0;0
0;5;30;30;30;38;66;58;46;5;5
0;5;11;11;11;13;19;17;14;5;5
0;5;11;11;11;13;19;17;14;5;5
0;5;11;11;11;13;19;17;14;5;5
0;5;6;6;6;6;6;6;6;5;5
0;5;41;41;41;53;94;83;65;5;5

532;0;0;0;0;0;0;0;0;0;0
0;5;43;43;43;55;99;86;68;5;5
0;5;14;14;14;16;26;23;19;5;5
0;5;14;14;14;16;26;23;19;5;5
0;5;14;14;14;16;26;23;19;5;5
0;5;6;6;6;6;6;6;6;5;5
0;5;60;60;60;78;142;124;97;5;5

547;0;0;0;0;0;0;0;0;0;0
0;19;9;9;11;10;9;8;5;5;5
0;583;134;134;230;166;166;102;5;5;5
0;7;6;6;6;6;6;6;5;5;5
0;6;6;6;6;6;6;6;5;5;5
0;6;6;6;7;6;6;6;5;5;5
0;968;233;233;393;286;279;166;5;5;5

534;0;0;0;0;0;0;0;0;0;0
0;9;6;6;7;6;9;6;5;5;5
0;158;38;38;64;47;47;29;4;4;4
0;4;4;4;4;4;5;4;4;4;4
0;4;4;4;4;4;4;4;4;4;4
0;9;9;9;9;9;17;9;8;8;8
0;311;110;110;153;125;208;96;53;53;53

541;0;0;0;0;0;0;0;0;0;0
0;6;3;3;3;3;3;2;1;1;1
0;202;46;46;79;57;57;35;1;1;1
0;2;2;2;2;2;2;2;1;1;1
0;2;2;2;2;2;2;2;1;1;1
0;2;2;2;2;2;2;2;1;1;1
0;335;76;76;131;94;94;57;1;1;1

535;0;0;0;0;0;0;0;0;0;0
0;10;6;6;7;6;9;6;5;5;5
0;214;50;50;86;62;62;39;4;4;4
0;5;4;4;4;4;5;4;4;4;4
0;4;4;4;4;4;4;4;4;4;4
0;8;8;8;8;8;15;8;8;8;8
0;397;124;124;183;144;214;104;46;46;46

540;0;0;0;0;0;0;0;0;0;0
0;4;2;2;3;2;2;2;1;1;1
0;119;28;28;47;34;34;21;1;1;1
0;2;2;2;2;2;2;2;1;1;1
0;2;2;2;2;2;2;2;1;1;1
0;2;2;2;2;2;2;2;1;1;1
0;198;45;45;78;56;56;34;1;1;1

538;0;0;0;0;0;0;0;0;0;0
0;7;3;3;4;3;3;2;1;1;1
0;231;53;53;91;65;65;40;1;1;1
0;2;2;2;2;2;2;2;1;1;1
0;2;2;2;2;2;2;2;1;1;1
0;2;2;2;2;2;2;2;1;1;1
0;385;87;87;151;108;108;65;1;1;1

549;0;0;0;0;0;0;0;0;0;0
0;1;1;1;94;94;94;94;94;1;1
0;1;1;1;15;15;15;15;15;1;1
0;1;1;1;18;18;18;18;18;1;1
0;1;1;1;18;18;18;18;18;1;1
0;1;1;1;15;15;15;15;15;1;1
0;1;1;1;171;171;171;171;171;1;1

544;0;0;0;0;0;0;0;0;0;0
0;11;7;7;8;7;7;6;5;5;5
0;264;63;63;106;78;77;49;5;5;5
0;6;6;6;6;6;6;6;5;5;5
0;6;6;6;6;6;6;6;5;5;5
0;6;6;6;6;6;6;6;5;5;5
0;437;107;107;179;131;128;77;5;5;5

548;0;0;0;0;0;0;0;0;0;0
0;3;3;3;67;67;67;67;67;2;2
0;15;5;5;17;15;15;14;12;2;2
0;3;3;3;14;14;14;14;14;2;2
0;3;3;3;14;14;14;14;14;2;2
0;3;3;3;12;12;12;12;12;2;2
0;23;7;7;128;126;126;124;120;2;2

545;0;0;0;0;0;0;0;0;0;0
0;9;6;6;7;6;6;6;5;5;5
0;138;35;35;57;42;42;28;5;5;5
0;6;6;6;6;6;6;6;5;5;5
0;6;6;6;6;6;6;6;5;5;5
0;6;6;6;6;6;6;6;5;5;5
0;227;55;55;92;67;67;42;5;5;5

546;0;0;0;0;0;0;0;0;0;0
0;15;8;8;9;8;8;7;5;5;5
0;438;102;102;174;126;126;78;5;5;5
0;7;6;6;6;6;6;6;5;5;5
0;6;6;6;6;6;6;6;5;5;5
0;6;6;6;6;6;6;6;5;5;5
0;726;167;167;287;207;207;126;5;5;5

1728;0;0;0;0;0;0;0;0;0;0
0;13;12;12;12;12;24;12;12;12;12
0;82;22;22;35;26;27;18;5;5;5
0;7;7;7;7;7;10;7;7;7;7
0;6;6;6;6;6;7;6;6;6;6
0;26;26;26;26;26;61;26;26;26;26
0;345;245;245;266;252;605;238;216;216;216

1729;0;0;0;0;0;0;0;0;0;0
0;17;10;10;12;11;12;8;6;6;6
0;486;113;113;193;140;140;86;6;6;6
0;7;6;6;7;7;7;6;6;6;6
0;6;6;6;6;6;6;6;6;6;6
0;9;10;10;10;10;14;9;8;8;8
0;835;246;246;379;290;322;168;34;34;34

1727;0;0;0;0;0;0;0;0;0;0
0;14;12;12;13;12;24;12;12;12;12
0;128;32;32;53;39;39;25;5;5;5
0;7;7;7;7;7;10;7;7;7;7
0;6;6;6;6;6;7;6;6;6;6
0;26;26;26;26;26;61;26;25;25;25
0;420;260;260;294;271;621;249;214;214;214

1299;0;0;0;0;0;0;0;0;0;0
0;7;4;4;5;4;4;4;3;3;3
0;155;37;37;62;45;45;29;3;3;3
0;4;4;4;4;4;4;4;3;3;3
0;4;4;4;4;4;4;4;3;3;3
0;4;4;4;4;4;4;4;3;3;3
0;255;59;59;101;73;73;45;3;3;3

1731;0;0;0;0;0;0;0;0;0;0
0;24;12;12;15;13;12;9;6;6;6
0;792;182;182;313;226;225;137;6;6;6
0;9;7;7;8;8;7;7;6;6;6
0;8;7;7;7;7;7;7;6;6;6
0;8;9;9;9;9;8;7;6;6;6
0;1316;335;335;554;408;389;225;6;6;6

1732;0;0;0;0;0;0;0;0;0;0
0;25;12;12;15;13;13;10;6;6;6
0;835;192;192;330;238;237;145;6;6;6
0;9;8;8;8;8;7;7;6;6;6
0;8;7;7;7;7;7;7;6;6;6
0;8;9;9;9;9;8;7;6;6;6
0;1387;360;360;590;437;413;237;6;6;6

1730;0;0;0;0;0;0;0;0;0;0
0;16;10;10;11;10;11;8;6;6;6
0;442;103;103;176;128;127;78;6;6;6
0;7;6;6;7;6;7;6;6;6;6
0;6;6;6;6;6;6;6;6;6;6
0;9;10;10;10;10;14;8;8;8;8
0;761;222;222;344;263;294;154;33;33;33

2787;0;0;0;0;0;0;0;0;0;0
0;0;0;0;0;0;0;0;0;0;0
0;0;0;0;0;0;0;0;0;0;0
0;0;0;0;0;0;0;0;0;0;0
0;0;0;0;0;0;0;0;0;0;0
0;0;0;0;0;0;0;0;0;0;0
0;0;0;0;0;0;0;0;0;0;0

3413;0;0;0;0;0;0;0;0;0;0
0;5;121;121;121;159;293;255;197;5;5
0;5;31;31;31;39;69;60;48;5;5
0;5;31;31;31;39;69;60;48;5;5
0;5;31;31;31;39;69;60;48;5;5
0;5;6;6;6;6;6;6;6;5;5
0;5;174;174;174;231;428;372;287;5;5

2647;0;0;0;0;0;0;0;0;0;0
0;14;166;166;166;216;392;342;266;14;14
0;14;48;48;48;59;98;87;70;14;14
0;14;48;48;48;59;98;87;70;14;14
0;14;48;48;48;59;98;87;70;14;14
0;14;15;15;15;15;16;15;15;14;14
0;14;237;237;237;311;570;496;385;14;14

2654;0;0;0;0;0;0;0;0;0;0
0;2;3;3;96;96;97;97;96;2;2
0;2;3;3;16;16;17;16;16;2;2
0;2;3;3;20;20;20;20;20;2;2
0;2;3;3;20;20;20;20;20;2;2
0;2;3;3;16;16;16;16;16;2;2
0;2;4;4;173;174;175;175;174;2;2

127;0;0;0;0;0;0;0;0;0;0
0;19;261;261;261;341;623;542;422;19;19
0;19;73;73;73;90;152;135;108;19;19
0;19;73;73;73;90;152;135;108;19;19
0;19;73;73;73;90;152;135;108;19;19
0;19;20;20;20;20;21;21;21;19;19
0;19;374;374;374;492;905;787;610;19;19

2135;0;0;0;0;0;0;0;0;0;0
0;6;3;3;3;3;3;2;1;1;1
0;214;49;49;84;60;60;37;1;1;1
0;2;2;2;2;2;2;2;1;1;1
0;2;2;2;2;2;2;2;1;1;1
0;2;2;2;2;2;2;2;1;1;1
0;355;80;80;139;100;100;60;1;1;1

963;0;0;0;0;0;0;0;0;0;0
0;2;19;19;134;140;159;154;145;2;2
0;2;6;6;23;24;29;27;26;2;2
0;2;6;6;27;29;33;32;30;2;2
0;2;6;6;27;29;33;32;30;2;2
0;2;3;3;19;19;19;19;19;2;2
0;2;27;27;238;246;275;267;255;2;2

1995;0;0;0;0;0;0;0;0;0;0
0;14;45;45;46;58;103;89;68;4;4
0;439;109;109;182;136;146;95;18;4;4
0;6;13;13;13;16;26;23;18;4;4
0;5;13;13;13;16;26;23;18;4;4
0;5;5;5;5;5;5;5;5;4;4
0;728;221;221;342;280;346;246;98;4;4

1519;0;0;0;0;0;0;0;0;0;0
0;9;5;5;5;5;5;4;3;3;3
0;227;53;53;90;66;66;41;3;3;3
0;4;4;4;4;4;4;4;3;3;3
0;4;4;4;4;4;4;4;3;3;3
0;4;4;4;4;4;4;4;3;3;3
0;376;86;86;148;107;107;66;3;3;3

1523;0;0;0;0;0;0;0;0;0;0
0;13;80;80;81;103;185;161;126;9;9
0;179;63;63;91;77;95;71;35;9;9
0;10;25;25;25;30;48;43;35;9;9
0;10;25;25;25;30;48;43;35;9;9
0;10;10;10;10;10;10;10;10;9;9
0;292;175;175;222;225;344;278;180;9;9

1228;0;0;0;0;0;0;0;0;0;0
0;1;2;2;2;2;2;1;1;1;1
0;1;2;2;2;2;2;1;1;1;1
0;1;2;2;2;2;2;1;1;1;1
0;1;2;2;2;2;2;1;1;1;1
0;1;2;2;2;2;2;1;1;1;1
0;1;14;14;14;14;8;1;1;1;1

868;0;0;0;0;0;0;0;0;0;0
0;12;55;55;56;71;125;109;85;7;7
0;217;64;64;99;79;91;65;25;7;7
0;8;18;18;18;21;33;30;25;7;7
0;8;18;18;18;21;33;30;25;7;7
0;8;8;8;8;8;8;8;8;7;7
0;356;153;153;211;195;275;214;121;7;7

956;0;0;0;0;0;0;0;0;0;0
0;14;18;18;19;22;32;28;23;8;8
0;232;60;60;97;73;76;50;12;8;8
0;9;11;11;11;11;14;13;12;8;8
0;9;11;11;11;11;13;13;12;8;8
0;9;9;9;9;9;9;9;9;8;8
0;381;104;104;166;129;144;99;30;8;8

3010;0;0;0;0;0;0;0;0;0;0
0;2;2;2;2;2;4;2;2;2;2
0;2;2;2;2;2;2;2;2;2;2
0;2;2;2;2;2;2;2;2;2;2
0;2;2;2;2;2;2;2;2;2;2
0;4;4;4;4;4;9;4;4;4;4
0;30;30;30;30;30;79;30;30;30;30

1849;0;0;0;0;0;0;0;0;0;0
0;0;0;0;0;0;0;0;0;0;0
0;0;0;0;0;0;0;0;0;0;0
0;0;0;0;0;0;0;0;0;0;0
0;0;0;0;0;0;0;0;0;0;0
0;0;0;0;0;0;0;0;0;0;0
0;0;0;0;0;0;0;0;0;0;0

1846;0;0;0;0;0;0;0;0;0;0
0;0;0;0;0;0;0;0;0;0;0
0;0;0;0;0;0;0;0;0;0;0
0;0;0;0;0;0;0;0;0;0;0
0;0;0;0;0;0;0;0;0;0;0
0;0;0;0;0;0;0;0;0;0;0
0;0;0;0;0;0;0;0;0;0;0

1930;0;0;0;0;0;0;0;0;0;0
0;28;18;18;21;22;23;21;14;8;8
0;863;201;201;343;249;248;154;10;8;8
0;11;10;10;11;13;11;13;10;8;8
0;10;10;10;10;13;11;13;10;8;8
0;10;11;11;11;25;10;23;9;8;8
0;1433;376;376;613;465;439;266;17;8;8

442;0;0;0;0;0;0;0;0;0;0
0;7;33;33;34;43;75;66;51;4;4
0;129;38;38;59;47;55;39;15;4;4
0;5;11;11;11;13;20;18;15;4;4
0;5;11;11;11;13;20;18;15;4;4
0;5;5;5;5;5;5;5;5;4;4
0;212;92;92;127;117;165;128;73;4;4

1853;0;0;0;0;0;0;0;0;0;0
0;2;12;12;139;142;153;150;145;2;2
0;2;5;5;23;24;26;26;25;2;2
0;2;5;5;28;29;31;30;29;2;2
0;2;5;5;28;29;31;30;29;2;2
0;2;3;3;21;21;21;21;21;2;2
0;2;16;16;249;254;270;265;258;2;2

454;0;0;0;0;0;0;0;0;0;0
0;29;61;61;63;75;125;105;83;15;15
0;529;182;160;254;198;187;104;27;13;13
0;16;23;23;24;26;38;33;28;13;13
0;14;23;23;23;26;36;32;28;13;13
0;29;27;27;27;27;38;22;21;21;21
0;1052;508;465;627;546;683;348;199;100;100

111;0;0;0;0;0;0;0;0;0;0
0;9;15;15;16;18;28;25;20;6;6
0;137;37;37;59;45;47;32;10;6;6
0;7;8;8;8;9;11;11;10;6;6
0;7;8;8;8;9;11;10;10;6;6
0;7;7;7;7;7;7;7;7;6;6
0;224;67;67;103;83;97;69;27;6;6

1303;0;0;0;0;0;0;0;0;0;0
0;0;0;0;0;0;0;0;0;0;0
0;0;0;0;0;0;0;0;0;0;0
0;0;0;0;0;0;0;0;0;0;0
0;0;0;0;0;0;0;0;0;0;0
0;0;0;0;0;0;0;0;0;0;0
0;0;0;0;0;0;0;0;0;0;0

1124;0;0;0;0;0;0;0;0;0;0
0;0;0;0;0;0;0;0;0;0;0
0;0;0;0;0;0;0;0;0;0;0
0;0;0;0;0;0;0;0;0;0;0
0;0;0;0;0;0;0;0;0;0;0
0;0;0;0;0;0;0;0;0;0;0
0;0;0;0;0;0;0;0;0;0;0

1673;0;0;0;0;0;0;0;0;0;0
0;5;2;2;3;2;2;2;1;1;1
0;151;35;35;59;43;43;26;1;1;1
0;2;2;2;2;2;2;2;1;1;1
0;2;2;2;2;2;2;2;1;1;1
0;2;2;2;2;2;2;2;1;1;1
0;250;57;57;98;70;70;43;1;1;1

1918;0;0;0;0;0;0;0;0;0;0
0;1;2;2;2;2;2;1;1;1;1
0;1;2;2;2;2;2;1;1;1;1
0;1;2;2;2;2;2;1;1;1;1
0;1;2;2;2;2;2;1;1;1;1
0;1;2;2;2;2;2;1;1;1;1
0;1;3;3;3;3;2;1;1;1;1

2097;0;0;0;0;0;0;0;0;0;0
0;3;14;14;14;18;30;27;21;3;3
0;3;6;6;6;7;9;9;7;3;3
0;3;6;6;6;7;9;9;7;3;3
0;3;6;6;6;7;9;9;7;3;3
0;3;4;4;4;4;4;4;4;3;3
0;3;19;19;19;24;43;38;30;3;3

1981;0;0;0;0;0;0;0;0;0;0
0;0;0;0;0;0;0;0;0;0;0
0;0;0;0;0;0;0;0;0;0;0
0;0;0;0;0;0;0;0;0;0;0
0;0;0;0;0;0;0;0;0;0;0
0;0;0;0;0;0;0;0;0;0;0
0;0;0;0;0;0;0;0;0;0;0

1513;0;0;0;0;0;0;0;0;0;0
0;35;109;109;113;141;245;213;162;11;11
0;1021;257;257;426;321;343;224;45;11;11
0;15;33;33;33;41;62;57;45;11;11
0;13;32;32;33;41;62;57;45;11;11
0;13;15;15;15;25;14;22;12;11;11
0;1695;567;567;848;711;836;586;233;11;11

1939;0;0;0;0;0;0;0;0;0;0
0;14;56;56;57;73;122;107;82;8;8
0;263;77;77;119;95;105;73;25;8;8
0;9;19;19;19;24;33;32;25;8;8
0;9;19;19;19;24;33;32;25;8;8
0;9;12;12;12;23;11;19;9;8;8
0;433;237;237;308;289;324;227;117;8;8

1511;0;0;0;0;0;0;0;0;0;0
0;44;153;153;158;200;352;305;234;14;14
0;1317;333;333;550;416;449;295;63;14;14
0;19;45;45;45;56;88;80;63;14;14
0;17;44;44;44;56;88;79;63;14;14
0;17;16;16;17;27;16;26;15;14;14
0;2185;709;709;1070;900;1109;801;336;14;14

444;0;0;0;0;0;0;0;0;0;0
0;2;39;39;39;51;93;81;63;2;2
0;2;10;10;10;13;22;20;16;2;2
0;2;10;10;10;13;22;20;16;2;2
0;2;10;10;10;13;22;20;16;2;2
0;2;3;3;3;3;3;3;3;2;2
0;2;55;55;55;73;135;117;91;2;2

3409;0;0;0;0;0;0;0;0;0;0
0;5;68;68;68;88;158;137;107;5;5
0;5;20;20;20;25;40;35;28;5;5
0;5;19;19;19;24;39;35;28;5;5
0;5;19;19;19;24;39;35;28;5;5
0;5;8;8;8;8;7;6;6;5;5
0;5;137;137;137;167;250;199;154;5;5

1979;0;0;0;0;0;0;0;0;0;0
0;12;50;50;50;63;110;96;76;9;9
0;138;47;47;68;57;67;50;24;9;9
0;10;18;18;18;21;32;29;24;9;9
0;10;18;18;18;21;31;29;24;9;9
0;10;10;10;10;10;10;10;10;9;9
0;224;115;115;151;147;215;172;107;9;9

1231;0;0;0;0;0;0;0;0;0;0
0;0;0;0;0;0;0;0;0;0;0
0;0;0;0;0;0;0;0;0;0;0
0;0;0;0;0;0;0;0;0;0;0
0;0;0;0;0;0;0;0;0;0;0
0;0;0;0;0;0;0;0;0;0;0
0;0;0;0;0;0;0;0;0;0;0

5053;0;0;0;0;0;0;0;0;0;0
0;7;53;53;53;68;121;106;83;7;7
0;7;17;17;17;21;32;29;24;7;7
0;7;17;17;17;21;32;29;24;7;7
0;7;17;17;17;21;32;29;24;7;7
0;7;8;8;8;8;8;8;8;7;7
0;7;74;74;74;96;174;152;118;7;7

802;0;0;0;0;0;0;0;0;0;0
0;13;140;140;140;183;334;290;225;9;9
0;150;69;69;93;86;120;95;57;9;9
0;10;38;38;38;48;81;71;57;9;9
0;10;38;38;38;48;81;71;57;9;9
0;10;10;10;10;10;10;10;10;9;9
0;243;251;251;290;328;549;460;326;9;9

648;0;0;0;0;0;0;0;0;0;0
0;17;77;77;77;98;169;148;118;15;15
0;79;43;43;54;51;67;55;38;15;15
0;16;29;29;29;34;49;45;38;15;15
0;16;29;29;29;34;49;45;38;15;15
0;16;16;16;16;16;16;16;16;15;15
0;122;129;129;147;165;270;228;165;15;15

3173;0;0;0;0;0;0;0;0;0;0
0;0;0;0;0;0;0;0;0;0;0
0;0;0;0;0;0;0;0;0;0;0
0;0;0;0;0;0;0;0;0;0;0
0;0;0;0;0;0;0;0;0;0;0
0;0;0;0;0;0;0;0;0;0;0
0;0;0;0;0;0;0;0;0;0;0

2624;0;0;0;0;0;0;0;0;0;0
0;0;0;0;0;0;0;0;0;0;0
0;0;0;0;0;0;0;0;0;0;0
0;0;0;0;0;0;0;0;0;0;0
0;0;0;0;0;0;0;0;0;0;0
0;0;0;0;0;0;0;0;0;0;0
0;0;0;0;0;0;0;0;0;0;0

645;0;0;0;0;0;0;0;0;0;0
0;36;20;19;23;20;16;11;8;8;8
0;1012;379;309;500;384;314;129;8;8;8
0;13;11;11;11;11;10;9;8;8;8
0;12;10;10;10;10;9;9;8;8;8
0;31;23;23;23;23;14;9;8;8;8
0;1983;836;696;1037;833;606;209;8;8;8

954;0;0;0;0;0;0;0;0;0;0
0;17;8;8;10;10;9;9;5;5;5
0;508;118;118;201;146;145;90;5;5;5
0;7;6;6;6;8;6;7;5;5;5
0;6;6;6;6;8;6;7;5;5;5
0;6;6;6;6;15;6;15;5;5;5
0;843;205;205;344;257;245;151;5;5;5

1620;0;0;0;0;0;0;0;0;0;0
0;12;101;101;101;131;237;206;161;9;9
0;107;51;51;67;63;87;69;43;9;9
0;10;30;30;30;36;60;53;43;9;9
0;10;30;30;30;36;59;53;43;9;9
0;10;10;10;10;10;10;10;10;9;9
0;172;179;179;206;232;388;325;232;9;9

1707;0;0;0;0;0;0;0;0;0;0
0;8;4;4;5;4;5;4;3;3;3
0;214;49;49;85;61;61;38;3;3;3
0;3;3;3;3;3;3;3;3;3;3
0;3;3;3;3;3;3;3;3;3;3
0;4;3;3;3;3;5;3;3;3;3
0;362;88;88;147;108;120;69;10;10;10

1925;0;0;0;0;0;0;0;0;0;0
0;3;2;2;2;2;2;2;1;1;1
0;64;15;15;26;19;19;12;1;1;1
0;2;2;2;2;2;2;2;1;1;1
0;2;2;2;2;2;2;2;1;1;1
0;2;2;2;2;2;2;2;1;1;1
0;105;25;25;42;30;30;19;1;1;1

1933;0;0;0;0;0;0;0;0;0;0
0;17;88;88;89;113;199;173;134;9;9
0;352;104;104;161;129;147;102;37;9;9
0;11;27;27;27;32;51;45;37;9;9
0;10;27;27;27;32;51;45;37;9;9
0;10;13;13;13;13;12;10;10;9;9
0;581;308;308;403;376;473;342;192;9;9

449;0;0;0;0;0;0;0;0;0;0
0;6;3;3;4;4;4;3;2;2;2
0;171;40;40;68;49;49;31;2;2;2
0;3;3;3;3;3;3;3;2;2;2
0;3;3;3;3;3;3;3;2;2;2
0;3;3;3;3;3;3;3;2;2;2
0;283;66;66;113;81;81;49;2;2;2

108;0;0;0;0;0;0;0;0;0;0
0;0;0;0;0;0;0;0;0;0;0
0;0;0;0;0;0;0;0;0;0;0
0;0;0;0;0;0;0;0;0;0;0
0;0;0;0;0;0;0;0;0;0;0
0;0;0;0;0;0;0;0;0;0;0
0;0;0;0;0;0;0;0;0;0;0

1524;0;0;0;0;0;0;0;0;0;0
0;37;165;165;169;215;382;332;256;15;15
0;978;262;262;422;326;362;245;68;15;15
0;19;48;48;49;60;96;86;68;15;15
0;17;48;48;48;60;95;86;68;15;15
0;17;17;17;18;23;18;22;16;15;15
0;1619;607;607;874;770;1002;745;368;15;15

1223;0;0;0;0;0;0;0;0;0;0
0;7;21;21;21;26;42;37;30;7;7
0;7;10;10;10;11;15;14;12;7;7
0;7;10;10;10;11;15;14;12;7;7
0;7;10;10;10;11;15;14;12;7;7
0;7;8;8;8;8;8;8;8;7;7
0;7;28;28;28;34;58;51;41;7;7

1845;0;0;0;0;0;0;0;0;0;0
0;5;18;18;18;22;37;33;27;5;5
0;5;8;8;8;9;12;12;10;5;5
0;5;8;8;8;9;12;12;10;5;5
0;5;8;8;8;9;12;12;10;5;5
0;5;6;6;6;6;6;6;6;5;5
0;5;24;24;24;30;52;46;37;5;5

447;0;0;0;0;0;0;0;0;0;0
0;2;30;30;30;39;71;62;48;2;2
0;2;9;9;9;11;18;16;13;2;2
0;2;9;9;9;11;18;16;13;2;2
0;2;9;9;9;11;18;16;13;2;2
0;2;3;3;3;3;3;3;3;2;2
0;2;43;43;43;56;104;90;70;2;2

1745;0;0;0;0;0;0;0;0;0;0
0;4;9;9;9;10;15;14;12;4;4
0;4;5;5;5;6;7;7;6;4;4
0;4;5;5;5;6;7;7;6;4;4
0;4;5;5;5;6;7;7;6;4;4
0;4;5;5;5;5;5;5;5;4;4
0;4;11;11;11;13;20;18;15;4;4

1934;0;0;0;0;0;0;0;0;0;0
0;30;135;135;138;176;312;270;208;11;11
0;806;216;216;348;269;298;201;55;11;11
0;14;39;39;39;48;77;69;55;11;11
0;13;38;38;38;48;77;69;55;11;11
0;13;15;15;15;20;14;17;12;11;11
0;1336;530;530;751;665;838;610;300;11;11

2150;0;0;0;0;0;0;0;0;0;0
0;4;3;3;4;3;3;3;2;2;2
0;63;16;16;27;20;20;13;2;2;2
0;3;3;3;3;3;3;3;2;2;2
0;3;3;3;3;3;3;3;2;2;2
0;3;3;3;3;3;3;3;2;2;2
0;103;42;42;59;48;39;19;2;2;2

1535;0;0;0;0;0;0;0;0;0;0
0;1;1;1;41;41;41;41;41;1;1
0;1;1;1;7;7;7;7;7;1;1
0;1;1;1;9;9;9;9;9;1;1
0;1;1;1;9;9;9;9;9;1;1
0;1;1;1;7;7;7;7;7;1;1
0;1;1;1;75;75;75;75;75;1;1

1509;0;0;0;0;0;0;0;0;0;0
0;12;40;40;41;51;89;77;60;5;5
0;288;75;75;123;94;102;68;17;5;5
0;6;13;13;13;15;24;21;17;5;5
0;6;13;13;13;15;24;21;17;5;5
0;6;6;6;6;6;6;6;6;5;5
0;476;163;163;241;205;258;187;85;5;5

2096;0;0;0;0;0;0;0;0;0;0
0;6;3;3;4;4;4;3;2;2;2
0;163;38;38;65;47;47;29;2;2;2
0;3;3;3;3;3;3;3;2;2;2
0;3;3;3;3;3;3;3;2;2;2
0;3;3;3;3;3;3;3;2;2;2
0;271;62;62;107;77;77;47;2;2;2

4;0;0;0;0;0;0;0;0;0;0
0;1;13;13;13;17;31;27;21;1;1
0;1;4;4;4;5;8;7;6;1;1
0;1;4;4;4;5;8;7;6;1;1
0;1;4;4;4;5;8;7;6;1;1
0;1;2;2;2;2;2;2;2;1;1
0;1;19;19;19;24;44;39;30;1;1

1911;0;0;0;0;0;0;0;0;0;0
0;0;0;0;0;0;0;0;0;0;0
0;0;0;0;0;0;0;0;0;0;0
0;0;0;0;0;0;0;0;0;0;0
0;0;0;0;0;0;0;0;0;0;0
0;0;0;0;0;0;0;0;0;0;0
0;0;0;0;0;0;0;0;0;0;0

20;0;0;0;0;0;0;0;0;0;0
0;15;14;13;14;14;11;10;8;8;8
0;200;127;92;136;113;76;17;8;8;8
0;10;10;10;10;11;9;10;8;8;8
0;10;10;9;10;11;9;10;8;8;8
0;20;17;17;17;24;12;15;8;8;8
0;482;343;272;357;317;180;26;8;8;8

446;0;0;0;0;0;0;0;0;0;0
0;2;34;34;34;44;81;70;55;2;2
0;2;9;9;9;12;20;17;14;2;2
0;2;9;9;9;12;20;17;14;2;2
0;2;9;9;9;12;20;17;14;2;2
0;2;3;3;3;3;3;3;3;2;2
0;2;49;49;49;64;118;102;79;2;2

1302;0;0;0;0;0;0;0;0;0;0
0;4;4;4;4;4;4;4;3;3;3
0;14;6;6;8;7;7;5;3;3;3
0;4;4;4;4;4;4;4;3;3;3
0;4;4;4;4;4;4;4;3;3;3
0;4;4;4;4;4;4;4;3;3;3
0;22;8;8;11;9;9;7;3;3;3

1858;0;0;0;0;0;0;0;0;0;0
0;12;41;41;42;53;92;80;62;5;5
0;298;78;78;127;97;105;70;18;5;5
0;6;13;13;13;16;24;22;18;5;5
0;6;13;13;13;16;24;22;18;5;5
0;6;6;6;6;6;6;6;6;5;5
0;493;164;164;245;207;265;195;88;5;5

1125;0;0;0;0;0;0;0;0;0;0
0;4;4;4;4;4;6;4;4;4;4
0;3;3;3;3;3;3;3;3;3;3
0;3;3;3;3;3;4;3;3;3;3
0;3;3;3;3;3;3;3;3;3;3
0;7;7;7;7;7;14;7;7;7;7
0;44;55;55;55;55;118;44;44;44;44

1767;0;0;0;0;0;0;0;0;0;0
0;2;16;16;25;29;44;40;33;2;2
0;2;5;5;7;8;11;10;9;2;2
0;2;5;5;7;8;11;10;9;2;2
0;2;5;5;7;8;11;10;9;2;2
0;2;3;3;4;4;4;4;4;2;2
0;2;22;22;38;45;67;61;51;2;2

448;0;0;0;0;0;0;0;0;0;0
0;5;14;14;14;17;29;25;20;3;3
0;78;22;22;35;27;30;21;7;3;3
0;4;6;6;6;6;9;8;7;3;3
0;4;6;6;6;6;9;8;7;3;3
0;4;4;4;4;4;4;4;4;3;3
0;128;46;46;67;58;75;56;28;3;3

875;0;0;0;0;0;0;0;0;0;0
0;45;20;20;26;23;25;21;14;9;9
0;1558;354;354;612;440;441;269;10;9;9
0;14;11;11;12;12;12;12;10;9;9
0;12;11;11;11;11;12;11;10;9;9
0;12;10;10;10;10;10;10;10;9;9
0;2591;587;587;1017;731;735;447;15;9;9

456;0;0;0;0;0;0;0;0;0;0
0;26;41;41;42;47;86;62;52;21;21
0;241;66;66;105;80;86;58;18;11;11
0;14;18;18;18;19;29;23;20;14;14
0;12;16;16;16;18;25;21;19;12;12
0;42;41;41;42;42;93;41;41;41;41
0;702;432;432;496;463;1006;441;363;318;318

443;0;0;0;0;0;0;0;0;0;0
0;5;25;25;25;32;56;49;38;3;3
0;50;18;18;26;23;28;21;11;3;3
0;4;8;8;8;10;15;13;11;3;3
0;4;8;8;8;10;15;13;11;3;3
0;4;4;4;4;4;4;4;4;3;3
0;81;51;51;64;66;102;83;55;3;3

3354;0;0;0;0;0;0;0;0;0;0
0;5;87;87;87;114;209;182;141;5;5
0;5;23;23;23;29;50;44;35;5;5
0;5;23;23;23;29;50;44;35;5;5
0;5;23;23;23;29;50;44;35;5;5
0;5;6;6;6;6;6;6;6;5;5
0;5;125;125;125;165;305;265;205;5;5

114;0;0;0;0;0;0;0;0;0;0
0;16;15;15;17;18;25;22;17;6;6
0;418;99;99;168;123;124;78;9;6;6
0;8;8;8;8;9;10;10;9;6;6
0;7;8;8;8;9;10;10;9;6;6
0;7;7;7;7;7;7;7;7;6;6
0;692;168;168;282;210;221;141;22;6;6

536;0;0;0;0;0;0;0;0;0;0
0;5;3;3;4;3;3;3;2;2;2
0;116;28;28;47;34;34;21;2;2;2
0;3;3;3;3;3;3;3;2;2;2
0;3;3;3;3;3;3;3;2;2;2
0;3;3;3;3;3;3;3;2;2;2
0;192;45;45;76;55;55;34;2;2;2

594;0;0;0;0;0;0;0;0;0;0
0;12;146;146;146;191;347;302;235;12;12
0;12;42;42;42;52;86;76;62;12;12
0;12;42;42;42;52;86;76;62;12;12
0;12;42;42;42;52;86;76;62;12;12
0;12;13;13;13;13;13;13;13;12;12
0;12;209;209;209;274;503;438;340;12;12

3170;0;0;0;0;0;0;0;0;0;0
0;0;0;0;0;0;0;0;0;0;0
0;0;0;0;0;0;0;0;0;0;0
0;0;0;0;0;0;0;0;0;0;0
0;0;0;0;0;0;0;0;0;0;0
0;0;0;0;0;0;0;0;0;0;0
0;0;0;0;0;0;0;0;0;0;0

1943;0;0;0;0;0;0;0;0;0;0
0;2;4;4;4;4;3;2;2;2;2
0;2;4;4;4;4;3;2;2;2;2
0;2;3;3;3;3;3;2;2;2;2
0;2;3;3;3;3;3;2;2;2;2
0;2;5;5;5;5;4;2;2;2;2
0;2;49;49;49;49;26;2;2;2;2

189;0;0;0;0;0;0;0;0;0;0
0;2;2;2;2;2;2;2;1;1;1
0;6;3;3;3;3;3;2;1;1;1
0;2;2;2;2;2;2;2;1;1;1
0;2;2;2;2;2;2;2;1;1;1
0;2;2;2;2;2;2;2;1;1;1
0;10;3;3;5;4;4;3;1;1;1

3284;0;0;0;0;0;0;0;0;0;0
0;0;0;0;0;0;0;0;0;0;0
0;0;0;0;0;0;0;0;0;0;0
0;0;0;0;0;0;0;0;0;0;0
0;0;0;0;0;0;0;0;0;0;0
0;0;0;0;0;0;0;0;0;0;0
0;0;0;0;0;0;0;0;0;0;0

1861;0;0;0;0;0;0;0;0;0;0
0;8;118;118;118;154;282;245;191;8;8
0;8;33;33;33;41;69;61;49;8;8
0;8;33;33;33;41;69;61;49;8;8
0;8;33;33;33;41;69;61;49;8;8
0;8;9;9;9;9;9;9;9;8;8
0;8;169;169;169;222;410;356;276;8;8

3197;0;0;0;0;0;0;0;0;0;0
0;0;0;0;0;0;0;0;0;0;0
0;0;0;0;0;0;0;0;0;0;0
0;0;0;0;0;0;0;0;0;0;0
0;0;0;0;0;0;0;0;0;0;0
0;0;0;0;0;0;0;0;0;0;0
0;0;0;0;0;0;0;0;0;0;0

1987;0;0;0;0;0;0;0;0;0;0
0;8;68;68;68;88;158;138;108;8;8
0;8;22;22;22;26;41;37;30;8;8
0;8;22;22;22;26;41;37;30;8;8
0;8;22;22;22;26;41;37;30;8;8
0;8;9;9;9;9;9;9;9;8;8
0;8;96;96;96;126;228;199;155;8;8

1376;0;0;0;0;0;0;0;0;0;0
0;16;7;7;9;8;8;6;4;4;4
0;520;119;119;205;148;148;90;4;4;4
0;6;5;5;5;5;5;5;4;4;4
0;5;5;5;5;5;5;5;4;4;4
0;5;5;5;5;5;5;5;4;4;4
0;864;203;203;346;250;247;148;4;4;4

1990;0;0;0;0;0;0;0;0;0;0
0;3;21;21;21;27;48;42;33;3;3
0;3;7;7;7;9;13;12;10;3;3
0;3;7;7;7;9;13;12;10;3;3
0;3;7;7;7;9;13;12;10;3;3
0;3;4;4;4;4;4;4;4;3;3
0;3;30;30;30;39;69;61;47;3;3

1306;0;0;0;0;0;0;0;0;0;0
0;0;0;0;0;0;0;0;0;0;0
0;0;0;0;0;0;0;0;0;0;0
0;0;0;0;0;0;0;0;0;0;0
0;0;0;0;0;0;0;0;0;0;0
0;0;0;0;0;0;0;0;0;0;0
0;0;0;0;0;0;0;0;0;0;0

2613;0;0;0;0;0;0;0;0;0;0
0;18;7;7;9;8;8;6;3;3;3
0;651;147;147;255;183;183;111;3;3;3
0;6;4;4;4;4;4;4;3;3;3
0;5;4;4;4;4;4;4;3;3;3
0;5;4;4;4;4;4;4;3;3;3
0;1083;243;243;423;303;303;183;3;3;3

105;0;0;0;0;0;0;0;0;0;0
0;5;114;114;114;150;277;241;186;5;5
0;5;29;29;29;37;65;57;45;5;5
0;5;29;29;29;37;65;57;45;5;5
0;5;29;29;29;37;65;57;45;5;5
0;5;6;6;6;6;6;6;6;5;5
0;5;165;165;165;218;404;351;271;5;5

1848;0;0;0;0;0;0;0;0;0;0
0;0;0;0;0;0;0;0;0;0;0
0;0;0;0;0;0;0;0;0;0;0
0;0;0;0;0;0;0;0;0;0;0
0;0;0;0;0;0;0;0;0;0;0
0;0;0;0;0;0;0;0;0;0;0
0;0;0;0;0;0;0;0;0;0;0

2147;0;0;0;0;0;0;0;0;0;0
0;8;99;99;99;129;234;204;159;8;8
0;8;28;28;28;35;58;52;42;8;8
0;8;28;28;28;35;58;52;42;8;8
0;8;28;28;28;35;58;52;42;8;8
0;8;9;9;9;9;9;9;9;8;8
0;8;141;141;141;185;340;296;229;8;8

1222;0;0;0;0;0;0;0;0;0;0
0;14;239;239;239;313;575;500;388;14;14
0;14;64;64;64;80;138;121;97;14;14
0;14;64;64;64;80;138;121;97;14;14
0;14;64;64;64;80;138;121;97;14;14
0;14;15;15;15;15;16;16;16;14;14
0;14;344;344;344;454;838;728;563;14;14

550;0;0;0;0;0;0;0;0;0;0
0;1;1;1;157;157;157;157;157;1;1
0;1;1;1;24;24;24;24;24;1;1
0;1;1;1;30;30;30;30;30;1;1
0;1;1;1;30;30;30;30;30;1;1
0;1;1;1;24;24;24;24;24;1;1
0;1;1;1;287;287;287;287;287;1;1

2090;0;0;0;0;0;0;0;0;0;0
0;12;127;127;127;165;298;260;203;12;12
0;12;38;38;38;46;75;67;54;12;12
0;12;38;38;38;46;75;67;54;12;12
0;12;38;38;38;46;75;67;54;12;12
0;12;13;13;13;13;13;13;13;12;12
0;12;180;180;180;236;432;376;292;12;12

1521;0;0;0;0;0;0;0;0;0;0
0;29;67;67;70;85;143;125;97;13;13
0;713;180;180;297;223;235;154;32;13;13
0;16;25;25;25;29;42;38;32;13;13
0;15;25;25;25;29;41;38;32;13;13
0;15;14;14;14;14;14;14;14;13;13
0;1179;346;346;541;436;522;368;136;13;13

1988;0;0;0;0;0;0;0;0;0;0
0;7;58;58;58;74;133;116;91;7;7
0;7;19;19;19;22;35;31;26;7;7
0;7;19;19;19;22;35;31;26;7;7
0;7;19;19;19;22;35;31;26;7;7
0;7;8;8;8;8;8;8;8;7;7
0;7;81;81;81;106;191;167;130;7;7

3351;0;0;0;0;0;0;0;0;0;0
0;13;6;6;108;107;107;106;104;4;4
0;382;88;88;166;124;124;82;19;4;4
0;6;5;5;23;23;23;23;23;4;4
0;5;5;5;23;23;23;23;23;4;4
0;5;5;5;19;19;19;19;19;4;4
0;633;144;144;432;362;362;293;188;4;4

1997;0;0;0;0;0;0;0;0;0;0
0;7;31;31;31;39;69;60;47;5;5
0;70;25;25;36;31;37;28;15;5;5
0;6;11;11;11;13;19;18;15;5;5
0;6;11;11;11;13;19;18;15;5;5
0;6;6;6;6;6;6;6;6;5;5
0;113;66;66;84;85;128;103;67;5;5

188;0;0;0;0;0;0;0;0;0;0
0;2;2;2;2;2;2;2;2;2;2
0;2;2;2;2;2;2;2;2;2;2
0;2;2;2;2;2;2;2;2;2;2
0;2;2;2;2;2;2;2;2;2;2
0;2;2;2;2;2;2;2;2;2;2
0;5;5;5;5;5;10;5;5;5;5

644;0;0;0;0;0;0;0;0;0;0
0;53;38;36;42;41;43;32;25;12;12
0;1448;589;468;748;582;463;174;15;12;12
0;20;18;18;18;19;19;17;15;12;12
0;18;17;17;17;18;18;16;15;12;12
0;51;38;38;38;38;22;13;13;12;12
0;2930;1346;1104;1610;1317;935;300;31;12;12

862;0;0;0;0;0;0;0;0;0;0
0;4;3;3;13;13;13;12;12;2;2
0;89;22;22;38;28;28;18;4;2;2
0;3;3;3;4;4;4;4;4;2;2
0;3;3;3;4;4;4;4;4;2;2
0;3;3;3;4;4;4;4;4;2;2
0;147;35;35;77;60;60;44;20;2;2

3502;0;0;0;0;0;0;0;0;0;0
0;7;3;3;4;3;3;2;1;1;1
0;244;55;55;96;69;69;42;1;1;1
0;2;2;2;2;2;2;2;1;1;1
0;2;2;2;2;2;2;2;1;1;1
0;2;2;2;2;2;2;2;1;1;1
0;405;91;91;159;114;114;69;1;1;1

1514;0;0;0;0;0;0;0;0;0;0
0;14;8;8;9;8;8;7;5;5;5
0;390;91;91;155;112;112;70;5;5;5
0;7;6;6;6;6;6;6;5;5;5
0;6;6;6;6;6;6;6;5;5;5
0;6;6;6;6;6;6;6;5;5;5
0;645;154;154;261;190;187;112;5;5;5

990;0;0;0;0;0;0;0;0;0;0
0;0;0;0;0;0;0;0;0;0;0
0;0;0;0;0;0;0;0;0;0;0
0;0;0;0;0;0;0;0;0;0;0
0;0;0;0;0;0;0;0;0;0;0
0;0;0;0;0;0;0;0;0;0;0
0;0;0;0;0;0;0;0;0;0;0

1706;0;0;0;0;0;0;0;0;0;0
0;10;28;28;29;35;59;52;41;6;6
0;170;47;47;75;58;63;44;14;6;6
0;7;11;11;11;13;18;16;14;6;6
0;7;11;11;11;13;18;16;14;6;6
0;7;7;7;7;7;7;7;7;6;6
0;279;98;98;143;123;158;118;57;6;6

439;0;0;0;0;0;0;0;0;0;0
0;7;26;26;27;33;58;51;40;4;4
0;117;34;34;53;42;47;33;12;4;4
0;5;9;9;9;11;16;15;12;4;4
0;5;9;9;9;11;16;15;12;4;4
0;5;5;5;5;5;5;5;5;4;4
0;192;77;77;108;98;134;103;56;4;4

3283;0;0;0;0;0;0;0;0;0;0
0;0;0;0;0;0;0;0;0;0;0
0;0;0;0;0;0;0;0;0;0;0
0;0;0;0;0;0;0;0;0;0;0
0;0;0;0;0;0;0;0;0;0;0
0;0;0;0;0;0;0;0;0;0;0
0;0;0;0;0;0;0;0;0;0;0

18073;0;0;0;0;0;0;0;0;0;0
0;0;0;0;0;0;0;0;0;0;0
0;0;0;0;0;0;0;0;0;0;0
0;0;0;0;0;0;0;0;0;0;0
0;0;0;0;0;0;0;0;0;0;0
0;0;0;0;0;0;0;0;0;0;0
0;0;0;0;0;0;0;0;0;0;0

2391;0;0;0;0;0;0;0;0;0;0
0;6;8;8;93;94;96;95;94;5;5
0;39;13;13;31;28;28;25;19;5;5
0;6;6;6;22;22;22;22;22;5;5
0;6;6;6;22;22;22;22;22;5;5
0;6;6;6;18;18;18;18;18;5;5
0;61;21;21;187;182;185;178;167;5;5

859;0;0;0;0;0;0;0;0;0;0
0;0;0;0;0;0;0;0;0;0;0
0;0;0;0;0;0;0;0;0;0;0
0;0;0;0;0;0;0;0;0;0;0
0;0;0;0;0;0;0;0;0;0;0
0;0;0;0;0;0;0;0;0;0;0
0;0;0;0;0;0;0;0;0;0;0

121;0;0;0;0;0;0;0;0;0;0
0;6;20;20;20;25;43;38;30;4;4
0;75;23;23;35;28;32;23;10;4;4
0;5;8;8;8;9;13;12;10;4;4
0;5;8;8;8;9;13;12;10;4;4
0;5;5;5;5;5;5;5;5;4;4
0;121;53;53;72;67;93;72;42;4;4

860;0;0;0;0;0;0;0;0;0;0
0;3;3;3;22;22;22;22;22;2;2
0;6;3;3;7;6;6;6;5;2;2
0;3;3;3;6;6;6;6;6;2;2
0;3;3;3;6;6;6;6;6;2;2
0;3;3;3;5;5;5;5;5;2;2
0;9;4;4;41;40;40;39;38;2;2

1515;0;0;0;0;0;0;0;0;0;0
0;20;8;8;10;9;9;7;4;4;4
0;678;154;154;267;192;192;117;4;4;4
0;7;5;5;5;5;5;5;4;4;4
0;6;5;5;5;5;5;5;4;4;4
0;6;5;5;5;5;5;5;4;4;4
0;1127;254;254;441;316;316;192;4;4;4

9;0;0;0;0;0;0;0;0;0;0
0;3;2;2;2;2;2;2;1;1;1
0;87;21;21;35;25;25;16;1;1;1
0;2;2;2;2;2;2;2;1;1;1
0;2;2;2;2;2;2;2;1;1;1
0;2;2;2;2;2;2;2;1;1;1
0;144;33;33;57;41;41;25;1;1;1

952;0;0;0;0;0;0;0;0;0;0
0;16;15;14;15;16;13;12;10;10;10
0;170;101;76;111;92;65;21;10;10;10
0;12;12;12;12;13;11;12;10;10;10
0;11;11;11;11;13;11;12;10;10;10
0;18;18;18;18;26;13;19;10;10;10
0;387;273;222;289;258;151;32;10;10;10

1999;0;0;0;0;0;0;0;0;0;0
0;6;33;33;33;42;73;64;51;5;5
0;43;20;20;26;24;31;25;15;5;5
0;6;11;11;11;13;20;18;15;5;5
0;6;11;11;11;13;20;18;15;5;5
0;6;6;6;6;6;6;6;6;5;5
0;69;59;59;70;76;122;102;72;5;5

119;0;0;0;0;0;0;0;0;0;0
0;12;5;5;6;5;5;4;2;2;2
0;437;99;99;171;123;123;75;2;2;2
0;4;3;3;3;3;3;3;2;2;2
0;3;3;3;3;3;3;3;2;2;2
0;3;3;3;3;3;3;3;2;2;2
0;726;163;163;284;204;204;123;2;2;2

3398;0;0;0;0;0;0;0;0;0;0
0;9;23;23;24;30;52;45;35;3;3
0;227;57;57;95;71;76;50;10;3;3
0;4;8;8;8;9;14;13;10;3;3
0;4;8;8;8;9;14;13;10;3;3
0;4;4;4;4;4;4;4;4;3;3
0;377;114;114;176;144;176;125;49;3;3

1531;0;0;0;0;0;0;0;0;0;0
0;34;16;16;39;36;35;31;28;8;8
0;1033;292;266;448;333;306;164;11;8;8
0;12;10;10;14;14;13;13;12;8;8
0;11;9;9;13;13;13;12;12;8;8
0;18;14;14;17;17;14;12;11;8;8
0;1831;562;508;852;655;569;299;44;8;8

2134;0;0;0;0;0;0;0;0;0;0
0;11;19;19;20;23;37;32;26;6;6
0;209;54;54;88;66;69;46;11;6;6
0;7;9;9;9;10;13;12;11;6;6
0;7;9;9;9;10;13;12;11;6;6
0;7;7;7;7;7;7;7;7;6;6
0;344;98;98;154;123;142;99;35;6;6

1996;0;0;0;0;0;0;0;0;0;0
0;17;59;59;61;77;136;118;90;4;4
0;554;138;138;229;172;185;121;23;4;4
0;6;16;16;17;20;33;29;23;4;4
0;5;16;16;16;20;33;29;23;4;4
0;5;5;5;5;5;5;5;5;4;4
0;920;283;283;436;359;448;321;130;4;4

1532;0;0;0;0;0;0;0;0;0;0
0;15;22;22;23;26;38;34;28;10;10
0;199;55;55;86;66;69;47;14;10;10
0;11;13;13;13;14;16;16;14;10;10
0;11;13;13;13;14;16;16;14;10;10
0;11;11;11;11;11;11;11;11;10;10
0;325;96;96;148;118;136;96;36;10;10

1773;0;0;0;0;0;0;0;0;0;0
0;10;50;50;51;65;117;102;79;4;4
0;231;65;65;102;80;92;63;21;4;4
0;5;14;14;15;18;29;26;21;4;4
0;5;14;14;14;18;29;26;21;4;4
0;5;5;5;5;5;5;5;5;4;4
0;382;154;154;217;196;272;209;113;4;4

1735;0;0;0;0;0;0;0;0;0;0
0;6;3;3;4;4;4;3;3;3;3
0;139;33;33;56;40;40;25;3;3;3
0;3;3;3;3;3;3;3;3;3;3
0;3;3;3;3;3;3;3;3;3;3
0;4;3;3;3;3;5;3;3;3;3
0;239;62;62;100;75;90;49;12;12;12

1123;0;0;0;0;0;0;0;0;0;0
0;17;184;184;185;241;438;381;296;14;14
0;145;81;81;103;100;144;117;77;14;14
0;15;52;52;52;64;108;95;77;14;14
0;15;52;52;52;64;108;95;77;14;14
0;15;15;15;15;15;16;16;15;14;14
0;232;311;311;347;406;696;589;428;14;14

2145;0;0;0;0;0;0;0;0;0;0
0;12;42;42;43;54;96;83;64;4;4
0;320;82;82;135;102;112;74;18;4;4
0;6;13;13;13;15;24;22;18;4;4
0;5;12;12;13;15;24;22;18;4;4
0;5;5;5;5;5;5;5;5;4;4
0;530;174;174;261;220;281;205;92;4;4

870;0;0;0;0;0;0;0;0;0;0
0;5;56;56;56;73;131;115;89;5;5
0;5;17;17;17;20;33;30;24;5;5
0;5;17;17;17;20;33;30;24;5;5
0;5;17;17;17;20;33;30;24;5;5
0;5;6;6;6;6;6;6;6;5;5
0;5;79;79;79;104;190;166;129;5;5

1942;0;0;0;0;0;0;0;0;0;0
0;8;16;16;16;18;22;18;15;6;6
0;82;28;28;40;32;32;22;8;6;6
0;7;9;9;9;9;10;9;8;6;6
0;7;9;9;9;9;10;9;8;6;6
0;7;12;12;12;12;9;7;7;6;6
0;133;148;148;169;158;114;45;19;6;6

1980;0;0;0;0;0;0;0;0;0;0
0;0;0;0;0;0;0;0;0;0;0
0;0;0;0;0;0;0;0;0;0;0
0;0;0;0;0;0;0;0;0;0;0
0;0;0;0;0;0;0;0;0;0;0
0;0;0;0;0;0;0;0;0;0;0
0;0;0;0;0;0;0;0;0;0;0

1549;0;0;0;0;0;0;0;0;0;0
0;21;66;66;68;84;145;126;99;12;12
0;364;102;102;160;125;139;96;32;12;12
0;14;24;24;24;28;41;37;32;12;12
0;13;24;24;24;28;41;37;32;12;12
0;13;13;13;13;13;13;13;13;12;12
0;598;219;219;316;277;366;275;140;12;12

2227;0;0;0;0;0;0;0;0;0;0
0;4;3;3;27;27;27;27;26;2;2
0;90;22;22;40;30;30;21;6;2;2
0;3;3;3;7;7;7;7;7;2;2
0;3;3;3;7;7;7;7;7;2;2
0;3;3;3;6;6;6;6;6;2;2
0;148;35;35;103;87;87;71;47;2;2

2141;0;0;0;0;0;0;0;0;0;0
0;5;44;44;44;57;101;88;69;5;5
0;5;14;14;14;17;27;24;20;5;5
0;5;14;14;14;17;27;24;20;5;5
0;5;14;14;14;17;27;24;20;5;5
0;5;6;6;6;6;6;6;6;5;5
0;5;62;62;62;80;146;127;99;5;5

552;0;0;0;0;0;0;0;0;0;0
0;1;1;1;81;81;81;81;81;1;1
0;1;1;1;13;13;13;13;13;1;1
0;1;1;1;16;16;16;16;16;1;1
0;1;1;1;16;16;16;16;16;1;1
0;1;1;1;13;13;13;13;13;1;1
0;1;1;1;148;148;148;148;148;1;1

3151;0;0;0;0;0;0;0;0;0;0
0;7;61;61;61;79;141;123;96;7;7
0;7;19;19;19;23;37;33;27;7;7
0;7;19;19;19;23;37;33;27;7;7
0;7;19;19;19;23;37;33;27;7;7
0;7;8;8;8;8;8;8;8;7;7
0;7;86;86;86;112;203;177;138;7;7

2170;0;0;0;0;0;0;0;0;0;0
0;1;1;1;44;44;44;44;44;1;1
0;1;1;1;8;8;8;8;8;1;1
0;1;1;1;9;9;9;9;9;1;1
0;1;1;1;9;9;9;9;9;1;1
0;1;1;1;8;8;8;8;8;1;1
0;1;1;1;79;79;79;79;79;1;1

2424;0;0;0;0;0;0;0;0;0;0
0;9;16;16;17;20;32;28;22;4;4
0;186;47;47;77;58;61;40;8;4;4
0;5;7;7;7;8;10;10;8;4;4
0;5;7;7;7;8;10;10;8;4;4
0;5;5;5;5;5;5;5;5;4;4
0;306;87;87;137;109;127;88;30;4;4

1857;0;0;0;0;0;0;0;0;0;0
0;13;36;36;37;46;79;69;53;5;5
0;323;82;82;135;102;110;72;16;5;5
0;7;12;12;12;14;22;19;16;5;5
0;6;12;12;12;14;21;19;16;5;5
0;6;6;6;6;6;6;6;6;5;5
0;535;165;165;254;209;258;185;75;5;5

9018;0;0;0;0;0;0;0;0;0;0
0;0;0;0;0;0;0;0;0;0;0
0;0;0;0;0;0;0;0;0;0;0
0;0;0;0;0;0;0;0;0;0;0
0;0;0;0;0;0;0;0;0;0;0
0;0;0;0;0;0;0;0;0;0;0
0;0;0;0;0;0;0;0;0;0;0

116;0;0;0;0;0;0;0;0;0;0
0;15;12;12;13;13;17;15;12;6;6
0;370;88;88;149;109;109;69;8;6;6
0;8;7;7;8;8;9;8;8;6;6
0;7;7;7;7;8;8;8;8;6;6
0;7;7;7;7;7;7;7;7;6;6
0;613;146;146;247;181;187;118;15;6;6

2782;0;0;0;0;0;0;0;0;0;0
0;0;0;0;0;0;0;0;0;0;0
0;0;0;0;0;0;0;0;0;0;0
0;0;0;0;0;0;0;0;0;0;0
0;0;0;0;0;0;0;0;0;0;0
0;0;0;0;0;0;0;0;0;0;0
0;0;0;0;0;0;0;0;0;0;0

865;0;0;0;0;0;0;0;0;0;0
0;16;164;164;164;213;387;337;263;14;14
0;79;62;62;72;76;114;96;69;14;14
0;15;47;47;47;58;96;86;69;14;14
0;15;47;47;47;58;96;86;69;14;14
0;15;15;15;15;15;16;15;15;14;14
0;122;257;257;275;336;591;506;379;14;14

958;0;0;0;0;0;0;0;0;0;0
0;0;0;0;0;0;0;0;0;0;0
0;0;0;0;0;0;0;0;0;0;0
0;0;0;0;0;0;0;0;0;0;0
0;0;0;0;0;0;0;0;0;0;0
0;0;0;0;0;0;0;0;0;0;0
0;0;0;0;0;0;0;0;0;0;0

1863;0;0;0;0;0;0;0;0;0;0
0;2;2;2;2;2;2;2;1;1;1
0;44;11;11;18;13;13;9;1;1;1
0;2;2;2;2;2;2;2;1;1;1
0;2;2;2;2;2;2;2;1;1;1
0;2;2;2;2;2;2;2;1;1;1
0;73;17;17;29;21;21;13;1;1;1

3324;0;0;0;0;0;0;0;0;0;0
0;2;21;21;125;131;153;147;137;2;2
0;2;7;7;22;23;28;27;25;2;2
0;2;7;7;26;27;32;30;28;2;2
0;2;7;7;26;27;32;30;28;2;2
0;2;3;3;18;18;18;18;18;2;2
0;2;30;30;220;230;261;252;239;2;2

1507;0;0;0;0;0;0;0;0;0;0
0;2;3;3;3;3;3;2;2;2;2
0;2;3;3;3;3;3;2;2;2;2
0;2;3;3;3;3;3;2;2;2;2
0;2;3;3;3;3;3;2;2;2;2
0;2;3;3;3;3;3;2;2;2;2
0;2;14;14;14;14;8;2;2;2;2

3445;0;0;0;0;0;0;0;0;0;0
0;1;1;1;108;108;108;108;108;1;1
0;1;1;1;17;17;17;17;17;1;1
0;1;1;1;21;21;21;21;21;1;1
0;1;1;1;21;21;21;21;21;1;1
0;1;1;1;17;17;17;17;17;1;1
0;1;1;1;197;197;197;197;197;1;1

2139;0;0;0;0;0;0;0;0;0;0
0;15;78;78;78;99;174;152;120;14;14
0;53;36;36;43;43;60;51;37;14;14
0;14;28;28;28;32;49;44;37;14;14
0;14;28;28;28;32;49;44;37;14;14
0;15;15;15;15;15;17;15;15;15;15
0;91;133;133;144;168;296;239;181;25;25

3211;0;0;0;0;0;0;0;0;0;0
0;38;54;54;58;67;107;93;71;13;13
0;1103;263;263;445;326;335;212;26;13;13
0;17;22;22;23;25;34;31;26;13;13
0;15;22;22;22;24;33;30;26;13;13
0;15;14;14;14;14;14;14;14;13;13
0;1829;468;468;771;586;645;427;98;13;13

1928;0;0;0;0;0;0;0;0;0;0
0;22;36;36;38;44;73;63;49;8;8
0;581;141;141;236;175;181;115;17;8;8
0;10;14;14;15;16;22;20;17;8;8
0;9;14;14;14;16;22;20;17;8;8
0;9;9;9;9;9;9;9;9;8;8
0;962;256;256;415;321;362;245;68;8;8

3011;0;0;0;0;0;0;0;0;0;0
0;2;2;2;2;2;4;2;2;2;2
0;2;2;2;2;2;2;2;2;2;2
0;2;2;2;2;2;2;2;2;2;2
0;2;2;2;2;2;2;2;2;2;2
0;4;4;4;4;4;9;4;4;4;4
0;28;28;28;28;28;73;28;28;28;28

13;0;0;0;0;0;0;0;0;0;0
0;14;24;24;25;30;47;41;33;8;8
0;239;63;63;101;77;81;54;14;8;8
0;9;12;12;12;13;17;16;14;8;8
0;9;12;12;12;13;17;16;14;8;8
0;9;9;9;9;9;9;9;9;8;8
0;392;116;116;180;144;169;120;45;8;8

2142;0;0;0;0;0;0;0;0;0;0
0;0;0;0;0;0;0;0;0;0;0
0;0;0;0;0;0;0;0;0;0;0
0;0;0;0;0;0;0;0;0;0;0
0;0;0;0;0;0;0;0;0;0;0
0;0;0;0;0;0;0;0;0;0;0
0;0;0;0;0;0;0;0;0;0;0

1986;0;0;0;0;0;0;0;0;0;0
0;0;0;0;0;0;0;0;0;0;0
0;0;0;0;0;0;0;0;0;0;0
0;0;0;0;0;0;0;0;0;0;0
0;0;0;0;0;0;0;0;0;0;0
0;0;0;0;0;0;0;0;0;0;0
0;0;0;0;0;0;0;0;0;0;0

1530;0;0;0;0;0;0;0;0;0;0
0;44;21;20;25;22;18;13;8;8;8
0;1388;444;383;633;477;415;198;8;8;8
0;14;11;11;11;11;10;9;8;8;8
0;12;10;10;11;10;10;9;8;8;8
0;29;21;21;22;22;14;9;8;8;8
0;2572;917;795;1233;961;763;324;8;8;8

4017;0;0;0;0;0;0;0;0;0;0
0;0;0;0;0;0;0;0;0;0;0
0;0;0;0;0;0;0;0;0;0;0
0;0;0;0;0;0;0;0;0;0;0
0;0;0;0;0;0;0;0;0;0;0
0;0;0;0;0;0;0;0;0;0;0
0;0;0;0;0;0;0;0;0;0;0

1307;0;0;0;0;0;0;0;0;0;0
0;0;0;0;0;0;0;0;0;0;0
0;0;0;0;0;0;0;0;0;0;0
0;0;0;0;0;0;0;0;0;0;0
0;0;0;0;0;0;0;0;0;0;0
0;0;0;0;0;0;0;0;0;0;0
0;0;0;0;0;0;0;0;0;0;0

2138;0;0;0;0;0;0;0;0;0;0
0;10;61;61;61;79;141;122;96;8;8
0;108;42;42;58;51;65;49;27;8;8
0;8;19;19;19;23;37;33;27;8;8
0;8;19;19;19;23;37;33;27;8;8
0;9;9;9;9;9;10;9;9;8;8
0;185;131;131;159;166;272;212;145;17;17

110;0;0;0;0;0;0;0;0;0;0
0;3;3;3;3;3;3;3;2;2;2
0;11;4;4;6;5;5;4;2;2;2
0;3;3;3;3;3;3;3;2;2;2
0;3;3;3;3;3;3;3;2;2;2
0;3;3;3;3;3;3;3;2;2;2
0;16;10;10;13;11;9;5;2;2;2

2783;0;0;0;0;0;0;0;0;0;0
0;0;0;0;0;0;0;0;0;0;0
0;0;0;0;0;0;0;0;0;0;0
0;0;0;0;0;0;0;0;0;0;0
0;0;0;0;0;0;0;0;0;0;0
0;0;0;0;0;0;0;0;0;0;0
0;0;0;0;0;0;0;0;0;0;0

118;0;0;0;0;0;0;0;0;0;0
0;10;4;4;5;5;5;4;2;2;2
0;324;74;74;127;92;92;56;2;2;2
0;4;3;3;3;3;3;3;2;2;2
0;3;3;3;3;3;3;3;2;2;2
0;3;3;3;3;3;3;3;2;2;2
0;537;121;121;211;151;151;92;2;2;2

1854;0;0;0;0;0;0;0;0;0;0
0;12;12;12;98;99;104;102;99;6;6
0;253;62;62;116;89;90;62;21;6;6
0;7;8;8;23;24;25;24;24;6;6
0;7;8;8;23;24;25;24;24;6;6
0;7;7;7;19;19;19;19;19;6;6
0;417;104;104;329;285;292;245;173;6;6

455;0;0;0;0;0;0;0;0;0;0
0;29;60;60;62;74;124;103;82;17;17
0;487;163;146;231;180;173;100;28;14;14
0;16;24;24;24;27;38;33;29;15;15
0;15;23;23;23;26;37;33;28;14;14
0;29;28;28;28;28;43;24;24;24;24
0;975;472;439;585;512;684;351;210;114;114

1304;0;0;0;0;0;0;0;0;0;0
0;0;0;0;0;0;0;0;0;0;0
0;0;0;0;0;0;0;0;0;0;0
0;0;0;0;0;0;0;0;0;0;0
0;0;0;0;0;0;0;0;0;0;0
0;0;0;0;0;0;0;0;0;0;0
0;0;0;0;0;0;0;0;0;0;0

1674;0;0;0;0;0;0;0;0;0;0
0;5;2;2;3;3;3;2;1;1;1
0;164;38;38;65;47;47;29;1;1;1
0;2;2;2;2;2;2;2;1;1;1
0;2;2;2;2;2;2;2;1;1;1
0;2;2;2;2;2;2;2;1;1;1
0;272;62;62;107;77;77;47;1;1;1

1522;0;0;0;0;0;0;0;0;0;0
0;12;80;80;80;103;184;160;125;9;9
0;137;53;53;74;65;83;64;35;9;9
0;10;25;25;25;30;48;43;35;9;9
0;10;25;25;25;30;48;43;35;9;9
0;10;10;10;10;10;10;10;10;9;9
0;221;158;158;194;204;323;266;179;9;9

3407;0;0;0;0;0;0;0;0;0;0
0;7;7;7;7;7;15;7;7;7;7
0;2;2;2;2;2;2;2;2;2;2
0;3;3;3;3;3;5;3;3;3;3
0;2;2;2;2;2;3;2;2;2;2
0;16;16;16;16;16;41;16;16;16;16
0;151;151;151;151;151;400;151;151;151;151

1900;0;0;0;0;0;0;0;0;0;0
0;1;2;2;2;2;2;1;1;1;1
0;1;2;2;2;2;2;1;1;1;1
0;1;2;2;2;2;2;1;1;1;1
0;1;2;2;2;2;2;1;1;1;1
0;1;3;3;3;3;2;1;1;1;1
0;1;28;28;28;28;15;1;1;1;1

1940;0;0;0;0;0;0;0;0;0;0
0;14;46;46;47;59;95;83;64;8;8
0;235;69;69;107;85;91;63;21;8;8
0;9;17;17;17;22;28;27;21;8;8
0;9;17;17;17;22;27;27;21;8;8
0;9;13;13;13;26;11;22;9;8;8
0;386;236;236;299;282;283;186;90;8;8

1984;0;0;0;0;0;0;0;0;0;0
0;16;96;96;96;124;221;193;150;11;11
0;189;69;69;99;85;107;81;42;11;11
0;12;30;30;30;36;58;51;42;11;11
0;12;30;30;30;36;57;51;42;11;11
0;12;12;12;12;12;12;12;12;11;11
0;308;200;200;249;257;400;326;216;11;11

861;0;0;0;0;0;0;0;0;0;0
0;7;3;3;4;4;4;3;2;2;2
0;196;45;45;78;56;56;35;2;2;2
0;3;3;3;3;3;3;3;2;2;2
0;3;3;3;3;3;3;3;2;2;2
0;3;3;3;3;3;3;3;2;2;2
0;325;74;74;128;92;92;56;2;2;2

1723;0;0;0;0;0;0;0;0;0;0
0;3;77;77;77;101;187;162;126;3;3
0;3;20;20;20;25;44;38;30;3;3
0;3;20;20;20;25;44;38;30;3;3
0;3;20;20;20;25;44;38;30;3;3
0;3;4;4;4;4;4;4;4;3;3
0;3;111;111;111;147;272;237;183;3;3

126;0;0;0;0;0;0;0;0;0;0
0;19;259;259;259;339;619;539;419;19;19
0;19;72;72;72;90;151;134;107;19;19
0;19;72;72;72;90;151;134;107;19;19
0;19;72;72;72;90;151;134;107;19;19
0;19;20;20;20;20;21;21;21;19;19
0;19;372;372;372;489;900;782;606;19;19

2093;0;0;0;0;0;0;0;0;0;0
0;36;112;112;116;145;253;220;170;14;14
0;969;247;247;406;307;331;218;49;14;14
0;18;36;36;36;43;67;59;49;14;14
0;16;35;35;36;42;66;59;49;14;14
0;16;15;15;15;15;16;15;15;14;14
0;1606;505;505;770;639;798;576;242;14;14

1548;0;0;0;0;0;0;0;0;0;0
0;26;96;96;98;123;215;188;146;13;13
0;542;148;148;237;184;204;139;43;13;13
0;15;31;31;32;37;58;52;43;13;13
0;14;31;31;31;37;57;52;43;13;13
0;14;14;14;14;14;14;14;14;13;13
0;894;326;326;473;414;550;413;208;13;13

864;0;0;0;0;0;0;0;0;0;0
0;6;18;18;68;72;88;83;76;4;4
0;58;19;19;36;31;34;27;17;4;4
0;5;8;8;17;18;21;20;19;4;4
0;5;7;7;17;18;21;20;19;4;4
0;5;5;5;12;12;12;12;12;4;4
0;94;44;44;150;147;170;153;128;4;4

856;0;0;0;0;0;0;0;0;0;0
0;6;3;3;3;3;3;2;1;1;1
0;208;47;47;82;59;59;36;1;1;1
0;2;2;2;2;2;2;2;1;1;1
0;2;2;2;2;2;2;2;1;1;1
0;2;2;2;2;2;2;2;1;1;1
0;345;78;78;135;97;97;59;1;1;1

5;0;0;0;0;0;0;0;0;0;0
0;0;0;0;0;0;0;0;0;0;0
0;0;0;0;0;0;0;0;0;0;0
0;0;0;0;0;0;0;0;0;0;0
0;0;0;0;0;0;0;0;0;0;0
0;0;0;0;0;0;0;0;0;0;0
0;0;0;0;0;0;0;0;0;0;0

192;0;0;0;0;0;0;0;0;0;0
0;6;5;5;6;5;5;5;4;4;4
0;83;22;22;36;27;27;18;4;4;4
0;5;5;5;5;5;5;5;4;4;4
0;5;5;5;5;5;5;5;4;4;4
0;5;5;5;5;5;5;5;4;4;4
0;136;47;47;69;54;48;26;4;4;4

2153;0;0;0;0;0;0;0;0;0;0
0;10;11;11;11;11;16;9;9;9;9
0;23;11;11;14;12;11;9;6;6;6
0;7;7;7;7;7;9;7;7;7;7
0;6;7;7;7;7;7;6;6;6;6
0;16;18;18;18;18;35;16;16;16;16
0;141;166;166;170;167;320;116;112;112;112

117;0;0;0;0;0;0;0;0;0;0
0;15;19;19;20;23;35;31;24;6;6
0;373;90;90;151;111;114;73;10;6;6
0;8;9;9;9;10;13;12;10;6;6
0;7;9;9;9;10;13;12;10;6;6
0;7;7;7;7;7;7;7;7;6;6
0;617;158;158;260;197;215;142;33;6;6

1555;0;0;0;0;0;0;0;0;0;0
0;7;23;23;23;28;45;40;33;7;7
0;7;11;11;11;12;16;15;13;7;7
0;7;11;11;11;12;16;15;13;7;7
0;7;11;11;11;12;16;15;13;7;7
0;7;8;8;8;8;8;8;8;7;7
0;7;30;30;30;37;63;56;45;7;7

1982;0;0;0;0;0;0;0;0;0;0
0;9;101;101;101;131;239;208;162;8;8
0;45;37;37;43;46;69;59;42;8;8
0;9;29;29;29;36;59;52;42;8;8
0;9;29;29;29;36;59;52;42;8;8
0;9;9;9;9;9;9;9;9;8;8
0;69;157;157;167;206;363;312;234;8;8

440;0;0;0;0;0;0;0;0;0;0
0;12;34;34;35;43;75;65;50;5;5
0;310;79;79;130;98;105;69;15;5;5
0;6;12;12;12;14;21;18;15;5;5
0;6;12;12;12;14;20;18;15;5;5
0;6;6;6;6;6;6;6;6;5;5
0;513;158;158;242;199;245;176;71;5;5

1226;0;0;0;0;0;0;0;0;0;0
0;7;3;3;4;3;3;2;1;1;1
0;248;56;56;97;70;70;43;1;1;1
0;2;2;2;2;2;2;2;1;1;1
0;2;2;2;2;2;2;2;1;1;1
0;2;2;2;2;2;2;2;1;1;1
0;412;93;93;161;116;116;70;1;1;1

2512;0;0;0;0;0;0;0;0;0;0
0;13;101;101;101;130;234;204;159;11;11
0;74;45;45;55;55;78;64;44;11;11
0;12;31;31;31;38;60;54;44;11;11
0;12;31;31;31;38;60;54;44;11;11
0;12;12;12;12;12;12;12;12;11;11
0;115;165;165;182;214;366;311;229;11;11

955;0;0;0;0;0;0;0;0;0;0
0;15;8;8;10;10;8;8;5;5;5
0;437;102;102;174;126;126;78;5;5;5
0;7;6;6;6;8;6;7;5;5;5
0;6;6;6;6;7;6;7;5;5;5
0;6;6;6;6;15;6;14;5;5;5
0;725;177;177;297;222;211;131;5;5;5

1917;0;0;0;0;0;0;0;0;0;0
0;7;27;27;27;33;56;50;40;7;7
0;7;12;12;12;13;18;17;15;7;7
0;7;12;12;12;13;18;17;15;7;7
0;7;12;12;12;13;18;17;15;7;7
0;7;8;8;8;8;8;8;8;7;7
0;7;36;36;36;46;79;69;55;7;7

1747;0;0;0;0;0;0;0;0;0;0
0;7;28;28;29;36;63;55;43;4;4
0;128;37;37;58;46;52;36;13;4;4
0;5;10;10;10;11;17;16;13;4;4
0;5;10;10;10;11;17;16;13;4;4
0;5;5;5;5;5;5;5;5;4;4
0;211;84;84;119;107;147;112;61;4;4

1856;0;0;0;0;0;0;0;0;0;0
0;10;4;4;5;5;5;4;2;2;2
0;340;78;78;134;96;96;59;2;2;2
0;4;3;3;3;3;3;3;2;2;2
0;3;3;3;3;3;3;3;2;2;2
0;3;3;3;3;3;3;3;2;2;2
0;565;128;128;221;159;159;96;2;2;2

1998;0;0;0;0;0;0;0;0;0;0
0;6;36;36;36;46;81;71;56;5;5
0;27;17;17;20;20;28;24;17;5;5
0;6;12;12;12;14;22;20;17;5;5
0;6;12;12;12;14;22;20;17;5;5
0;6;6;6;6;6;6;6;6;5;5
0;41;58;58;64;75;127;108;80;5;5

1985;0;0;0;0;0;0;0;0;0;0
0;0;0;0;0;0;0;0;0;0;0
0;0;0;0;0;0;0;0;0;0;0
0;0;0;0;0;0;0;0;0;0;0
0;0;0;0;0;0;0;0;0;0;0
0;0;0;0;0;0;0;0;0;0;0
0;0;0;0;0;0;0;0;0;0;0

2625;0;0;0;0;0;0;0;0;0;0
0;0;0;0;0;0;0;0;0;0;0
0;0;0;0;0;0;0;0;0;0;0
0;0;0;0;0;0;0;0;0;0;0
0;0;0;0;0;0;0;0;0;0;0
0;0;0;0;0;0;0;0;0;0;0
0;0;0;0;0;0;0;0;0;0;0

1550;0;0;0;0;0;0;0;0;0;0
0;39;164;164;168;214;380;330;254;15;15
0;1052;278;278;451;347;382;257;68;15;15
0;19;48;48;48;60;95;85;68;15;15
0;17;48;48;48;59;95;85;68;15;15
0;17;17;17;18;24;17;23;16;15;15
0;1743;630;630;918;800;1031;763;366;15;15

2539;0;0;0;0;0;0;0;0;0;0
0;15;162;162;163;213;389;338;262;9;9
0;242;94;94;133;118;157;120;65;9;9
0;10;43;43;43;54;93;82;65;9;9
0;10;43;43;43;54;93;82;65;9;9
0;10;10;10;10;10;11;10;10;9;9
0;397;318;318;382;413;672;555;380;9;9

1957;0;0;0;0;0;0;0;0;0;0
0;3;4;4;4;4;4;4;4;3;3
0;3;4;4;4;4;4;4;4;3;3
0;3;4;4;4;4;4;4;4;3;3
0;3;4;4;4;4;4;4;4;3;3
0;3;4;4;4;4;4;4;4;3;3
0;3;4;4;4;4;4;4;4;3;3

2425;0;0;0;0;0;0;0;0;0;0
0;7;11;11;12;14;22;20;15;3;3
0;156;39;39;64;48;50;32;6;3;3
0;4;5;5;5;6;8;7;6;3;3
0;4;5;5;5;6;8;7;6;3;3
0;4;4;4;4;4;4;4;4;3;3
0;257;70;70;113;88;100;69;21;3;3

2151;0;0;0;0;0;0;0;0;0;0
0;3;3;3;3;3;3;3;2;2;2
0;45;12;12;19;15;14;10;2;2;2
0;3;3;3;3;3;3;3;2;2;2
0;3;3;3;3;3;3;3;2;2;2
0;3;3;3;3;3;3;3;2;2;2
0;73;32;32;44;36;29;14;2;2;2

3198;0;0;0;0;0;0;0;0;0;0
0;7;183;183;183;241;446;388;300;7;7
0;7;46;46;46;59;104;91;72;7;7
0;7;46;46;46;59;104;91;72;7;7
0;7;46;46;46;59;104;91;72;7;7
0;7;8;8;8;8;9;9;8;7;7
0;7;265;265;265;351;652;566;437;7;7

120;0;0;0;0;0;0;0;0;0;0
0;5;10;10;11;12;19;17;14;4;4
0;41;14;14;20;16;18;13;7;4;4
0;5;6;6;6;6;8;7;7;4;4
0;5;6;6;6;6;8;7;7;4;4
0;5;5;5;5;5;5;5;5;4;4
0;65;27;27;37;33;43;33;19;4;4

1762;0;0;0;0;0;0;0;0;0;0
0;0;0;0;0;0;0;0;0;0;0
0;0;0;0;0;0;0;0;0;0;0
0;0;0;0;0;0;0;0;0;0;0
0;0;0;0;0;0;0;0;0;0;0
0;0;0;0;0;0;0;0;0;0;0
0;0;0;0;0;0;0;0;0;0;0

453;0;0;0;0;0;0;0;0;0;0
0;14;48;48;49;60;101;87;68;7;7
0;294;81;81;129;100;108;73;21;7;7
0;8;16;16;17;19;28;25;21;7;7
0;8;16;16;16;19;28;25;21;7;7
0;8;12;12;12;14;10;10;8;7;7
0;484;242;242;322;288;310;203;96;7;7

1859;0;0;0;0;0;0;0;0;0;0
0;5;18;18;18;22;37;33;27;5;5
0;5;8;8;8;9;12;12;10;5;5
0;5;8;8;8;9;12;12;10;5;5
0;5;8;8;8;9;12;12;10;5;5
0;5;6;6;6;6;6;6;6;5;5
0;5;24;24;24;30;52;46;37;5;5

3012;0;0;0;0;0;0;0;0;0;0
0;21;25;25;25;26;52;28;26;21;21
0;37;15;15;20;17;18;14;9;8;8
0;11;12;12;12;13;20;13;13;11;11
0;9;10;10;10;11;15;11;11;9;9
0;47;47;47;47;47;112;47;47;47;47
0;447;429;429;437;434;1085;418;407;399;399

1932;0;0;0;0;0;0;0;0;0;0
0;3;27;27;27;34;61;53;42;3;3
0;3;9;9;9;10;16;15;12;3;3
0;3;9;9;9;10;16;15;12;3;3
0;3;9;9;9;10;16;15;12;3;3
0;3;4;4;4;4;4;4;4;3;3
0;3;37;37;37;49;88;77;60;3;3

1864;0;0;0;0;0;0;0;0;0;0
0;2;2;2;2;2;2;2;1;1;1
0;3;2;2;2;2;2;2;1;1;1
0;2;2;2;2;2;2;2;1;1;1
0;2;2;2;2;2;2;2;1;1;1
0;2;2;2;2;2;2;2;1;1;1
0;4;2;2;2;2;2;2;1;1;1

620;0;0;0;0;0;0;0;0;0;0
0;1;1;1;107;107;107;107;107;1;1
0;1;1;1;17;17;17;17;17;1;1
0;1;1;1;21;21;21;21;21;1;1
0;1;1;1;21;21;21;21;21;1;1
0;1;1;1;17;17;17;17;17;1;1
0;1;1;1;196;196;196;196;196;1;1

2091;0;0;0;0;0;0;0;0;0;0
0;12;131;131;131;171;310;270;211;12;12
0;12;39;39;39;47;78;69;56;12;12
0;12;39;39;39;47;78;69;56;12;12
0;12;39;39;39;47;78;69;56;12;12
0;12;13;13;13;13;13;13;13;12;12
0;12;187;187;187;245;449;391;303;12;12

1826;0;0;0;0;0;0;0;0;0;0
0;15;88;88;88;112;203;173;137;15;15
0;12;28;28;28;33;52;47;38;12;12
0;12;29;29;29;34;54;47;39;12;12
0;12;28;28;28;33;53;47;39;12;12
0;21;21;21;21;21;36;21;21;21;21
0;102;209;209;209;245;521;335;281;102;102

1927;0;0;0;0;0;0;0;0;0;0
0;19;60;60;62;77;134;117;91;8;8
0;458;119;119;194;148;160;107;27;8;8
0;10;20;20;20;23;36;32;27;8;8
0;9;20;20;20;23;36;32;27;8;8
0;9;9;9;9;9;9;9;9;8;8
0;757;247;247;372;313;397;290;129;8;8

1611;0;0;0;0;0;0;0;0;0;0
0;0;0;0;0;0;0;0;0;0;0
0;0;0;0;0;0;0;0;0;0;0
0;0;0;0;0;0;0;0;0;0;0
0;0;0;0;0;0;0;0;0;0;0
0;0;0;0;0;0;0;0;0;0;0
0;0;0;0;0;0;0;0;0;0;0

21;0;0;0;0;0;0;0;0;0;0
0;8;5;5;83;83;83;82;82;4;4
0;141;35;35;69;54;54;39;16;4;4
0;5;5;5;19;19;19;19;19;4;4
0;5;5;5;19;19;19;19;19;4;4
0;5;5;5;16;16;16;16;16;4;4
0;232;55;55;235;210;210;184;147;4;4

876;0;0;0;0;0;0;0;0;0;0
0;46;21;21;27;25;29;24;16;9;9
0;1601;364;364;629;453;454;277;11;9;9
0;15;11;11;12;12;13;12;11;9;9
0;12;11;11;11;11;12;12;11;9;9
0;12;10;10;11;10;10;10;10;9;9
0;2661;604;604;1046;753;760;463;19;9;9

960;0;0;0;0;0;0;0;0;0;0
0;3;4;4;4;5;6;5;5;3;3
0;3;4;4;4;4;4;4;4;3;3
0;3;4;4;4;4;4;4;4;3;3
0;3;4;4;4;4;4;4;4;3;3
0;3;4;4;4;4;4;4;4;3;3
0;3;5;5;5;5;7;6;6;3;3

597;0;0;0;0;0;0;0;0;0;0
0;50;35;33;39;38;39;29;23;11;11
0;1404;555;445;714;553;445;173;14;11;11
0;19;16;16;17;17;17;15;14;11;11
0;16;16;15;16;16;17;15;14;11;11
0;47;35;34;35;35;21;12;12;11;11
0;2809;1255;1035;1519;1236;889;297;28;11;11

3355;0;0;0;0;0;0;0;0;0;0
0;5;92;92;92;121;222;193;150;5;5
0;5;25;25;25;31;53;47;37;5;5
0;5;25;25;25;31;53;47;37;5;5
0;5;25;25;25;31;53;47;37;5;5
0;5;6;6;6;6;6;6;6;5;5
0;5;133;133;133;175;323;281;217;5;5

1924;0;0;0;0;0;0;0;0;0;0
0;23;172;172;172;222;398;347;272;23;23
0;39;58;58;61;70;109;96;76;22;22
0;22;55;55;55;66;105;93;77;22;22
0;22;55;55;55;66;104;93;77;22;22
0;25;25;25;25;26;32;26;26;25;25
0;85;282;282;287;357;671;537;422;56;56

115;0;0;0;0;0;0;0;0;0;0
0;15;17;17;18;20;30;26;21;6;6
0;360;87;87;146;107;109;69;10;6;6
0;8;9;9;9;9;11;11;10;6;6
0;7;8;8;9;9;11;11;10;6;6
0;7;7;7;7;7;7;7;7;6;6
0;596;150;150;248;187;201;132;27;6;6

2136;0;0;0;0;0;0;0;0;0;0
0;6;5;5;5;5;5;4;4;4;4
0;108;27;27;44;32;33;21;4;4;4
0;4;4;4;4;4;4;4;4;4;4
0;4;4;4;4;4;4;4;4;4;4
0;5;5;5;5;5;7;5;5;5;5
0;191;56;56;85;66;90;47;18;18;18

124;0;0;0;0;0;0;0;0;0;0
0;10;90;90;90;116;208;182;142;10;10
0;10;28;28;28;34;54;48;40;10;10
0;10;28;28;28;34;54;48;40;10;10
0;10;28;28;28;34;54;48;40;10;10
0;10;11;11;11;11;11;11;11;10;10
0;10;127;127;127;165;301;262;204;10;10

3175;0;0;0;0;0;0;0;0;0;0
0;0;0;0;0;0;0;0;0;0;0
0;0;0;0;0;0;0;0;0;0;0
0;0;0;0;0;0;0;0;0;0;0
0;0;0;0;0;0;0;0;0;0;0
0;0;0;0;0;0;0;0;0;0;0
0;0;0;0;0;0;0;0;0;0;0

1520;0;0;0;0;0;0;0;0;0;0
0;31;51;51;54;63;102;89;69;13;13
0;796;195;195;325;241;249;160;26;13;13
0;16;21;21;22;24;33;30;26;13;13
0;15;21;21;21;24;32;30;26;13;13
0;15;14;14;14;14;14;14;14;13;13
0;1317;352;352;570;441;498;337;95;13;13

1850;0;0;0;0;0;0;0;0;0;0
0;3;3;3;3;3;3;3;2;2;2
0;46;12;12;19;15;15;10;2;2;2
0;3;3;3;3;3;3;3;2;2;2
0;3;3;3;3;3;3;3;2;2;2
0;3;3;3;3;3;3;3;2;2;2
0;75;19;19;31;23;23;15;2;2;2

466;0;0;0;0;0;0;0;0;0;0
0;7;4;4;5;4;4;4;3;3;3
0;140;34;34;57;42;42;26;3;3;3
0;4;4;4;4;4;4;4;3;3;3
0;4;4;4;4;4;4;4;3;3;3
0;4;4;4;4;4;4;4;3;3;3
0;232;54;54;92;67;67;42;3;3;3

2788;0;0;0;0;0;0;0;0;0;0
0;0;0;0;0;0;0;0;0;0;0
0;0;0;0;0;0;0;0;0;0;0
0;0;0;0;0;0;0;0;0;0;0
0;0;0;0;0;0;0;0;0;0;0
0;0;0;0;0;0;0;0;0;0;0
0;0;0;0;0;0;0;0;0;0;0

2094;0;0;0;0;0;0;0;0;0;0
0;38;82;82;86;104;175;152;118;16;16
0;981;244;244;405;302;318;206;39;16;16
0;20;31;31;31;35;51;46;39;16;16
0;18;30;30;31;35;50;46;39;16;16
0;18;17;17;17;17;17;17;17;16;16
0;1624;463;463;731;582;687;478;166;16;16

106;0;0;0;0;0;0;0;0;0;0
0;5;100;100;100;132;242;210;163;5;5
0;5;26;26;26;33;58;51;40;5;5
0;5;26;26;26;33;58;51;40;5;5
0;5;26;26;26;33;58;51;40;5;5
0;5;6;6;6;6;6;6;6;5;5
0;5;144;144;144;191;353;306;237;5;5

2132;0;0;0;0;0;0;0;0;0;0
0;8;77;77;77;100;181;158;123;8;8
0;8;24;24;24;29;46;41;34;8;8
0;8;24;24;24;29;46;41;34;8;8
0;8;24;24;24;29;46;41;34;8;8
0;8;9;9;9;9;9;9;9;8;8
0;8;110;110;110;144;262;228;177;8;8

464;0;0;0;0;0;0;0;0;0;0
0;14;9;9;10;9;9;8;6;6;6
0;339;81;81;136;99;99;62;6;6;6
0;8;7;7;7;7;7;7;6;6;6
0;7;7;7;7;7;7;7;6;6;6
0;7;7;7;8;8;7;7;6;6;6
0;560;147;147;239;177;169;99;6;6;6

2149;0;0;0;0;0;0;0;0;0;0
0;13;98;98;98;126;224;196;154;13;13
0;13;32;32;32;38;60;54;44;13;13
0;13;32;32;32;38;60;54;44;13;13
0;13;32;32;32;38;60;54;44;13;13
0;13;14;14;14;14;14;14;14;13;13
0;13;137;137;137;178;322;281;219;13;13

2680;0;0;0;0;0;0;0;0;0;0
0;8;5;5;5;5;5;4;3;3;3
0;219;51;51;87;63;63;39;3;3;3
0;4;4;4;4;4;4;4;3;3;3
0;4;4;4;4;4;4;4;3;3;3
0;4;4;4;4;4;4;4;3;3;3
0;362;83;83;143;103;103;63;3;3;3

1722;0;0;0;0;0;0;0;0;0;0
0;3;73;73;73;96;177;154;119;3;3
0;3;19;19;19;24;42;37;29;3;3
0;3;19;19;19;24;42;37;29;3;3
0;3;19;19;19;24;42;37;29;3;3
0;3;4;4;4;4;4;4;4;3;3
0;3;105;105;105;139;258;224;173;3;3

1956;0;0;0;0;0;0;0;0;0;0
0;9;21;21;21;26;43;38;30;5;5
0;170;45;45;73;55;59;40;11;5;5
0;6;9;9;9;10;14;13;11;5;5
0;6;9;9;9;10;14;12;11;5;5
0;6;6;6;6;6;6;6;6;5;5
0;279;88;88;133;110;135;97;41;5;5

22;0;0;0;0;0;0;0;0;0;0
0;12;6;6;67;67;67;66;65;4;4
0;314;73;73;134;99;99;65;13;4;4
0;5;5;5;16;16;16;16;16;4;4
0;5;5;5;16;16;16;16;16;4;4
0;5;5;5;14;13;13;13;13;4;4
0;521;119;119;316;259;259;201;115;4;4

1844;0;0;0;0;0;0;0;0;0;0
0;5;70;70;70;92;168;146;114;5;5
0;5;20;20;20;25;41;36;29;5;5
0;5;20;20;20;25;41;36;29;5;5
0;5;20;20;20;25;41;36;29;5;5
0;5;6;6;6;6;6;6;6;5;5
0;5;101;101;101;133;244;212;164;5;5

1724;0;0;0;0;0;0;0;0;0;0
0;3;3;3;3;3;6;3;3;3;3
0;2;2;2;2;2;2;2;2;2;2
0;2;2;2;2;2;3;2;2;2;2
0;2;2;2;2;2;2;2;2;2;2
0;7;7;7;7;7;16;7;7;7;7
0;54;54;54;54;54;142;54;54;54;54

183;0;0;0;0;0;0;0;0;0;0
0;7;62;62;62;79;142;122;96;7;7
0;7;19;19;19;23;36;32;26;7;7
0;7;19;19;19;23;36;32;26;7;7
0;7;19;19;19;23;36;32;26;7;7
0;8;10;10;10;10;13;9;9;8;8
0;25;138;138;138;164;269;195;156;25;25

3282;0;0;0;0;0;0;0;0;0;0
0;0;0;0;0;0;0;0;0;0;0
0;0;0;0;0;0;0;0;0;0;0
0;0;0;0;0;0;0;0;0;0;0
0;0;0;0;0;0;0;0;0;0;0
0;0;0;0;0;0;0;0;0;0;0
0;0;0;0;0;0;0;0;0;0;0

1072;0;0;0;0;0;0;0;0;0;0
0;1;1;1;52;52;52;52;52;1;1
0;1;1;1;9;9;9;9;9;1;1
0;1;1;1;11;11;11;11;11;1;1
0;1;1;1;11;11;11;11;11;1;1
0;1;1;1;9;9;9;9;9;1;1
0;1;1;1;95;95;95;95;95;1;1

1120;0;0;0;0;0;0;0;0;0;0
0;29;229;229;230;297;544;464;363;28;28
0;82;79;79;89;97;149;127;95;21;21
0;23;67;67;67;82;137;119;97;23;23
0;22;66;66;66;81;134;118;96;22;22
0;41;42;42;42;42;77;42;42;41;41
0;329;546;546;563;650;1341;886;721;227;227

1994;0;0;0;0;0;0;0;0;0;0
0;15;30;30;32;38;65;56;43;4;4
0;484;116;116;196;144;150;95;13;4;4
0;6;10;10;10;12;18;16;13;4;4
0;5;10;10;10;11;17;16;13;4;4
0;5;5;5;5;5;5;5;5;4;4
0;803;216;216;349;271;311;211;61;4;4

867;0;0;0;0;0;0;0;0;0;0
0;12;52;52;53;67;118;103;80;7;7
0;205;61;61;94;75;86;61;23;7;7
0;8;17;17;17;20;32;28;23;7;7
0;8;17;17;17;20;32;28;23;7;7
0;8;8;8;8;8;8;8;8;7;7
0;336;144;144;199;184;259;201;114;7;7

1726;0;0;0;0;0;0;0;0;0;0
0;2;2;2;2;2;4;2;2;2;2
0;2;2;2;2;2;2;2;2;2;2
0;2;2;2;2;2;2;2;2;2;2
0;2;2;2;2;2;2;2;2;2;2
0;4;4;4;4;4;9;4;4;4;4
0;30;30;30;30;30;77;30;30;30;30

125;0;0;0;0;0;0;0;0;0;0
0;8;30;30;30;37;63;56;45;8;8
0;8;13;13;13;15;20;19;16;8;8
0;8;13;13;13;15;20;19;16;8;8
0;8;13;13;13;15;20;19;16;8;8
0;8;9;9;9;9;9;9;9;8;8
0;8;40;40;40;51;88;78;62;8;8

123;0;0;0;0;0;0;0;0;0;0
0;5;2;2;3;2;2;2;1;1;1
0;150;35;35;59;43;43;26;1;1;1
0;2;2;2;2;2;2;2;1;1;1
0;2;2;2;2;2;2;2;1;1;1
0;2;2;2;2;2;2;2;1;1;1
0;250;57;57;98;70;70;43;1;1;1

1855;0;0;0;0;0;0;0;0;0;0
0;2;9;9;123;125;133;131;128;2;2
0;2;4;4;21;21;23;22;22;2;2
0;2;4;4;25;25;27;27;26;2;2
0;2;4;4;25;25;27;27;26;2;2
0;2;3;3;19;19;19;19;19;2;2
0;2;12;12;222;225;236;233;228;2;2

187;0;0;0;0;0;0;0;0;0;0
0;2;2;2;2;2;3;2;2;2;2
0;2;2;2;2;2;2;2;2;2;2
0;2;2;2;2;2;2;2;2;2;2
0;2;2;2;2;2;2;2;2;2;2
0;3;3;3;3;3;6;3;3;3;3
0;18;18;18;18;18;45;18;18;18;18

2152;0;0;0;0;0;0;0;0;0;0
0;10;11;11;11;11;16;9;9;9;9
0;38;14;14;20;16;16;11;6;6;6
0;7;7;7;7;7;9;7;7;7;7
0;6;7;7;7;7;7;6;6;6;6
0;16;19;19;19;19;35;16;16;16;16
0;165;174;174;183;177;328;120;111;111;111

991;0;0;0;0;0;0;0;0;0;0
0;0;0;0;0;0;0;0;0;0;0
0;0;0;0;0;0;0;0;0;0;0
0;0;0;0;0;0;0;0;0;0;0
0;0;0;0;0;0;0;0;0;0;0
0;0;0;0;0;0;0;0;0;0;0
0;0;0;0;0;0;0;0;0;0;0

1983;0;0;0;0;0;0;0;0;0;0
0;16;59;59;59;74;128;112;88;11;11
0;229;70;70;106;85;97;70;28;11;11
0;12;22;22;22;25;37;34;28;11;11
0;12;22;22;22;25;37;34;28;11;11
0;12;12;12;12;12;12;12;12;11;11
0;374;160;160;220;202;281;218;124;11;11

1824;0;0;0;0;0;0;0;0;0;0
0;8;72;72;72;93;168;146;115;8;8
0;8;23;23;23;27;44;39;32;8;8
0;8;23;23;23;27;44;39;32;8;8
0;8;23;23;23;27;44;39;32;8;8
0;8;9;9;9;9;9;9;9;8;8
0;8;102;102;102;133;242;211;164;8;8

1947;0;0;0;0;0;0;0;0;0;0
0;1;1;1;46;46;46;46;46;1;1
0;1;1;1;8;8;8;8;8;1;1
0;1;1;1;10;10;10;10;10;1;1
0;1;1;1;10;10;10;10;10;1;1
0;1;1;1;8;8;8;8;8;1;1
0;1;1;1;82;82;82;82;82;1;1

871;0;0;0;0;0;0;0;0;0;0
0;5;29;29;29;38;66;58;46;4;4
0;12;12;12;13;14;20;18;14;4;4
0;5;10;10;10;12;18;16;14;4;4
0;5;10;10;10;12;18;16;14;4;4
0;5;5;5;5;5;5;5;5;4;4
0;18;44;44;46;57;99;86;65;4;4

1224;0;0;0;0;0;0;0;0;0;0
0;7;75;75;75;97;175;153;119;7;7
0;7;22;22;22;27;44;39;32;7;7
0;7;22;22;22;27;44;39;32;7;7
0;7;22;22;22;27;44;39;32;7;7
0;7;8;8;8;8;8;8;8;7;7
0;7;106;106;106;139;254;221;172;7;7

3406;0;0;0;0;0;0;0;0;0;0
0;11;24;24;24;28;50;38;32;11;11
0;7;9;9;9;10;14;13;11;7;7
0;8;11;11;11;12;17;14;12;8;8
0;7;10;10;10;11;15;13;12;7;7
0;20;21;21;21;21;44;21;21;20;20
0;146;166;166;166;172;426;186;177;146;146

877;0;0;0;0;0;0;0;0;0;0
0;1;1;1;92;92;92;92;92;1;1
0;1;1;1;15;15;15;15;15;1;1
0;1;1;1;18;18;18;18;18;1;1
0;1;1;1;18;18;18;18;18;1;1
0;1;1;1;15;15;15;15;15;1;1
0;1;1;1;167;167;167;167;167;1;1

2650;0;0;0;0;0;0;0;0;0;0
0;0;0;0;0;0;0;0;0;0;0
0;0;0;0;0;0;0;0;0;0;0
0;0;0;0;0;0;0;0;0;0;0
0;0;0;0;0;0;0;0;0;0;0
0;0;0;0;0;0;0;0;0;0;0
0;0;0;0;0;0;0;0;0;0;0

2000;0;0;0;0;0;0;0;0;0;0
0;7;30;30;30;38;65;57;45;5;5
0;76;26;26;38;32;38;29;14;5;5
0;6;11;11;11;13;19;17;14;5;5
0;6;11;11;11;13;19;17;14;5;5
0;6;6;6;6;6;6;6;6;5;5
0;122;66;66;86;85;125;101;64;5;5

109;0;0;0;0;0;0;0;0;0;0
0;4;3;3;3;3;3;3;2;2;2
0;75;19;19;31;23;23;15;2;2;2
0;3;3;3;3;3;3;3;2;2;2
0;3;3;3;3;3;3;3;2;2;2
0;3;3;3;3;3;3;3;2;2;2
0;123;34;34;54;40;38;23;2;2;2

1560;0;0;0;0;0;0;0;0;0;0
0;1;1;1;13;13;13;13;13;1;1
0;1;1;1;3;3;3;3;3;1;1
0;1;1;1;4;4;4;4;4;1;1
0;1;1;1;4;4;4;4;4;1;1
0;1;1;1;3;3;3;3;3;1;1
0;1;1;1;22;22;22;22;22;1;1

555;0;0;0;0;0;0;0;0;0;0
0;0;0;0;0;0;0;0;0;0;0
0;0;0;0;0;0;0;0;0;0;0
0;0;0;0;0;0;0;0;0;0;0
0;0;0;0;0;0;0;0;0;0;0
0;0;0;0;0;0;0;0;0;0;0
0;0;0;0;0;0;0;0;0;0;0

2648;0;0;0;0;0;0;0;0;0;0
0;7;96;96;96;125;228;198;154;7;7
0;7;27;27;27;33;56;50;40;7;7
0;7;27;27;27;33;56;50;40;7;7
0;7;27;27;27;33;56;50;40;7;7
0;7;8;8;8;8;8;8;8;7;7
0;7;137;137;137;180;331;288;223;7;7

2146;0;0;0;0;0;0;0;0;0;0
0;10;68;68;68;87;154;135;106;10;10
0;10;23;23;23;27;42;38;32;10;10
0;10;23;23;23;27;42;38;32;10;10
0;10;23;23;23;27;42;38;32;10;10
0;10;11;11;11;11;11;11;11;10;10
0;10;95;95;95;123;222;194;151;10;10

457;0;0;0;0;0;0;0;0;0;0
0;25;45;45;46;53;95;72;59;19;19
0;294;79;79;126;97;103;70;20;11;11
0;14;19;19;19;20;31;25;22;13;13
0;12;17;17;17;19;27;23;21;12;12
0;36;36;36;36;36;77;36;35;35;35
0;731;402;402;481;440;893;414;318;259;259

2137;0;0;0;0;0;0;0;0;0;0
0;8;6;6;6;6;8;6;5;5;5
0;100;26;26;42;31;31;20;5;5;5
0;5;5;5;5;5;5;5;5;5;5
0;5;5;5;5;5;5;5;5;5;5
0;7;7;7;7;7;12;7;7;7;7
0;190;66;66;93;75;120;58;31;31;31

1095;0;0;0;0;0;0;0;0;0;0
0;5;74;74;74;97;177;154;120;5;5
0;5;21;21;21;26;43;38;31;5;5
0;5;21;21;21;26;43;38;31;5;5
0;5;21;21;21;26;43;38;31;5;5
0;5;6;6;6;6;6;6;6;5;5
0;5;106;106;106;140;257;224;173;5;5

1551;0;0;0;0;0;0;0;0;0;0
0;35;18;18;22;20;23;20;14;9;9
0;1128;259;259;445;321;322;197;11;9;9
0;13;11;11;12;11;12;11;11;9;9
0;11;11;11;11;11;12;11;11;9;9
0;11;10;10;10;10;10;10;10;9;9
0;1873;428;428;738;533;537;329;16;9;9

1725;0;0;0;0;0;0;0;0;0;0
0;7;20;20;20;24;43;35;28;7;7
0;5;7;7;7;8;12;11;9;5;5
0;5;8;8;8;9;13;11;10;5;5
0;5;8;8;8;9;12;11;10;5;5
0;10;10;10;10;10;20;11;11;10;10
0;64;83;83;83;89;211;105;96;64;64

450;0;0;0;0;0;0;0;0;0;0
0;20;19;19;20;21;26;23;18;9;9
0;468;114;114;190;140;140;89;11;9;9
0;11;11;11;12;12;13;12;11;9;9
0;10;11;11;11;12;13;12;11;9;9
0;10;12;12;12;13;11;11;10;9;9
0;774;232;232;359;277;264;155;23;9;9

1768;0;0;0;0;0;0;0;0;0;0
0;11;64;64;65;84;152;132;101;4;4
0;292;81;81;129;101;116;80;26;4;4
0;5;18;18;18;22;37;32;26;4;4
0;5;17;17;17;22;37;32;26;4;4
0;5;5;5;5;5;5;5;5;4;4
0;484;196;196;276;252;351;269;147;4;4

1991;0;0;0;0;0;0;0;0;0;0
0;10;54;54;55;71;128;111;86;4;4
0;238;67;67;106;84;96;67;22;4;4
0;5;15;15;16;19;32;28;22;4;4
0;5;15;15;15;19;31;28;22;4;4
0;5;5;5;5;5;5;5;5;4;4
0;393;163;163;227;208;292;224;124;4;4

445;0;0;0;0;0;0;0;0;0;0
0;2;42;42;42;55;101;87;68;2;2
0;2;11;11;11;14;24;21;17;2;2
0;2;11;11;11;14;24;21;17;2;2
0;2;11;11;11;14;24;21;17;2;2
0;2;3;3;3;3;3;3;3;2;2
0;2;60;60;60;79;147;127;99;2;2

1977;0;0;0;0;0;0;0;0;0;0
0;15;175;175;176;230;421;366;283;9;9
0;258;101;101;142;127;169;129;70;9;9
0;10;46;46;46;58;100;88;70;9;9
0;10;46;46;46;58;100;88;70;9;9
0;10;10;10;10;10;11;11;10;9;9
0;424;343;343;412;446;727;601;411;9;9

107;0;0;0;0;0;0;0;0;0;0
0;5;6;6;6;7;8;7;7;5;5
0;5;6;6;6;6;6;6;6;5;5
0;5;6;6;6;6;6;6;6;5;5
0;5;6;6;6;6;6;6;6;5;5
0;5;6;6;6;6;6;6;6;5;5
0;5;7;7;7;7;9;8;8;5;5

866;0;0;0;0;0;0;0;0;0;0
0;13;143;143;143;186;337;294;229;13;13
0;13;42;42;42;52;85;75;61;13;13
0;13;42;42;42;52;85;75;61;13;13
0;13;42;42;42;52;85;75;61;13;13
0;13;14;14;14;14;14;14;14;13;13
0;13;204;204;204;267;489;425;330;13;13

1765;0;0;0;0;0;0;0;0;0;0
0;1;1;1;112;112;112;112;112;1;1
0;1;1;1;18;18;18;18;18;1;1
0;1;1;1;22;22;22;22;22;1;1
0;1;1;1;22;22;22;22;22;1;1
0;1;1;1;18;18;18;18;18;1;1
0;1;1;1;204;204;204;204;204;1;1

874;0;0;0;0;0;0;0;0;0;0
0;28;10;10;14;12;12;9;5;5;5
0;977;221;221;383;275;275;167;5;5;5
0;9;6;6;7;6;6;6;5;5;5
0;7;6;6;6;6;6;6;5;5;5
0;7;6;6;6;6;6;6;5;5;5
0;1625;365;365;635;455;455;275;5;5;5

1679;0;0;0;0;0;0;0;0;0;0
0;14;50;50;51;66;112;99;76;6;6
0;333;88;88;143;110;120;82;22;6;6
0;8;16;16;16;21;30;29;22;6;6
0;7;16;16;16;21;30;29;22;6;6
0;7;7;7;7;19;7;19;7;6;6
0;551;191;191;282;249;312;237;108;6;6

451;0;0;0;0;0;0;0;0;0;0
0;17;30;30;32;36;55;47;37;9;9
0;354;92;92;149;112;115;75;16;9;9
0;11;14;14;14;16;19;18;16;9;9
0;10;14;14;14;16;19;18;16;9;9
0;10;13;13;13;15;11;11;10;9;9
0;583;226;226;322;268;263;160;51;9;9

1082;0;0;0;0;0;0;0;0;0;0
0;4;4;4;51;51;51;51;51;3;3
0;26;9;9;19;17;17;14;10;3;3
0;4;4;4;12;12;12;12;12;3;3
0;4;4;4;12;12;12;12;12;3;3
0;4;4;4;10;10;10;10;10;3;3
0;42;12;12;105;101;101;96;90;3;3

2095;0;0;0;0;0;0;0;0;0;0
0;5;3;3;4;3;3;3;2;2;2
0;132;31;31;53;38;38;24;2;2;2
0;3;3;3;3;3;3;3;2;2;2
0;3;3;3;3;3;3;3;2;2;2
0;3;3;3;3;3;3;3;2;2;2
0;218;50;50;86;62;62;38;2;2;2

3501;0;0;0;0;0;0;0;0;0;0
0;8;3;3;4;3;3;3;1;1;1
0;278;63;63;109;78;78;48;1;1;1
0;2;2;2;2;2;2;2;1;1;1
0;2;2;2;2;2;2;2;1;1;1
0;2;2;2;2;2;2;2;1;1;1
0;462;104;104;180;129;129;78;1;1;1

3;0;0;0;0;0;0;0;0;0;0
0;1;12;12;12;16;29;25;20;1;1
0;1;4;4;4;5;8;7;6;1;1
0;1;4;4;4;5;8;7;6;1;1
0;1;4;4;4;5;8;7;6;1;1
0;1;2;2;2;2;2;2;2;1;1
0;1;18;18;18;23;42;36;28;1;1

959;0;0;0;0;0;0;0;0;0;0
0;0;0;0;0;0;0;0;0;0;0
0;0;0;0;0;0;0;0;0;0;0
0;0;0;0;0;0;0;0;0;0;0
0;0;0;0;0;0;0;0;0;0;0
0;0;0;0;0;0;0;0;0;0;0
0;0;0;0;0;0;0;0;0;0;0

1944;0;0;0;0;0;0;0;0;0;0
0;2;3;3;3;3;3;2;2;2;2
0;2;3;3;3;3;3;2;2;2;2
0;2;3;3;3;3;3;2;2;2;2
0;2;3;3;3;3;3;2;2;2;2
0;2;4;4;4;4;3;2;2;2;2
0;2;27;27;27;27;15;2;2;2;2

1843;0;0;0;0;0;0;0;0;0;0
0;5;83;83;83;108;198;173;134;5;5
0;5;22;22;22;28;48;42;34;5;5
0;5;22;22;22;28;48;42;34;5;5
0;5;22;22;22;28;48;42;34;5;5
0;5;6;6;6;6;6;6;6;5;5
0;5;119;119;119;157;289;251;194;5;5

3210;0;0;0;0;0;0;0;0;0;0
0;43;26;26;32;31;42;35;25;9;9
0;1492;341;341;588;424;426;261;13;9;9
0;14;13;13;13;14;16;15;13;9;9
0;12;12;12;12;13;15;14;13;9;9
0;12;10;10;10;10;10;10;10;9;9
0;2480;572;572;984;714;730;451;32;9;9

3447;0;0;0;0;0;0;0;0;0;0
0;1;1;1;133;133;133;133;133;1;1
0;1;1;1;21;21;21;21;21;1;1
0;1;1;1;26;26;26;26;26;1;1
0;1;1;1;26;26;26;26;26;1;1
0;1;1;1;21;21;21;21;21;1;1
0;1;1;1;242;242;242;242;242;1;1

872;0;0;0;0;0;0;0;0;0;0
0;3;30;30;30;39;71;62;48;3;3
0;3;9;9;9;11;18;16;13;3;3
0;3;9;9;9;11;18;16;13;3;3
0;3;9;9;9;11;18;16;13;3;3
0;3;4;4;4;4;4;4;4;3;3
0;3;43;43;43;56;102;89;69;3;3

1993;0;0;0;0;0;0;0;0;0;0
0;9;44;44;45;57;101;88;69;5;5
0;159;48;48;74;59;69;49;19;5;5
0;6;14;14;14;17;26;24;19;5;5
0;6;14;14;14;17;26;24;19;5;5
0;6;6;6;6;6;6;6;6;5;5
0;262;118;118;161;151;216;169;98;5;5

962;0;0;0;0;0;0;0;0;0;0
0;2;18;18;127;132;150;145;137;2;2
0;2;6;6;22;23;27;26;24;2;2
0;2;6;6;26;27;31;30;28;2;2
0;2;6;6;26;27;31;30;28;2;2
0;2;3;3;18;19;19;19;19;2;2
0;2;25;25;225;232;259;251;240;2;2

1825;0;0;0;0;0;0;0;0;0;0
0;19;150;150;151;195;353;307;239;14;14
0;196;84;84;115;104;139;109;64;14;14
0;15;44;44;44;54;89;79;64;14;14
0;15;44;44;44;54;89;79;64;14;14
0;15;15;15;15;15;16;15;15;14;14
0;316;280;280;330;362;593;494;344;14;14

465;0;0;0;0;0;0;0;0;0;0
0;10;6;6;7;6;6;5;4;4;4
0;227;54;54;91;66;66;42;4;4;4
0;5;5;5;5;5;5;5;4;4;4
0;5;5;5;5;5;5;5;4;4;4
0;5;5;5;5;5;5;5;4;4;4
0;376;89;89;151;110;109;66;4;4;4

1512;0;0;0;0;0;0;0;0;0;0
0;42;161;161;165;209;370;321;247;15;15
0;1178;305;305;499;380;415;276;66;15;15
0;19;47;47;48;59;93;84;66;15;15
0;17;47;47;47;58;92;83;66;15;15
0;17;17;17;18;25;17;25;16;15;15
0;1953;667;667;990;848;1072;785;355;15;15

1308;0;0;0;0;0;0;0;0;0;0
0;0;0;0;0;0;0;0;0;0;0
0;0;0;0;0;0;0;0;0;0;0
0;0;0;0;0;0;0;0;0;0;0
0;0;0;0;0;0;0;0;0;0;0
0;0;0;0;0;0;0;0;0;0;0
0;0;0;0;0;0;0;0;0;0;0

122;0;0;0;0;0;0;0;0;0;0
0;6;2;2;3;3;3;2;1;1;1
0;178;41;41;70;51;51;31;1;1;1
0;2;2;2;2;2;2;2;1;1;1
0;2;2;2;2;2;2;2;1;1;1
0;2;2;2;2;2;2;2;1;1;1
0;296;67;67;116;83;83;51;1;1;1

858;0;0;0;0;0;0;0;0;0;0
0;4;2;2;3;2;2;2;1;1;1
0;117;27;27;46;34;34;21;1;1;1
0;2;2;2;2;2;2;2;1;1;1
0;2;2;2;2;2;2;2;1;1;1
0;2;2;2;2;2;2;2;1;1;1
0;194;44;44;76;55;55;34;1;1;1

2092;0;0;0;0;0;0;0;0;0;0
0;33;122;122;125;157;278;241;186;14;14
0;811;214;214;347;266;293;196;52;14;14
0;17;38;38;38;46;72;64;52;14;14
0;16;38;38;38;45;72;64;52;14;14
0;16;15;15;15;15;16;15;15;14;14
0;1342;461;461;682;585;762;564;267;14;14

190;0;0;0;0;0;0;0;0;0;0
0;0;0;0;0;0;0;0;0;0;0
0;0;0;0;0;0;0;0;0;0;0
0;0;0;0;0;0;0;0;0;0;0
0;0;0;0;0;0;0;0;0;0;0
0;0;0;0;0;0;0;0;0;0;0
0;0;0;0;0;0;0;0;0;0;0

873;0;0;0;0;0;0;0;0;0;0
0;29;11;11;15;12;12;9;5;5;5
0;1027;233;233;403;289;289;176;5;5;5
0;9;6;6;7;6;6;6;5;5;5
0;7;6;6;6;6;6;6;5;5;5
0;7;6;6;6;6;6;6;5;5;5
0;1709;384;384;668;479;479;289;5;5;5

3196;0;0;0;0;0;0;0;0;0;0
0;0;0;0;0;0;0;0;0;0;0
0;0;0;0;0;0;0;0;0;0;0
0;0;0;0;0;0;0;0;0;0;0
0;0;0;0;0;0;0;0;0;0;0
0;0;0;0;0;0;0;0;0;0;0
0;0;0;0;0;0;0;0;0;0;0

2649;0;0;0;0;0;0;0;0;0;0
0;7;105;105;105;137;251;219;170;7;7
0;7;29;29;29;36;61;54;43;7;7
0;7;29;29;29;36;61;54;43;7;7
0;7;29;29;29;36;61;54;43;7;7
0;7;8;8;8;8;8;8;8;7;7
0;7;151;151;151;198;365;318;246;7;7

1764;0;0;0;0;0;0;0;0;0;0
0;1;1;1;116;116;116;116;116;1;1
0;1;1;1;18;18;18;18;18;1;1
0;1;1;1;22;22;22;22;22;1;1
0;1;1;1;22;22;22;22;22;1;1
0;1;1;1;18;18;18;18;18;1;1
0;1;1;1;211;211;211;211;211;1;1

2626;0;0;0;0;0;0;0;0;0;0
0;5;62;62;62;81;146;128;99;5;5
0;5;18;18;18;22;37;32;26;5;5
0;5;18;18;18;22;37;32;26;5;5
0;5;18;18;18;22;37;32;26;5;5
0;5;6;6;6;6;6;6;6;5;5
0;5;88;88;88;116;213;185;144;5;5

3350;0;0;0;0;0;0;0;0;0;0
0;1;1;1;52;52;52;52;52;1;1
0;1;1;1;9;9;9;9;9;1;1
0;1;1;1;11;11;11;11;11;1;1
0;1;1;1;11;11;11;11;11;1;1
0;1;1;1;9;9;9;9;9;1;1
0;1;1;1;94;94;94;94;94;1;1

112;0;0;0;0;0;0;0;0;0;0
0;11;13;13;14;15;21;19;16;6;6
0;201;51;51;83;62;63;41;9;6;6
0;7;8;8;8;8;10;9;9;6;6
0;7;8;8;8;8;10;9;9;6;6
0;7;7;7;7;7;7;7;7;6;6
0;330;86;86;140;107;116;78;20;6;6

2719;0;0;0;0;0;0;0;0;0;0
0;6;4;4;4;4;4;4;3;3;3
0;107;26;26;44;32;32;21;3;3;3
0;4;4;4;4;4;4;4;3;3;3
0;4;4;4;4;4;4;4;3;3;3
0;4;4;4;4;4;4;4;3;3;3
0;176;42;42;71;51;51;32;3;3;3

1305;0;0;0;0;0;0;0;0;0;0
0;0;0;0;0;0;0;0;0;0;0
0;0;0;0;0;0;0;0;0;0;0
0;0;0;0;0;0;0;0;0;0;0
0;0;0;0;0;0;0;0;0;0;0
0;0;0;0;0;0;0;0;0;0;0
0;0;0;0;0;0;0;0;0;0;0

551;0;0;0;0;0;0;0;0;0;0
0;1;1;1;73;73;73;73;73;1;1
0;1;1;1;12;12;12;12;12;1;1
0;1;1;1;15;15;15;15;15;1;1
0;1;1;1;15;15;15;15;15;1;1
0;1;1;1;12;12;12;12;12;1;1
0;1;1;1;132;132;132;132;132;1;1

2143;0;0;0;0;0;0;0;0;0;0
0;0;0;0;0;0;0;0;0;0;0
0;0;0;0;0;0;0;0;0;0;0
0;0;0;0;0;0;0;0;0;0;0
0;0;0;0;0;0;0;0;0;0;0
0;0;0;0;0;0;0;0;0;0;0
0;0;0;0;0;0;0;0;0;0;0

2392;0;0;0;0;0;0;0;0;0;0
0;1;1;1;146;146;146;146;146;1;1
0;1;1;1;23;23;23;23;23;1;1
0;1;1;1;28;28;28;28;28;1;1
0;1;1;1;28;28;28;28;28;1;1
0;1;1;1;23;23;23;23;23;1;1
0;1;1;1;267;267;267;267;267;1;1

191;0;0;0;0;0;0;0;0;0;0
0;1;2;2;2;2;2;1;1;1;1
0;1;2;2;2;2;2;1;1;1;1
0;1;2;2;2;2;2;1;1;1;1
0;1;2;2;2;2;2;1;1;1;1
0;1;2;2;2;2;2;1;1;1;1
0;1;20;20;20;20;11;1;1;1;1

452;0;0;0;0;0;0;0;0;0;0
0;17;58;58;59;74;124;107;84;10;10
0;328;92;92;145;113;123;84;26;10;10
0;11;20;20;20;24;35;31;26;10;10
0;10;20;20;20;24;34;31;26;10;10
0;10;13;13;13;15;12;12;10;10;10
0;541;265;265;353;318;358;242;119;10;10

2140;0;0;0;0;0;0;0;0;0;0
0;5;50;50;50;65;117;102;80;5;5
0;5;15;15;15;19;30;27;22;5;5
0;5;15;15;15;19;30;27;22;5;5
0;5;15;15;15;19;30;27;22;5;5
0;5;6;6;6;6;6;6;6;5;5
0;5;71;71;71;93;169;147;114;5;5

18;0;0;0;0;0;0;0;0;0;0
0;40;28;27;30;29;24;18;15;13;13
0;913;418;321;503;398;302;100;14;13;13
0;19;17;17;17;17;16;14;14;13;13
0;17;16;16;16;16;15;14;14;13;13
0;44;34;34;35;35;22;15;14;13;13
0;1930;995;802;1137;947;626;161;16;13;13

4001;0;0;0;0;0;0;0;0;0;0
0;0;0;0;0;0;0;0;0;0;0
0;0;0;0;0;0;0;0;0;0;0
0;0;0;0;0;0;0;0;0;0;0
0;0;0;0;0;0;0;0;0;0;0
0;0;0;0;0;0;0;0;0;0;0
0;0;0;0;0;0;0;0;0;0;0

1851;0;0;0;0;0;0;0;0;0;0
0;10;6;6;7;6;6;5;4;4;4
0;246;58;58;98;72;72;45;4;4;4
0;5;5;5;5;5;5;5;4;4;4
0;5;5;5;5;5;5;5;4;4;4
0;5;5;5;5;5;5;5;4;4;4
0;407;94;94;161;116;116;72;4;4;4

1533;0;0;0;0;0;0;0;0;0;0
0;14;7;7;103;102;102;101;99;4;4
0;405;93;93;174;130;130;85;18;4;4
0;6;5;5;22;22;22;22;22;4;4
0;5;5;5;22;22;22;22;22;4;4
0;5;5;5;19;19;19;19;18;4;4
0;672;153;153;438;364;364;290;179;4;4

2729;0;0;0;0;0;0;0;0;0;0
0;3;3;3;3;3;7;3;3;3;3
0;2;2;2;2;2;2;2;2;2;2
0;2;2;2;2;2;3;2;2;2;2
0;2;2;2;2;2;2;2;2;2;2
0;7;7;7;7;7;17;7;7;7;7
0;59;59;59;59;59;154;59;59;59;59

2148;0;0;0;0;0;0;0;0;0;0
0;11;46;46;46;58;98;87;69;11;11
0;11;19;19;19;22;31;28;24;11;11
0;11;19;19;19;22;31;28;24;11;11
0;11;19;19;19;22;31;28;24;11;11
0;11;12;12;12;12;12;12;12;11;11
0;11;62;62;62;79;139;122;96;11;11

1126;0;0;0;0;0;0;0;0;0;0
0;3;4;4;4;4;5;3;3;3;3
0;3;3;3;3;3;3;3;3;3;3
0;3;3;3;3;3;3;3;3;3;3
0;3;3;3;3;3;3;3;3;3;3
0;5;6;6;6;6;10;5;5;5;5
0;32;37;37;37;37;83;32;32;32;32

2144;0;0;0;0;0;0;0;0;0;0
0;14;46;46;48;60;107;92;71;4;4
0;401;101;101;168;126;137;90;19;4;4
0;6;14;14;14;17;27;24;19;4;4
0;5;13;13;14;16;27;24;19;4;4
0;5;5;5;5;5;5;5;5;4;4
0;665;210;210;320;266;334;241;102;4;4

1829;0;0;0;0;0;0;0;0;0;0
0;8;39;39;40;51;90;78;61;4;4
0;172;49;49;77;61;70;49;17;4;4
0;5;12;12;12;15;23;21;17;4;4
0;5;12;12;12;14;23;21;17;4;4
0;5;5;5;5;5;5;5;5;4;4
0;283;116;116;163;148;206;159;87;4;4

863;0;0;0;0;0;0;0;0;0;0
0;14;48;48;69;81;124;111;93;11;11
0;113;42;42;62;53;63;49;28;11;11
0;12;20;20;23;26;35;33;29;11;11
0;12;20;20;23;26;35;33;29;11;11
0;12;12;12;15;15;15;15;15;11;11
0;181;103;103;168;168;230;193;138;11;11

2627;0;0;0;0;0;0;0;0;0;0
0;0;0;0;0;0;0;0;0;0;0
0;0;0;0;0;0;0;0;0;0;0
0;0;0;0;0;0;0;0;0;0;0
0;0;0;0;0;0;0;0;0;0;0
0;0;0;0;0;0;0;0;0;0;0
0;0;0;0;0;0;0;0;0;0;0

1122;0;0;0;0;0;0;0;0;0;0
0;25;287;287;287;374;681;593;462;25;25
0;48;88;88;91;108;175;154;121;25;25
0;25;82;82;82;102;169;150;121;25;25
0;25;82;82;82;102;169;150;121;25;25
0;25;26;26;26;26;27;26;26;25;25
0;67;422;422;428;552;1007;869;670;28;28

17;0;0;0;0;0;0;0;0;0;0
0;41;25;24;27;25;19;13;10;10;10
0;1041;455;353;559;438;336;114;10;10;10
0;16;14;13;14;14;12;11;10;10;10
0;15;13;13;13;13;12;11;10;10;10
0;43;32;32;32;32;19;11;10;10;10
0;2168;1064;861;1237;1020;685;184;10;10;10

2646;0;0;0;0;0;0;0;0;0;0
0;16;184;184;184;240;436;380;296;16;16
0;16;53;53;53;66;109;97;78;16;16
0;16;53;53;53;66;109;97;78;16;16
0;16;53;53;53;66;109;97;78;16;16
0;16;17;17;17;17;18;18;17;16;16
0;16;263;263;263;345;633;550;427;16;16

10;0;0;0;0;0;0;0;0;0;0
0;4;2;2;2;2;2;2;1;1;1
0;112;26;26;44;32;32;20;1;1;1
0;2;2;2;2;2;2;2;1;1;1
0;2;2;2;2;2;2;2;1;1;1
0;2;2;2;2;2;2;2;1;1;1
0;185;42;42;73;52;52;32;1;1;1

1546;0;0;0;0;0;0;0;0;0;0
0;10;7;7;8;8;10;9;7;3;3
0;272;64;64;108;79;79;49;4;3;3
0;4;4;4;4;4;5;5;4;3;3
0;4;4;4;4;4;5;5;4;3;3
0;4;4;4;4;4;4;4;4;3;3
0;451;106;106;180;132;135;84;8;3;3

1976;0;0;0;0;0;0;0;0;0;0
0;17;165;165;166;215;391;341;265;13;13
0;150;77;77;100;96;135;108;69;13;13
0;14;47;47;47;58;97;86;69;13;13
0;14;47;47;47;58;97;86;69;13;13
0;14;14;14;14;14;15;14;14;13;13
0;242;286;286;324;372;631;532;383;13;13

441;0;0;0;0;0;0;0;0;0;0
0;12;34;34;35;43;74;65;50;5;5
0;286;74;74;121;91;98;65;15;5;5
0;6;12;12;12;14;20;18;15;5;5
0;6;11;11;12;13;20;18;15;5;5
0;6;6;6;6;6;6;6;6;5;5
0;474;149;149;227;188;234;169;71;5;5

1852;0;0;0;0;0;0;0;0;0;0
0;17;7;7;9;8;8;7;4;4;4
0;532;122;122;210;151;151;92;4;4;4
0;6;5;5;5;5;5;5;4;4;4
0;5;5;5;5;5;5;5;4;4;4
0;5;5;5;5;5;5;5;4;4;4
0;884;200;200;346;249;249;151;4;4;4

3199;0;0;0;0;0;0;0;0;0;0
0;7;180;180;180;237;438;381;295;7;7
0;7;45;45;45;58;102;90;71;7;7
0;7;45;45;45;58;102;90;71;7;7
0;7;45;45;45;58;102;90;71;7;7
0;7;8;8;8;8;9;9;8;7;7
0;7;261;261;261;345;640;556;429;7;7

216;0;0;0;0;0;0;0;0;0;0
0;21;130;130;130;166;309;257;202;21;21
0;12;36;36;36;44;72;64;52;12;12
0;14;38;38;38;46;79;66;54;14;14
0;13;37;37;37;45;75;65;53;13;13
0;39;40;40;40;40;87;40;40;39;39
0;290;450;450;450;503;1154;637;557;290;290

593;0;0;0;0;0;0;0;0;0;0
0;2;4;4;69;70;71;71;70;2;2
0;2;3;3;12;12;13;13;13;2;2
0;2;3;3;15;15;15;15;15;2;2
0;2;3;3;15;15;15;15;15;2;2
0;2;3;3;12;12;12;12;12;2;2
0;2;5;5;124;125;127;127;126;2;2

2012;0;0;0;0;0;0;0;0;0;0
0;14;25;25;26;31;53;45;35;4;4
0;415;100;100;168;124;129;82;11;4;4
0;6;9;9;9;10;15;13;11;4;4
0;5;9;9;9;10;15;13;11;4;4
0;5;5;5;5;5;5;5;5;4;4
0;689;183;183;297;230;261;176;49;4;4

3013;0;0;0;0;0;0;0;0;0;0
0;20;20;20;20;20;43;19;19;19;19
0;51;16;16;24;19;19;13;6;6;6
0;10;10;10;10;10;16;10;10;10;10
0;8;8;8;8;8;11;8;8;8;8
0;46;47;47;47;47;114;46;46;46;46
0;488;438;438;450;442;1114;424;412;412;412

1225;0;0;0;0;0;0;0;0;0;0
0;6;3;3;3;3;3;2;1;1;1
0;210;48;48;83;59;59;36;1;1;1
0;2;2;2;2;2;2;2;1;1;1
0;2;2;2;2;2;2;2;1;1;1
0;2;2;2;2;2;2;2;1;1;1
0;349;79;79;137;98;98;59;1;1;1

2001;0;0;0;0;0;0;0;0;0;0
0;26;12;12;15;14;13;11;6;6;6
0;881;202;202;347;251;250;153;6;6;6
0;9;7;7;8;9;7;9;6;6;6
0;8;7;7;7;9;7;8;6;6;6
0;8;8;8;8;17;8;16;6;6;6
0;1463;358;358;601;445;425;255;6;6;6

1847;0;0;0;0;0;0;0;0;0;0
0;0;0;0;0;0;0;0;0;0;0
0;0;0;0;0;0;0;0;0;0;0
0;0;0;0;0;0;0;0;0;0;0
0;0;0;0;0;0;0;0;0;0;0
0;0;0;0;0;0;0;0;0;0;0
0;0;0;0;0;0;0;0;0;0;0

1544;0;0;0;0;0;0;0;0;0;0
0;0;0;0;0;0;0;0;0;0;0
0;0;0;0;0;0;0;0;0;0;0
0;0;0;0;0;0;0;0;0;0;0
0;0;0;0;0;0;0;0;0;0;0
0;0;0;0;0;0;0;0;0;0;0
0;0;0;0;0;0;0;0;0;0;0

1518;0;0;0;0;0;0;0;0;0;0
0;13;16;16;17;18;26;23;19;8;8
0;209;55;55;88;66;68;45;11;8;8
0;9;10;10;10;11;12;12;11;8;8
0;9;10;10;10;11;12;12;11;8;8
0;9;9;9;9;9;9;9;9;8;8
0;343;92;92;148;114;125;85;24;8;8

857;0;0;0;0;0;0;0;0;0;0
0;7;3;3;3;3;3;2;1;1;1
0;225;51;51;89;64;64;39;1;1;1
0;2;2;2;2;2;2;2;1;1;1
0;2;2;2;2;2;2;2;1;1;1
0;2;2;2;2;2;2;2;1;1;1
0;375;84;84;147;105;105;64;1;1;1

12;0;0;0;0;0;0;0;0;0;0
0;0;0;0;0;0;0;0;0;0;0
0;0;0;0;0;0;0;0;0;0;0
0;0;0;0;0;0;0;0;0;0;0
0;0;0;0;0;0;0;0;0;0;0
0;0;0;0;0;0;0;0;0;0;0
0;0;0;0;0;0;0;0;0;0;0

2778;0;0;0;0;0;0;0;0;0;0
0;10;4;4;5;5;5;4;2;2;2
0;336;77;77;132;95;95;58;2;2;2
0;4;3;3;3;3;3;3;2;2;2
0;3;3;3;3;3;3;3;2;2;2
0;3;3;3;3;3;3;3;2;2;2
0;558;126;126;218;157;157;95;2;2;2

1989;0;0;0;0;0;0;0;0;0;0
0;3;31;31;31;41;73;64;50;3;3
0;3;10;10;10;12;19;17;14;3;3
0;3;10;10;10;12;19;17;14;3;3
0;3;10;10;10;12;19;17;14;3;3
0;3;4;4;4;4;4;4;4;3;3
0;3;45;45;45;58;106;93;72;3;3

1508;0;0;0;0;0;0;0;0;0;0
0;3;3;3;3;3;3;3;2;2;2
0;13;5;5;7;6;5;4;2;2;2
0;3;3;3;3;3;3;3;2;2;2
0;3;3;3;3;3;3;3;2;2;2
0;3;3;3;3;3;3;3;2;2;2
0;20;9;9;12;10;9;5;2;2;2

1992;0;0;0;0;0;0;0;0;0;0
0;8;34;34;35;44;78;68;53;4;4
0;139;41;41;63;51;58;41;15;4;4
0;5;11;11;11;13;21;19;15;4;4
0;5;11;11;11;13;21;18;15;4;4
0;5;5;5;5;5;5;5;5;4;4
0;229;97;97;135;124;174;135;76;4;4

4016;0;0;0;0;0;0;0;0;0;0
0;0;0;0;0;0;0;0;0;0;0
0;0;0;0;0;0;0;0;0;0;0
0;0;0;0;0;0;0;0;0;0;0
0;0;0;0;0;0;0;0;0;0;0
0;0;0;0;0;0;0;0;0;0;0
0;0;0;0;0;0;0;0;0;0;0

3149;0;0;0;0;0;0;0;0;0;0
0;7;66;66;66;85;153;133;104;7;7
0;7;20;20;20;25;39;35;29;7;7
0;7;20;20;20;25;39;35;29;7;7
0;7;20;20;20;25;39;35;29;7;7
0;7;8;8;8;8;8;8;8;7;7
0;7;93;93;93;121;221;192;150;7;7

869;0;0;0;0;0;0;0;0;0;0
0;5;65;65;65;85;155;135;105;5;5
0;5;19;19;19;23;39;34;28;5;5
0;5;19;19;19;23;39;34;28;5;5
0;5;19;19;19;23;39;34;28;5;5
0;5;6;6;6;6;6;6;6;5;5
0;5;94;94;94;123;226;196;152;5;5

1766;0;0;0;0;0;0;0;0;0;0
0;1;8;8;8;11;18;16;13;1;1
0;1;3;3;3;3;5;5;4;1;1
0;1;3;3;3;3;5;5;4;1;1
0;1;3;3;3;3;5;5;4;1;1
0;1;2;2;2;2;2;2;2;1;1
0;1;11;11;11;15;26;23;18;1;1

1144;0;0;0;0;0;0;0;0;0;0
0;26;39;39;40;45;82;59;49;19;19
0;298;78;78;126;95;100;66;16;10;10
0;13;16;16;17;18;27;21;19;12;12
0;11;15;15;15;16;23;20;18;11;11
0;38;38;38;38;38;85;38;38;38;38
0;771;423;423;504;459;958;428;334;290;290

1926;0;0;0;0;0;0;0;0;0;0
0;3;2;2;2;2;2;2;1;1;1
0;80;19;19;32;23;23;15;1;1;1
0;2;2;2;2;2;2;2;1;1;1
0;2;2;2;2;2;2;2;1;1;1
0;2;2;2;2;2;2;2;1;1;1
0;132;30;30;52;38;38;23;1;1;1

8120;0;0;0;0;0;0;0;0;0;0
0;8;51;51;51;65;116;101;80;7;7
0;17;19;19;21;23;34;30;23;7;7
0;8;17;17;17;20;31;28;23;7;7
0;8;17;17;17;20;31;28;23;7;7
0;8;8;8;8;8;8;8;8;7;7
0;23;75;75;77;97;171;148;114;7;7

1510;0;0;0;0;0;0;0;0;0;0
0;11;39;39;40;50;89;77;59;4;4
0;309;80;80;130;99;107;71;17;4;4
0;5;12;12;12;14;23;20;17;4;4
0;5;12;12;12;14;23;20;17;4;4
0;5;5;5;5;5;5;5;5;4;4
0;513;166;166;250;210;267;194;85;4;4

3463;0;0;0;0;0;0;0;0;0;0
0;6;4;4;4;4;4;4;3;3;3
0;92;23;23;38;28;28;18;3;3;3
0;4;4;4;4;4;4;4;3;3;3
0;4;4;4;4;4;4;4;3;3;3
0;4;4;4;4;4;4;4;3;3;3
0;151;36;36;61;44;44;28;3;3;3

3416;0;0;0;0;0;0;0;0;0;0
0;0;0;0;0;0;0;0;0;0;0
0;0;0;0;0;0;0;0;0;0;0
0;0;0;0;0;0;0;0;0;0;0
0;0;0;0;0;0;0;0;0;0;0
0;0;0;0;0;0;0;0;0;0;0
0;0;0;0;0;0;0;0;0;0;0

3405;0;0;0;0;0;0;0;0;0;0
0;0;0;0;0;0;0;0;0;0;0
0;0;0;0;0;0;0;0;0;0;0
0;0;0;0;0;0;0;0;0;0;0
0;0;0;0;0;0;0;0;0;0;0
0;0;0;0;0;0;0;0;0;0;0
0;0;0;0;0;0;0;0;0;0;0

1301;0;0;0;0;0;0;0;0;0;0
0;7;4;4;5;5;5;4;3;3;3
0;174;41;41;70;51;51;32;3;3;3
0;4;4;4;4;4;4;4;3;3;3
0;4;4;4;4;4;4;4;3;3;3
0;4;4;4;4;4;4;4;3;3;3
0;287;67;67;114;82;82;51;3;3;3

193;0;0;0;0;0;0;0;0;0;0
0;16;6;6;9;7;7;6;3;3;3
0;568;129;129;223;160;160;98;3;3;3
0;5;4;4;4;4;4;4;3;3;3
0;4;4;4;4;4;4;4;3;3;3
0;4;4;4;4;4;4;4;3;3;3
0;944;212;212;369;265;265;160;3;3;3

194;0;0;0;0;0;0;0;0;0;0
0;14;6;6;8;7;7;5;3;3;3
0;486;111;111;191;137;137;84;3;3;3
0;5;4;4;4;4;4;4;3;3;3
0;4;4;4;4;4;4;4;3;3;3
0;4;4;4;4;4;4;4;3;3;3
0;807;182;182;316;227;227;137;3;3;3

3279;0;0;0;0;0;0;0;0;0;0
0;37;105;105;109;137;236;205;156;11;11
0;1120;278;278;463;347;368;238;43;11;11
0;15;32;32;32;40;60;55;43;11;11
0;13;31;31;32;40;60;55;43;11;11
0;13;14;14;14;26;14;24;12;11;11
0;1858;590;590;897;742;862;602;223;11;11

6669;0;0;0;0;0;0;0;0;0;0
0;1;1;1;38;38;38;38;38;1;1
0;1;1;1;7;7;7;7;7;1;1
0;1;1;1;8;8;8;8;8;1;1
0;1;1;1;8;8;8;8;8;1;1
0;1;1;1;7;7;7;7;7;1;1
0;1;1;1;69;69;69;69;69;1;1

18039;0;0;0;0;0;0;0;0;0;0
0;10;6;6;7;6;6;5;4;4;4
0;254;60;60;102;74;74;46;4;4;4
0;5;5;5;5;5;5;5;4;4;4
0;5;5;5;5;5;5;5;4;4;4
0;5;5;5;5;5;5;5;4;4;4
0;420;97;97;166;120;120;74;4;4;4

28039;0;0;0;0;0;0;0;0;0;0
0;12;6;6;7;6;6;6;4;4;4
0;315;74;74;125;91;91;56;4;4;4
0;6;5;5;5;5;5;5;4;4;4
0;5;5;5;5;5;5;5;4;4;4
0;5;5;5;5;5;5;5;4;4;4
0;522;120;120;206;148;148;91;4;4;4

1860;0;0;0;0;0;0;0;0;0;0
0;3;11;11;11;13;21;19;15;3;3
0;3;5;5;5;6;7;7;6;3;3
0;3;5;5;5;6;7;7;6;3;3
0;3;5;5;5;6;7;7;6;3;3
0;3;4;4;4;4;4;4;4;3;3
0;3;14;14;14;18;30;26;21;3;3

2387;0;0;0;0;0;0;0;0;0;0
0;9;24;24;25;31;53;46;36;4;4
0;192;50;50;82;62;67;45;11;4;4
0;5;9;9;9;10;15;14;11;4;4
0;5;9;9;9;10;15;14;11;4;4
0;5;5;5;5;5;5;5;5;4;4
0;317;102;102;154;128;160;116;50;4;4

2388;0;0;0;0;0;0;0;0;0;0
0;3;68;68;68;90;165;143;111;3;3
0;3;18;18;18;22;39;34;27;3;3
0;3;18;18;18;22;39;34;27;3;3
0;3;18;18;18;22;39;34;27;3;3
0;3;4;4;4;4;4;4;4;3;3
0;3;98;98;98;130;241;209;162;3;3

