200.0,1.36986301369863,98.63013698630137,0.0,1.46,130,7.366069311334558
480.0,8.455882352941176,91.54411764705883,0.0,1.8133333333333332,683,22.77273966391693
760.0,12.681159420289855,87.31884057971014,0.0,1.84,1149,36.34571539627633
1040.0,18.146718146718147,81.85328185328186,0.0,1.7266666666666666,1449,46.389060812372
1320.0,15.879828326180258,84.12017167381974,0.0,1.5533333333333332,1655,56.505058166249995
1600.0,16.725978647686834,83.27402135231317,0.0,1.8733333333333333,1558,64.80586512248992
1880.0,13.580246913580247,86.41975308641975,0.0,1.62,1413,73.67183253666744
2160.0,16.153846153846153,83.84615384615384,0.0,1.7333333333333334,1387,82.27174828128666
2440.0,16.157205240174672,83.84279475982532,0.0,1.5266666666666666,1412,91.15789676119914
2720.0,13.284132841328413,86.71586715867159,0.0,1.8066666666666666,1412,100.49963701071711
3000.0,14.814814814814815,85.18518518518519,0.0,1.98,1417,110.65658067520027
3280.0,22.433460076045627,77.56653992395437,0.0,1.7533333333333334,1435,119.53083783159558
3560.0,15.899581589958158,84.10041841004184,0.0,1.5933333333333333,1564,130.31229374276327
3840.0,24.137931034482758,75.86206896551724,0.0,1.74,1690,140.69054178398582
4120.0,26.818181818181817,73.18181818181819,0.0,1.4666666666666666,1825,150.2171328437502
4400.0,26.8,73.2,0.0,1.6666666666666667,1971,158.1229831451433
4680.0,25.357142857142858,74.64285714285714,0.0,1.8666666666666667,2110,166.40217221395125
4960.0,22.56809338521401,77.43190661478599,0.0,1.7133333333333334,2255,173.60571215910906
5240.0,24.334600760456272,75.66539923954373,0.0,1.7533333333333334,2380,180.84332733332946
5520.0,25.255972696245735,74.74402730375427,0.0,1.9533333333333334,2540,187.492159923981
5800.0,31.159420289855074,68.84057971014492,0.0,1.84,2683,193.59013934846723
6080.0,27.13754646840149,72.86245353159852,0.0,1.7933333333333332,2856,200.50703461795186
6360.0,30.232558139534884,69.76744186046511,0.0,1.72,2991,206.87010541108117
6640.0,28.517110266159698,71.48288973384031,0.0,1.7533333333333334,3164,213.3791170992934
6920.0,30.575539568345324,69.42446043165468,0.0,1.8533333333333333,3371,218.6933174518408
7200.0,35.88850174216028,64.11149825783973,0.0,1.9133333333333333,3499,224.67184915128277
7480.0,39.175257731958766,60.824742268041234,0.0,1.94,3680,229.704254753397
7760.0,41.666666666666664,58.333333333333336,0.0,1.68,3847,235.37574931114258
8040.0,36.86274509803921,63.13725490196079,0.0,1.7,4035,241.07043204543905
8320.0,40.54054054054054,59.45945945945946,0.0,1.9733333333333334,4203,245.61744448827386
8600.0,39.1941391941392,60.8058608058608,0.0,1.82,4366,249.93433395413655
8880.0,40.54054054054054,59.45945945945946,0.0,1.7266666666666666,4508,253.71095524456956
9160.0,44.932432432432435,55.067567567567565,0.0,1.9733333333333334,4613,257.60277345365716
9440.0,43.47826086956522,56.52173913043478,0.0,1.84,4782,261.25677971253765
9720.0,44.36860068259386,55.63139931740614,0.0,1.9533333333333334,4929,264.65293248564285
10000.0,43.41637010676157,56.58362989323843,0.0,1.8733333333333333,5069,267.60782369244066
10280.0,46.41509433962264,53.58490566037736,0.0,1.7666666666666666,5107,270.44153138422973
10560.0,48.10606060606061,51.89393939393939,0.0,1.76,5176,272.84202474471647
10840.0,48.90510948905109,51.09489051094891,0.0,1.8266666666666667,5197,274.61329340625747
11120.0,50.0,50.0,0.0,2.0,5236,276.6706091668401
11400.0,51.5358361774744,48.4641638225256,0.0,1.9533333333333334,5298,278.3287091648074
11680.0,52.233676975945016,47.766323024054984,0.0,1.94,5302,279.8271620715928
11960.0,49.09090909090909,50.90909090909091,0.0,1.8333333333333333,5355,281.64563311941373
12240.0,48.72727272727273,51.27272727272727,0.0,1.8333333333333333,5318,283.494949520958
12520.0,43.369175627240146,56.630824372759854,0.0,1.86,5381,285.0775951112714
12800.0,49.224806201550386,50.775193798449614,0.0,1.72,5387,286.29722463832945
13080.0,42.37918215613383,57.62081784386617,0.0,1.7933333333333332,5442,287.57765744162145
13360.0,53.9622641509434,46.0377358490566,0.0,1.7666666666666666,5477,288.1190152407879
13640.0,47.46376811594203,52.53623188405797,0.0,1.84,5469,289.34609464285415
13920.0,48.148148148148145,51.851851851851855,0.0,1.98,5431,290.24620252298394
14200.0,51.25,48.75,0.0,1.6,5447,290.9644980472958
14480.0,50.53763440860215,49.46236559139785,0.0,1.86,5426,291.9915702410874
14760.0,49.01960784313726,50.98039215686274,0.0,1.7,5440,293.21085006282215
15040.0,48.23943661971831,51.76056338028169,0.0,1.8933333333333333,5408,294.2446732143511
15320.0,47.15719063545151,52.84280936454849,0.0,1.9933333333333334,5417,295.22768366254945
15600.0,46.15384615384615,53.84615384615385,0.0,1.82,5396,296.011294249127
15880.0,47.32824427480916,52.67175572519084,0.0,1.7466666666666666,5459,296.8885560761427
16160.0,49.185667752442995,50.814332247557005,0.0,2.046666666666667,5427,297.24542649166585
16440.0,48.333333333333336,51.666666666666664,0.0,2.0,5434,297.91535286516097
16720.0,48.97959183673469,51.02040816326531,0.0,1.6333333333333333,5416,298.52623931751316
17000.0,44.927536231884055,55.072463768115945,0.0,1.84,5397,299.0646332764667
17280.0,49.290780141843975,50.709219858156025,0.0,1.88,5453,300.4199251800452
17560.0,40.97744360902256,59.02255639097744,0.0,1.7733333333333334,5499,301.7435884879015
17840.0,51.578947368421055,48.421052631578945,0.0,1.9,5625,303.135972898052
18120.0,50.583657587548636,49.416342412451364,0.0,1.7133333333333334,5653,304.2610937755337
18400.0,49.44237918215613,50.55762081784387,0.0,1.7933333333333332,5699,304.91849591536464
18680.0,47.2027972027972,52.7972027972028,0.0,1.9066666666666667,5701,305.76344004082716
18960.0,50.18050541516246,49.81949458483754,0.0,1.8466666666666667,5718,307.1864307949611
19240.0,47.88732394366197,52.11267605633803,0.0,1.8933333333333333,5774,308.3627983666433
19520.0,50.92250922509225,49.07749077490775,0.0,1.8066666666666666,5839,309.5976128275489
19800.0,43.75,56.25,0.0,1.92,5922,310.65034839400295
20080.0,51.968503937007874,48.031496062992126,0.0,1.6933333333333334,5984,312.02911087172356
20360.0,54.45544554455446,45.54455445544554,0.0,2.02,6051,312.68605015520666
20640.0,51.63636363636363,48.36363636363637,0.0,1.8333333333333333,6148,313.70487741544974
20920.0,55.59440559440559,44.40559440559441,0.0,1.9066666666666667,6193,314.5126786427102
21200.0,53.691275167785236,46.308724832214764,0.0,1.9866666666666666,6262,316.0385594792736
21480.0,55.749128919860624,44.250871080139376,0.0,1.9133333333333333,6360,317.08698983393975
21760.0,54.9645390070922,45.0354609929078,0.0,1.88,6384,318.2267778125247
22040.0,58.992805755395686,41.007194244604314,0.0,1.8533333333333333,6555,319.82539939109216
22320.0,57.432432432432435,42.567567567567565,0.0,1.9733333333333334,6614,320.9485794298391
22600.0,52.980132450331126,47.019867549668874,0.0,2.013333333333333,6626,321.7163942396478
22880.0,54.91525423728814,45.08474576271186,0.0,1.9666666666666666,6692,322.25969599425486
23160.0,54.827586206896555,45.172413793103445,0.0,1.9333333333333333,6757,323.775420968022
23440.0,63.07692307692308,36.92307692307692,0.0,1.7333333333333334,6830,324.504084105505
23720.0,57.19298245614035,42.80701754385965,0.0,1.9,6897,325.74521346600795
24000.0,61.267605633802816,38.732394366197184,0.0,1.8933333333333333,6947,326.44010411597077
24280.0,59.93377483443709,40.06622516556291,0.0,2.013333333333333,6994,327.4209221849212
24560.0,62.4203821656051,37.5796178343949,0.0,2.0933333333333333,7061,328.0866866347927
24840.0,62.4203821656051,37.5796178343949,0.0,2.0933333333333333,7168,329.278680480877
25120.0,58.3617747440273,41.6382252559727,0.0,1.9533333333333334,7215,329.84878891644473
25400.0,63.23529411764706,36.76470588235294,0.0,1.8133333333333332,7224,330.18066915368223
25680.0,58.75912408759124,41.24087591240876,0.0,1.8266666666666667,7220,330.2825681476141
25960.0,62.27758007117438,37.72241992882562,0.0,1.8733333333333333,7238,330.682775796101
26240.0,59.46969696969697,40.53030303030303,0.0,1.76,7265,331.5968300528244
26520.0,65.56776556776556,34.43223443223443,0.0,1.82,7237,332.06107730858645
26800.0,60.96654275092937,39.03345724907063,0.0,1.7933333333333332,7219,332.49051217036674
27080.0,52.027027027027025,47.972972972972975,0.0,1.9733333333333334,7233,332.6592984929917
27360.0,56.36363636363637,43.63636363636363,0.0,1.8333333333333333,7226,333.2056243980338
27640.0,60.215053763440864,39.784946236559136,0.0,1.86,7217,333.2242559416611
27920.0,58.23170731707317,41.76829268292683,0.0,2.1866666666666665,7161,332.9642366921378
28200.0,63.12292358803987,36.87707641196013,0.0,2.006666666666667,7157,333.0144872650378
28480.0,57.142857142857146,42.857142857142854,0.0,1.9133333333333333,7142,333.05405059766963
28760.0,57.34767025089606,42.65232974910394,0.0,1.86,7138,333.1310706021799
29040.0,55.62700964630225,44.37299035369775,0.0,2.0733333333333333,7163,333.263365822514
29320.0,60.67796610169491,39.32203389830509,0.0,1.9666666666666666,7202,333.4618608253385
29600.0,63.945578231292515,36.054421768707485,0.0,1.96,7223,333.9804963659439
29880.0,59.62145110410095,40.37854889589905,0.0,2.1133333333333333,7124,333.7293122186174
30160.0,58.47176079734219,41.52823920265781,0.0,2.006666666666667,7133,333.55481213358104
30440.0,64.56953642384106,35.43046357615894,0.0,2.013333333333333,7092,334.031231583118
30720.0,61.510791366906474,38.489208633093526,0.0,1.8533333333333333,7105,334.2317669906427
31000.0,59.12408759124087,40.87591240875913,0.0,1.8266666666666667,7075,334.5229998331098
31280.0,58.86524822695036,41.13475177304964,0.0,1.88,7062,334.5736344283591
31560.0,59.531772575250834,40.468227424749166,0.0,1.9933333333333334,7018,334.3953818827893
31840.0,56.50557620817844,43.49442379182156,0.0,1.7933333333333332,7087,334.69802223609554
32120.0,53.37837837837838,46.62162162162162,0.0,1.9733333333333334,7062,334.79707053799666
32400.0,55.343511450381676,44.656488549618324,0.0,1.7466666666666666,7087,334.5949718890015
32680.0,53.558052434456926,46.441947565543074,0.0,1.78,7113,334.75973123901446
32960.0,64.8854961832061,35.11450381679389,0.0,1.7466666666666666,7070,335.1073150209998
33240.0,61.64874551971326,38.35125448028674,0.0,1.86,7010,335.4377919768192
33520.0,56.59163987138264,43.40836012861736,0.0,2.0733333333333333,7001,335.7674854154789
33800.0,59.430604982206404,40.569395017793596,0.0,1.8733333333333333,7057,336.1291617204266
34080.0,61.278195488721806,38.721804511278194,0.0,1.7733333333333334,7031,336.2601745127949
34360.0,62.40601503759399,37.59398496240601,0.0,1.7733333333333334,7108,336.6786715787565
34640.0,61.333333333333336,38.666666666666664,0.0,2.0,7150,337.113386378608
34920.0,61.855670103092784,38.144329896907216,0.0,1.94,7201,337.7742424148142
35200.0,64.76510067114094,35.23489932885906,0.0,1.9866666666666666,7230,338.22482157845445
35480.0,60.26936026936027,39.73063973063973,0.0,1.98,7219,338.3607745095418
35760.0,62.67123287671233,37.32876712328767,0.0,1.9466666666666668,7248,338.34453288464175
36040.0,55.852842809364546,44.147157190635454,0.0,1.9933333333333334,7264,338.631815432386
36320.0,62.78195488721804,37.21804511278196,0.0,1.7733333333333334,7308,338.792767690055
36600.0,59.09090909090909,40.90909090909091,0.0,1.9066666666666667,7287,339.18830731762614
36880.0,56.74740484429066,43.25259515570934,0.0,1.9266666666666667,7292,339.1044676655951
37160.0,57.34767025089606,42.65232974910394,0.0,1.86,7269,339.0617413561098
37440.0,56.70103092783505,43.29896907216495,0.0,1.94,7248,339.270907240097
37720.0,55.84905660377358,44.15094339622642,0.0,1.7666666666666666,7243,339.7953247383732
38000.0,64.31226765799256,35.687732342007436,0.0,1.7933333333333332,7263,339.9671220694345
38280.0,62.637362637362635,37.362637362637365,0.0,1.82,7279,340.4923161909776
38560.0,60.85526315789474,39.14473684210526,0.0,2.026666666666667,7248,340.67099437355233
38840.0,59.78260869565217,40.21739130434783,0.0,1.84,7272,340.6667664511024
39120.0,60.06600660066007,39.93399339933993,0.0,2.02,7322,341.06996142820833
39400.0,58.27814569536424,41.72185430463576,0.0,2.013333333333333,7297,341.37010407575093
39680.0,63.732394366197184,36.267605633802816,0.0,1.8933333333333333,7320,341.50451926797865
39960.0,63.70106761565836,36.29893238434164,0.0,1.8733333333333333,7323,341.8188723696095
40240.0,61.12852664576803,38.87147335423197,0.0,2.1266666666666665,7336,342.1195767162949
40520.0,63.13993174061434,36.86006825938566,0.0,1.9533333333333334,7378,342.1158098522335
40800.0,59.73597359735974,40.26402640264026,0.0,2.02,7335,341.77733271609713
41080.0,59.31558935361217,40.68441064638783,0.0,1.7533333333333334,7345,342.2233574398676
41360.0,62.5,37.5,0.0,1.92,7393,342.9998889422714
41640.0,61.231884057971016,38.768115942028984,0.0,1.84,7384,342.78760714581824
41920.0,59.863945578231295,40.136054421768705,0.0,1.96,7451,343.0435610826167
42200.0,65.74923547400611,34.25076452599389,0.0,2.18,7454,343.23989533546074
42480.0,61.64383561643836,38.35616438356164,0.0,1.9466666666666668,7445,343.5439120698177
42760.0,64.14342629482071,35.85657370517928,0.0,1.6733333333333333,7433,343.3585467517779
43040.0,68.09815950920246,31.901840490797547,0.0,2.1733333333333333,7446,343.6133008555517
43320.0,61.785714285714285,38.214285714285715,0.0,1.8666666666666667,7497,344.2366507887449
43600.0,64.48275862068965,35.51724137931034,0.0,1.9333333333333333,7510,344.22569944044693
43880.0,62.3574144486692,37.6425855513308,0.0,1.7533333333333334,7502,344.177756537363
44160.0,61.53846153846154,38.46153846153846,0.0,1.9933333333333334,7481,344.28689228311003
44440.0,64.03785488958991,35.96214511041009,0.0,2.1133333333333333,7448,344.3144018176571
44720.0,63.57388316151203,36.42611683848797,0.0,1.94,7504,344.3700867832281
45000.0,59.79381443298969,40.20618556701031,0.0,1.94,7468,344.13249857560896
45280.0,67.35395189003437,32.64604810996563,0.0,1.94,7492,344.3946411290395
45560.0,60.55363321799308,39.44636678200692,0.0,1.9266666666666667,7460,344.5466286510971
45840.0,64.375,35.625,0.0,2.1333333333333333,7427,344.34694181932264
46120.0,62.585034013605444,37.414965986394556,0.0,1.96,7434,344.51500857585705
46400.0,63.667820069204154,36.332179930795846,0.0,1.9266666666666667,7440,344.71502050788627
46680.0,59.42028985507246,40.57971014492754,0.0,1.84,7459,344.73028008588807
46960.0,64.96815286624204,35.031847133757964,0.0,2.0933333333333333,7487,344.79861385391393
47240.0,65.8273381294964,34.172661870503596,0.0,1.8533333333333333,7465,344.43474334684237
47520.0,63.1578947368421,36.8421052631579,0.0,2.026666666666667,7403,344.5660389244909
47800.0,63.669064748201436,36.330935251798564,0.0,1.8533333333333333,7417,345.05863436828156
48080.0,61.95652173913044,38.04347826086956,0.0,1.84,7417,345.278601843999
48360.0,59.16955017301038,40.83044982698962,0.0,1.9266666666666667,7423,345.5338395379995
48640.0,61.724137931034484,38.275862068965516,0.0,1.9333333333333333,7451,345.077395829863
48920.0,63.503649635036496,36.496350364963504,0.0,1.8266666666666667,7418,345.0318095634776
49200.0,56.88405797101449,43.11594202898551,0.0,1.84,7352,345.0877452488811
49480.0,62.585034013605444,37.414965986394556,0.0,1.96,7346,344.6058117938633
49760.0,63.43042071197411,36.56957928802589,0.0,2.06,7354,344.5418013785911
50040.0,61.61971830985915,38.38028169014085,0.0,1.8933333333333333,7387,344.7688666169598
50320.0,60.07067137809187,39.92932862190813,0.0,1.8866666666666667,7354,344.76026510704736
50600.0,63.48122866894198,36.51877133105802,0.0,1.9533333333333334,7313,344.43819886327975
50880.0,64.63022508038586,35.369774919614144,0.0,2.0733333333333333,7280,344.10559213054825
51160.0,63.44827586206897,36.55172413793103,0.0,1.9333333333333333,7266,344.03285364015386
51440.0,63.13993174061434,36.86006825938566,0.0,1.9533333333333334,7246,344.126272638088
51720.0,61.20401337792642,38.79598662207358,0.0,1.9933333333333334,7211,343.73132089873815
52000.0,62.19931271477663,37.80068728522337,0.0,1.94,7198,343.8225033616989
52280.0,65.60283687943263,34.39716312056738,0.0,1.88,7147,343.89904427655676
52560.0,57.9136690647482,42.0863309352518,0.0,1.8533333333333333,7197,344.3885986000002
52840.0,56.630824372759854,43.369175627240146,0.0,1.86,7200,344.18338033274955
53120.0,61.83745583038869,38.16254416961131,0.0,1.8866666666666667,7283,344.36180315929295
53400.0,61.937716262975776,38.062283737024224,0.0,1.9266666666666667,7248,344.1485585399339
53680.0,61.67247386759582,38.32752613240418,0.0,1.9133333333333333,7238,343.8921001104806
53960.0,67.15867158671587,32.84132841328413,0.0,1.8066666666666666,7263,343.99593913435467
54240.0,61.231884057971016,38.768115942028984,0.0,1.84,7297,344.117090482028
54520.0,61.66134185303515,38.33865814696485,0.0,2.0866666666666664,7330,344.38878229819994
54800.0,59.93150684931507,40.06849315068493,0.0,1.9466666666666668,7340,345.0242203836273
55080.0,62.77372262773723,37.22627737226277,0.0,1.8266666666666667,7364,344.74645499323486
55360.0,60.40268456375839,39.59731543624161,0.0,1.9866666666666666,7337,344.89206237551605
55640.0,58.01282051282051,41.98717948717949,0.0,2.08,7348,344.7311496298539
55920.0,57.66423357664234,42.33576642335766,0.0,1.8266666666666667,7310,344.50652880627644
56200.0,64.84641638225256,35.153583617747444,0.0,1.9533333333333334,7234,344.5581908252704
56480.0,58.30258302583026,41.69741697416974,0.0,1.8066666666666666,7243,344.2893392598101
56760.0,58.86524822695036,41.13475177304964,0.0,1.88,7198,344.11403069697263
57040.0,63.009404388714735,36.990595611285265,0.0,2.1266666666666665,7177,344.3939209235019
57320.0,62.925170068027214,37.074829931972786,0.0,1.96,7248,344.62005098250324
57600.0,62.876254180602004,37.123745819397996,0.0,1.9933333333333334,7253,344.80994720958836
57880.0,62.63345195729537,37.36654804270463,0.0,1.8733333333333333,7232,345.11962960647134
58160.0,57.78546712802768,42.21453287197232,0.0,1.9266666666666667,7252,345.18211303761814
58440.0,64.36363636363636,35.63636363636363,0.0,1.8333333333333333,7361,345.5808982254861
58720.0,57.09219858156028,42.90780141843972,0.0,1.88,7324,345.28343383985987
59000.0,61.9496855345912,38.0503144654088,0.0,2.12,7334,345.6018083685938
59280.0,58.745874587458744,41.254125412541256,0.0,2.02,7282,345.3281660902449
59560.0,58.98203592814371,41.01796407185629,0.0,2.2266666666666666,7367,345.48233419570283
59840.0,62.13235294117647,37.86764705882353,0.0,1.8133333333333332,7371,346.01912794206663
60120.0,61.702127659574465,38.297872340425535,0.0,2.1933333333333334,7427,346.508853964837
60400.0,64.68531468531468,35.31468531468531,0.0,1.9066666666666667,7475,346.50465291853436
60680.0,65.84507042253522,34.15492957746479,0.0,1.8933333333333333,7447,346.0308685870197
60960.0,65.81818181818181,34.18181818181818,0.0,1.8333333333333333,7431,346.3610810472869
61240.0,62.585034013605444,37.414965986394556,0.0,1.96,7399,346.01811822959434
61520.0,61.347517730496456,38.652482269503544,0.0,1.88,7403,345.8545156769765
61800.0,61.130742049469966,38.869257950530034,0.0,1.8866666666666667,7393,345.72020145545594
62080.0,63.56877323420074,36.43122676579926,0.0,1.7933333333333332,7416,346.1250055014069
62360.0,61.24567474048443,38.75432525951557,0.0,1.9266666666666667,7425,346.2544483533219
62640.0,59.9236641221374,40.0763358778626,0.0,1.7466666666666666,7422,346.0870194892874
62920.0,60.278745644599304,39.721254355400696,0.0,1.9133333333333333,7460,346.43968676765047
63200.0,61.794019933554814,38.205980066445186,0.0,2.006666666666667,7440,346.69570477172266
63480.0,61.76470588235294,38.23529411764706,0.0,2.04,7401,346.4645360841333
63760.0,56.88405797101449,43.11594202898551,0.0,1.84,7407,346.3717220939736
64040.0,61.24031007751938,38.75968992248062,0.0,1.72,7365,346.2500922801912
64320.0,67.0,33.0,0.0,2.0,7436,346.2539041638783
64600.0,58.56164383561644,41.43835616438356,0.0,1.9466666666666668,7427,345.9549141377522
64880.0,65.17857142857143,34.82142857142857,0.0,2.24,7373,345.64767857833925
65160.0,63.39622641509434,36.60377358490566,0.0,1.7666666666666666,7299,345.61923229871263
65440.0,68.30985915492958,31.690140845070424,0.0,1.8933333333333333,7240,345.339980770356
65720.0,57.467532467532465,42.532467532467535,0.0,2.0533333333333332,7203,344.8089961307713
66000.0,59.50704225352113,40.49295774647887,0.0,1.8933333333333333,7181,344.51659815127977
66280.0,62.5,37.5,0.0,1.7066666666666668,7162,344.37610341381844
66560.0,55.03597122302158,44.96402877697842,0.0,1.8533333333333333,7143,344.3130683093686
66840.0,58.27814569536424,41.72185430463576,0.0,2.013333333333333,7136,344.6787861943798
67120.0,57.94701986754967,42.05298013245033,0.0,2.013333333333333,7205,344.69955317610464
67400.0,58.333333333333336,41.666666666666664,0.0,1.68,7231,344.5051298507667
67680.0,60.661764705882355,39.338235294117645,0.0,1.8133333333333332,7178,344.07159096123723
67960.0,54.60992907801418,45.39007092198582,0.0,1.88,7103,343.51590423189555
68240.0,57.6271186440678,42.3728813559322,0.0,1.9666666666666666,7064,343.73604035402343
68520.0,59.770114942528735,40.229885057471265,0.0,1.74,7049,343.76306430233177
68800.0,63.529411764705884,36.470588235294116,0.0,1.7,7065,343.52042103502316
69080.0,57.40072202166065,42.59927797833935,0.0,1.8466666666666667,7063,343.34036022076253
69360.0,59.09090909090909,40.90909090909091,0.0,1.9066666666666667,7025,343.1656602409739
69640.0,56.61764705882353,43.38235294117647,0.0,1.8133333333333332,6969,343.26741169147704
69920.0,57.40072202166065,42.59927797833935,0.0,1.8466666666666667,6942,343.2570168494929
70200.0,56.10687022900763,43.89312977099237,0.0,1.7466666666666666,6947,343.0193089982565
70480.0,54.513888888888886,45.486111111111114,0.0,1.92,6906,342.5279619525917
70760.0,59.92779783393502,40.07220216606498,0.0,1.8466666666666667,6910,342.55738057741434
71040.0,58.415841584158414,41.584158415841586,0.0,2.02,6880,342.3360061784541
71320.0,59.39393939393939,40.60606060606061,0.0,2.2,6811,341.7165367100409
71600.0,57.69230769230769,42.30769230769231,0.0,2.08,6749,341.2810649883979
71880.0,60.37735849056604,39.62264150943396,0.0,2.12,6740,340.93631255939573
72160.0,54.63576158940398,45.36423841059602,0.0,2.013333333333333,6734,341.07718356587225
72440.0,57.9136690647482,42.0863309352518,0.0,1.8533333333333333,6724,340.92380801312925
72720.0,57.00325732899023,42.99674267100977,0.0,2.046666666666667,6721,340.98861532485785
73000.0,58.27067669172932,41.72932330827068,0.0,1.7733333333333334,6673,340.4505651653856
73280.0,62.06896551724138,37.93103448275862,0.0,1.9333333333333333,6637,340.4928834643064
73560.0,55.80524344569288,44.19475655430712,0.0,1.78,6612,340.4540421470214
73840.0,59.02255639097744,40.97744360902256,0.0,1.7733333333333334,6575,340.16819266799513
74120.0,58.148148148148145,41.851851851851855,0.0,1.8,6555,339.70459406490767
74400.0,58.582089552238806,41.417910447761194,0.0,1.7866666666666666,6567,339.87892183726416
74680.0,53.84615384615385,46.15384615384615,0.0,1.9933333333333334,6505,339.42081963746136
74960.0,54.19580419580419,45.80419580419581,0.0,1.9066666666666667,6468,339.60971594191415
75240.0,60.51660516605166,39.48339483394834,0.0,1.8066666666666666,6487,339.3226981030572
75520.0,55.172413793103445,44.827586206896555,0.0,1.9333333333333333,6454,339.12721277691924
75800.0,56.67870036101083,43.32129963898917,0.0,1.8466666666666667,6502,339.3689493832205
76080.0,52.72727272727273,47.27272727272727,0.0,1.8333333333333333,6491,339.38784742085187
76360.0,51.351351351351354,48.648648648648646,0.0,1.7266666666666666,6471,339.30340136900674
76640.0,59.701492537313435,40.298507462686565,0.0,1.7866666666666666,6441,338.7912890393177
76920.0,57.08955223880597,42.91044776119403,0.0,1.7866666666666666,6433,338.2780039268209
77200.0,58.455882352941174,41.544117647058826,0.0,1.8133333333333332,6464,338.90150758582337
77480.0,55.0,45.0,0.0,1.8666666666666667,6453,339.01853661857473
77760.0,53.40909090909091,46.59090909090909,0.0,1.76,6466,339.14960000484814
78040.0,55.400696864111495,44.599303135888505,0.0,1.9133333333333333,6435,339.0421749929142
78320.0,53.92156862745098,46.07843137254902,0.0,2.04,6430,338.9378722250123
78600.0,59.66101694915254,40.33898305084746,0.0,1.9666666666666666,6472,339.3017335069467
78880.0,53.521126760563384,46.478873239436616,0.0,1.8933333333333333,6503,339.42555359030206
79160.0,54.180602006688964,45.819397993311036,0.0,1.9933333333333334,6498,339.64525769981196
79440.0,52.5735294117647,47.4264705882353,0.0,1.8133333333333332,6574,339.57565652298115
79720.0,56.43939393939394,43.56060606060606,0.0,1.76,6569,339.93833575601195
80000.0,55.172413793103445,44.827586206896555,0.0,1.9333333333333333,6549,340.02841804513645
80280.0,55.89225589225589,44.10774410774411,0.0,1.98,6536,340.3841793402914
80560.0,56.31399317406143,43.68600682593857,0.0,1.9533333333333334,6574,340.7229125611613
80840.0,50.98039215686274,49.01960784313726,0.0,2.04,6573,340.9018592398076
81120.0,56.27009646302251,43.72990353697749,0.0,2.0733333333333333,6649,340.8568098760333
81400.0,56.375838926174495,43.624161073825505,0.0,1.9866666666666666,6697,340.9483998983511
81680.0,59.2057761732852,40.7942238267148,0.0,1.8466666666666667,6683,340.9161081209796
81960.0,57.93103448275862,42.06896551724138,0.0,1.9333333333333333,6640,340.55570726142054
82240.0,57.254901960784316,42.745098039215684,0.0,1.7,6617,340.91221288922725
82520.0,57.45454545454545,42.54545454545455,0.0,1.8333333333333333,6644,341.13066077600996
82800.0,59.48905109489051,40.51094890510949,0.0,1.8266666666666667,6694,341.1954188947727
83080.0,53.42960288808664,46.57039711191336,0.0,1.8466666666666667,6715,340.9452705025378
83360.0,54.929577464788736,45.070422535211264,0.0,1.8933333333333333,6721,340.9334052292863
83640.0,56.8421052631579,43.1578947368421,0.0,1.9,6701,341.13651420630447
83920.0,60.294117647058826,39.705882352941174,0.0,1.8133333333333332,6746,341.24776157658346
84200.0,58.70307167235495,41.29692832764505,0.0,1.9533333333333334,6753,341.2291131324495
84480.0,59.5959595959596,40.4040404040404,0.0,1.98,6830,341.4853556879005
84760.0,60.33898305084746,39.66101694915254,0.0,1.9666666666666666,6767,341.3462487826534
85040.0,60.60606060606061,39.39393939393939,0.0,1.98,6823,341.75997772695456
85320.0,56.209150326797385,43.790849673202615,0.0,2.04,6839,341.99836920803085
85600.0,60.79734219269103,39.20265780730897,0.0,2.006666666666667,6910,342.76023313614644
85880.0,58.07692307692308,41.92307692307692,0.0,1.7333333333333334,6966,343.0432804451151
86160.0,61.774744027303754,38.225255972696246,0.0,1.9533333333333334,7001,342.9060754129007
86440.0,60.79136690647482,39.20863309352518,0.0,1.8533333333333333,6985,343.21992876424196
86720.0,57.096774193548384,42.903225806451616,0.0,2.066666666666667,6968,343.0444767460684
87000.0,59.219858156028366,40.780141843971634,0.0,1.88,6921,343.0909267522272
87280.0,60.063897763578275,39.936102236421725,0.0,2.0866666666666664,7010,343.11789505864016
87560.0,60.56782334384858,39.43217665615142,0.0,2.1133333333333333,7081,343.02351614446354
87840.0,56.22641509433962,43.77358490566038,0.0,1.7666666666666666,7070,343.0565526228526
88120.0,60.854092526690394,39.145907473309606,0.0,1.8733333333333333,7068,342.8497644257308
88400.0,56.711409395973156,43.288590604026844,0.0,1.9866666666666666,7066,342.6773307189574
88680.0,58.25242718446602,41.74757281553398,0.0,2.06,7010,342.61839862937404
88960.0,62.58741258741259,37.41258741258741,0.0,1.9066666666666667,7042,342.3548184711782
89240.0,61.81229773462783,38.18770226537217,0.0,2.06,6991,342.05893964028735
89520.0,60.8843537414966,39.1156462585034,0.0,1.96,6906,341.9036671088327
89800.0,58.30508474576271,41.69491525423729,0.0,1.9666666666666666,6876,341.9403530577109
90080.0,59.46843853820598,40.53156146179402,0.0,2.006666666666667,6892,341.6644041145384
90360.0,59.666666666666664,40.333333333333336,0.0,2.0,6890,341.3696342124851
90640.0,57.971014492753625,42.028985507246375,0.0,1.84,6911,341.14256049322086
90920.0,56.98529411764706,43.01470588235294,0.0,1.8133333333333332,6874,341.34837919062636
91200.0,57.77777777777778,42.22222222222222,0.0,2.1,6778,340.72565567641675
91480.0,57.41444866920152,42.58555133079848,0.0,1.7533333333333334,6757,340.58740004341473
91760.0,55.63636363636363,44.36363636363637,0.0,1.8333333333333333,6677,340.5085665838891
92040.0,61.07142857142857,38.92857142857143,0.0,1.8666666666666667,6703,340.5336982229361
92320.0,55.95667870036101,44.04332129963899,0.0,1.8466666666666667,6667,340.6718696712626
92600.0,59.45945945945946,40.54054054054054,0.0,1.7266666666666666,6687,340.5557568171521
92880.0,58.64661654135338,41.35338345864662,0.0,1.7733333333333334,6698,340.55502357795837
93160.0,53.84615384615385,46.15384615384615,0.0,1.9066666666666667,6674,340.2436543187685
93440.0,56.94444444444444,43.05555555555556,0.0,1.92,6655,340.3313719443247
93720.0,61.130742049469966,38.869257950530034,0.0,1.8866666666666667,6625,340.00239947645684
94000.0,56.33802816901409,43.66197183098591,0.0,1.8933333333333333,6630,339.98679639143865
94280.0,56.49122807017544,43.50877192982456,0.0,1.9,6500,339.807112873506
94560.0,56.996587030716725,43.003412969283275,0.0,1.9533333333333334,6489,340.0923237672283
94840.0,50.357142857142854,49.642857142857146,0.0,1.8666666666666667,6499,340.2379045928297
95120.0,55.73770491803279,44.26229508196721,0.0,2.033333333333333,6505,340.1541875340625
95400.0,60.46511627906977,39.53488372093023,0.0,2.006666666666667,6563,340.29034142218455
95680.0,52.91970802919708,47.08029197080292,0.0,1.8266666666666667,6575,340.04962234069137
95960.0,54.01459854014598,45.98540145985402,0.0,1.8266666666666667,6633,340.25893375782255
96240.0,56.9023569023569,43.0976430976431,0.0,1.98,6647,340.61382537895685
96520.0,60.21897810218978,39.78102189781022,0.0,1.8266666666666667,6619,340.42384688204567
96800.0,49.333333333333336,50.666666666666664,0.0,2.0,6654,340.1662679926357
97080.0,52.30769230769231,47.69230769230769,0.0,2.1666666666666665,6635,340.3747984125955
97360.0,57.79467680608365,42.20532319391635,0.0,1.7533333333333334,6624,340.22461888437573
97640.0,59.09090909090909,40.90909090909091,0.0,1.9066666666666667,6579,340.1133352309018
97920.0,56.40138408304498,43.59861591695502,0.0,1.9266666666666667,6608,340.2203789377843
98200.0,57.03703703703704,42.96296296296296,0.0,1.8,6580,340.03472898338754
98480.0,57.95053003533569,42.04946996466431,0.0,1.8866666666666667,6515,340.0080796983408
98760.0,60.8843537414966,39.1156462585034,0.0,1.96,6520,339.89121353972985
99040.0,50.88967971530249,49.11032028469751,0.0,1.8733333333333333,6449,339.548695221676
99320.0,60.215053763440864,39.784946236559136,0.0,1.86,6421,339.1476005357222
99600.0,59.70695970695971,40.29304029304029,0.0,1.82,6362,338.389060402672
99880.0,54.19847328244275,45.80152671755725,0.0,1.7466666666666666,6334,338.2838504347406
100160.0,54.48504983388705,45.51495016611295,0.0,2.006666666666667,6332,338.53677489278056
100440.0,56.690140845070424,43.309859154929576,0.0,1.8933333333333333,6254,338.3820977343518
100720.0,52.851711026615966,47.148288973384034,0.0,1.7533333333333334,6245,338.292313593412
101000.0,60.82089552238806,39.17910447761194,0.0,1.7866666666666666,6252,338.31937391206094
101280.0,55.63380281690141,44.36619718309859,0.0,1.8933333333333333,6214,338.42771215784654
101560.0,52.53623188405797,47.46376811594203,0.0,1.84,6223,338.2601250642375
101840.0,51.92982456140351,48.07017543859649,0.0,1.9,6227,338.3307847757805
102120.0,53.63321799307958,46.36678200692042,0.0,1.9266666666666667,6260,338.3157087913514
102400.0,56.9811320754717,43.0188679245283,0.0,1.7666666666666666,6293,338.49393359623986
102680.0,54.662379421221864,45.337620578778136,0.0,2.0733333333333333,6293,338.47419618450283
102960.0,52.22222222222222,47.77777777777778,0.0,1.8,6321,338.6670959390667
103240.0,58.78378378378378,41.21621621621622,0.0,1.9733333333333334,6374,338.45431188601606
103520.0,53.02491103202847,46.97508896797153,0.0,1.8733333333333333,6379,338.18852690433073
103800.0,54.948805460750854,45.051194539249146,0.0,1.9533333333333334,6373,338.1664887501272
104080.0,56.2992125984252,43.7007874015748,0.0,1.6933333333333334,6339,338.2129075643173
104360.0,52.707581227436826,47.292418772563174,0.0,1.8466666666666667,6308,338.660369175228
104640.0,52.985074626865675,47.014925373134325,0.0,1.7866666666666666,6355,338.59300658504935
104920.0,49.814126394052046,50.185873605947954,0.0,1.7933333333333332,6373,338.9259749147407
105200.0,57.857142857142854,42.142857142857146,0.0,1.8666666666666667,6462,339.3632678262418
105480.0,61.217948717948715,38.782051282051285,0.0,2.08,6498,339.37933377694696
105760.0,58.18181818181818,41.81818181818182,0.0,1.8333333333333333,6500,339.51539378735436
106040.0,55.93869731800766,44.06130268199234,0.0,1.74,6559,340.0201317549989
106320.0,55.136986301369866,44.863013698630134,0.0,1.9466666666666668,6617,339.97780729263206
106600.0,57.85953177257525,42.14046822742475,0.0,1.9933333333333334,6623,340.13772450666704
106880.0,56.2111801242236,43.7888198757764,0.0,2.1466666666666665,6611,340.70114231421496
107160.0,54.42176870748299,45.57823129251701,0.0,1.96,6653,340.78449227669176
107440.0,59.786476868327405,40.213523131672595,0.0,1.8733333333333333,6701,341.553522046083
107720.0,51.07142857142857,48.92857142857143,0.0,1.8666666666666667,6833,341.9194333932006
108000.0,60.416666666666664,39.583333333333336,0.0,1.92,6867,341.8893201348014
108280.0,56.52173913043478,43.47826086956522,0.0,1.9933333333333334,6841,342.22740570250187
108560.0,58.455882352941174,41.544117647058826,0.0,1.8133333333333332,6822,342.0811186125437
108840.0,63.793103448275865,36.206896551724135,0.0,1.9333333333333333,6828,342.1488415803058
109120.0,60.583941605839414,39.416058394160586,0.0,1.8266666666666667,6803,342.08791810805394
109400.0,58.085808580858085,41.914191419141915,0.0,2.02,6839,342.11614171161193
109680.0,56.82656826568266,43.17343173431734,0.0,1.8066666666666666,6825,341.7519464878895
109960.0,57.735849056603776,42.264150943396224,0.0,1.7666666666666666,6812,341.7747347453552
110240.0,60.645161290322584,39.354838709677416,0.0,2.066666666666667,6799,341.54765777131695
110520.0,60.55363321799308,39.44636678200692,0.0,1.9266666666666667,6715,341.3393208939061
110800.0,58.80149812734082,41.19850187265918,0.0,1.78,6703,341.12042458158464
111080.0,53.81944444444444,46.18055555555556,0.0,1.92,6709,341.0465752227038
111360.0,54.19847328244275,45.80152671755725,0.0,1.7466666666666666,6696,340.6398610902565
111640.0,56.86274509803921,43.13725490196079,0.0,2.04,6702,340.4144821213936
111920.0,57.66423357664234,42.33576642335766,0.0,1.8266666666666667,6656,340.52893756399914
112200.0,61.885245901639344,38.114754098360656,0.0,1.6266666666666667,6688,340.53083843972826
112480.0,59.93485342019544,40.06514657980456,0.0,2.046666666666667,6654,340.404194415462
112760.0,52.4822695035461,47.5177304964539,0.0,1.88,6644,340.84641501411465
113040.0,55.71955719557196,44.28044280442804,0.0,1.8066666666666666,6640,339.9841775528337
113320.0,57.049180327868854,42.950819672131146,0.0,2.033333333333333,6583,339.80896442621815
113600.0,56.38297872340426,43.61702127659574,0.0,1.88,6523,339.0921708463061
113880.0,55.094339622641506,44.905660377358494,0.0,1.7666666666666666,6483,338.50263223247686
114160.0,57.761732851985556,42.238267148014444,0.0,1.8466666666666667,6466,339.25744723091435
114440.0,61.986301369863014,38.013698630136986,0.0,1.9466666666666668,6463,338.8809991822337
114720.0,52.76752767527675,47.23247232472325,0.0,1.8066666666666666,6480,339.1093886986851
115000.0,55.78231292517007,44.21768707482993,0.0,1.96,6562,339.2836621276186
115280.0,55.24475524475525,44.75524475524475,0.0,1.9066666666666667,6631,339.6133537707782
115560.0,56.56565656565657,43.43434343434343,0.0,1.98,6601,339.8780749932601
115840.0,61.347517730496456,38.652482269503544,0.0,1.88,6649,339.85251464121546
116120.0,59.71223021582734,40.28776978417266,0.0,1.8533333333333333,6589,340.16285846333744
116400.0,60.869565217391305,39.130434782608695,0.0,1.84,6629,340.60785304786157
116680.0,52.23880597014925,47.76119402985075,0.0,1.7866666666666666,6672,341.0625785529004
116960.0,59.79020979020979,40.20979020979021,0.0,1.9066666666666667,6703,341.4499064362333
117240.0,63.92857142857143,36.07142857142857,0.0,1.8666666666666667,6837,341.8384343979969
117520.0,60.810810810810814,39.189189189189186,0.0,1.9733333333333334,6935,341.8993334308454
117800.0,59.49820788530466,40.50179211469534,0.0,1.86,6952,342.1429810752764
118080.0,55.76923076923077,44.23076923076923,0.0,1.7333333333333334,6964,342.57016341683976
118360.0,58.098591549295776,41.901408450704224,0.0,1.8933333333333333,6959,342.5324816642925
118640.0,59.7972972972973,40.2027027027027,0.0,1.9733333333333334,7036,343.2216659841437
118920.0,55.78947368421053,44.21052631578947,0.0,1.9,7093,343.3081667083331
119200.0,61.67883211678832,38.32116788321168,0.0,1.8266666666666667,7124,343.63090043807694
119480.0,58.89967637540453,41.10032362459547,0.0,2.06,7119,344.04534545852664
119760.0,54.45544554455446,45.54455445544554,0.0,2.02,7166,344.2571798169115
120040.0,58.70967741935484,41.29032258064516,0.0,2.066666666666667,7186,344.5571900731127
120320.0,57.58620689655172,42.41379310344828,0.0,1.9333333333333333,7202,344.4299448751454
120600.0,62.16216216216216,37.83783783783784,0.0,1.9733333333333334,7218,344.33224679405805
120880.0,57.194244604316545,42.805755395683455,0.0,1.8533333333333333,7176,344.30129767280437
121160.0,61.48409893992933,38.51590106007067,0.0,1.8866666666666667,7205,344.48753067253926
121440.0,59.8705501618123,40.1294498381877,0.0,2.06,7206,344.6892797396136
121720.0,58.39160839160839,41.60839160839161,0.0,1.9066666666666667,7221,344.5884476152545
122000.0,55.55555555555556,44.44444444444444,0.0,2.04,7214,344.45817526817405
122280.0,59.430604982206404,40.569395017793596,0.0,1.8733333333333333,7212,344.6366118982118
122560.0,60.1423487544484,39.8576512455516,0.0,1.8733333333333333,7201,344.43185035002875
122840.0,62.67605633802817,37.32394366197183,0.0,1.8933333333333333,7225,344.65596456545535
123120.0,63.30935251798561,36.69064748201439,0.0,1.8533333333333333,7201,344.77672682593277
123400.0,56.962025316455694,43.037974683544306,0.0,2.1066666666666665,7208,344.65397446017397
123680.0,60.0,40.0,0.0,1.8,7187,344.3369731572877
123960.0,60.32786885245902,39.67213114754098,0.0,2.033333333333333,7168,344.2266618600733
124240.0,57.43944636678201,42.56055363321799,0.0,1.9266666666666667,7155,344.40679931931913
124520.0,63.782051282051285,36.217948717948715,0.0,2.08,7210,344.6010350640702
124800.0,64.78405315614619,35.21594684385382,0.0,2.006666666666667,7191,344.74859187965853
125080.0,61.967213114754095,38.032786885245905,0.0,2.033333333333333,7171,344.792218330308
125360.0,59.333333333333336,40.666666666666664,0.0,2.0,7197,344.51019145950096
125640.0,59.77859778597786,40.22140221402214,0.0,1.8066666666666666,7177,344.62227175837353
125920.0,56.74603174603175,43.25396825396825,0.0,1.68,7102,344.64911864297216
126200.0,56.29370629370629,43.70629370629371,0.0,1.9066666666666667,7087,344.74568363845805
126480.0,59.46843853820598,40.53156146179402,0.0,2.006666666666667,7129,344.7982262556843
126760.0,56.15384615384615,43.84615384615385,0.0,1.7333333333333334,7108,344.541888731246
127040.0,58.92255892255892,41.07744107744108,0.0,1.98,7079,344.1379600513195
127320.0,63.13868613138686,36.86131386861314,0.0,1.8266666666666667,7034,344.57803317474213
127600.0,58.13953488372093,41.86046511627907,0.0,1.72,7003,344.5742655713535
127880.0,58.94736842105263,41.05263157894737,0.0,1.9,7050,344.2877496683213
128160.0,59.49367088607595,40.50632911392405,0.0,2.1066666666666665,7048,344.2371481924393
128440.0,51.71232876712329,48.28767123287671,0.0,1.9466666666666668,7084,344.485059862735
128720.0,60.48109965635739,39.51890034364261,0.0,1.94,7062,344.81440991340116
129000.0,58.58585858585859,41.41414141414141,0.0,1.98,7106,344.98403123527754
129280.0,54.642857142857146,45.357142857142854,0.0,1.8666666666666667,7106,345.0117640443483
129560.0,56.16883116883117,43.83116883116883,0.0,2.0533333333333332,7131,344.79296828247175
129840.0,61.967213114754095,38.032786885245905,0.0,2.033333333333333,7114,344.3309943625379
130120.0,54.406130268199234,45.593869731800766,0.0,1.74,7097,344.0675399904005
130400.0,59.53947368421053,40.46052631578947,0.0,2.026666666666667,7092,344.34037649649883
130680.0,55.87301587301587,44.12698412698413,0.0,2.1,7079,343.9637906266397
130960.0,55.762081784386616,44.237918215613384,0.0,1.7933333333333332,7055,344.3841782563716
131240.0,60.67796610169491,39.32203389830509,0.0,1.9666666666666666,7057,343.926436259594
131520.0,53.59477124183007,46.40522875816993,0.0,2.04,7079,344.4032305151239
131800.0,54.44839857651245,45.55160142348755,0.0,1.8733333333333333,7117,344.49537187337216
132080.0,59.71223021582734,40.28776978417266,0.0,1.8533333333333333,7116,344.9734889807417
132360.0,60.869565217391305,39.130434782608695,0.0,1.84,7130,345.1772253643745
132640.0,59.16955017301038,40.83044982698962,0.0,1.9266666666666667,7142,344.9836816017801
132920.0,55.95667870036101,44.04332129963899,0.0,1.8466666666666667,7162,345.330369996786
133200.0,60.689655172413794,39.310344827586206,0.0,1.9333333333333333,7192,345.22045004009584
133480.0,62.142857142857146,37.857142857142854,0.0,1.8666666666666667,7274,345.3398436494594
133760.0,55.5956678700361,44.4043321299639,0.0,1.8466666666666667,7278,345.17338391213065
134040.0,60.07326007326007,39.92673992673993,0.0,1.82,7284,345.3214033197752
134320.0,59.07473309608541,40.92526690391459,0.0,1.8733333333333333,7309,345.6672304703938
134600.0,62.25165562913907,37.74834437086093,0.0,2.013333333333333,7255,345.4651792197036
134880.0,62.6865671641791,37.3134328358209,0.0,1.7866666666666666,7284,345.7616752091649
135160.0,58.064516129032256,41.935483870967744,0.0,1.86,7262,345.9300654596363
135440.0,64.4927536231884,35.507246376811594,0.0,1.84,7265,346.4800071393697
135720.0,57.608695652173914,42.391304347826086,0.0,1.84,7277,346.4133273989551
136000.0,60.674157303370784,39.325842696629216,0.0,1.78,7304,346.3270378804419
136280.0,62.0,38.0,0.0,2.0,7256,345.7818766689171
136560.0,61.56583629893238,38.43416370106762,0.0,1.8733333333333333,7212,345.34672680282813
136840.0,62.717770034843205,37.282229965156795,0.0,1.9133333333333333,7180,345.2339835592923
137120.0,59.50704225352113,40.49295774647887,0.0,1.8933333333333333,7123,345.2987290452981
137400.0,60.91205211726384,39.08794788273616,0.0,2.046666666666667,7125,344.8561037529252
137680.0,60.063897763578275,39.936102236421725,0.0,2.0866666666666664,7111,344.9389648533525
137960.0,60.53511705685619,39.46488294314381,0.0,1.9933333333333334,7088,344.90455704610144
138240.0,64.63414634146342,35.36585365853659,0.0,1.64,7071,344.78122985750895
138520.0,57.735849056603776,42.264150943396224,0.0,1.7666666666666666,7008,344.58576069717947
138800.0,54.24354243542435,45.75645756457565,0.0,1.8066666666666666,7090,344.65015965197614
139080.0,57.857142857142854,42.142857142857146,0.0,1.8666666666666667,7070,344.4687886576596
139360.0,57.40072202166065,42.59927797833935,0.0,1.8466666666666667,7032,344.47584119951085
139640.0,63.10679611650485,36.89320388349515,0.0,2.06,7020,344.3356241422039
139920.0,55.2901023890785,44.7098976109215,0.0,1.9533333333333334,6971,344.1049363689406
140200.0,62.22222222222222,37.77777777777778,0.0,1.8,6951,343.5607711224878
140480.0,56.88405797101449,43.11594202898551,0.0,1.84,6910,343.18957772388814
140760.0,53.521126760563384,46.478873239436616,0.0,1.8933333333333333,6870,343.030287743419
141040.0,54.9645390070922,45.0354609929078,0.0,1.88,6916,343.23562413365823
141320.0,62.585034013605444,37.414965986394556,0.0,1.96,6844,342.80354164499823
141600.0,60.75471698113208,39.24528301886792,0.0,1.7666666666666666,6876,342.73260517412433
141880.0,60.456273764258555,39.543726235741445,0.0,1.7533333333333334,6824,342.4587193875012
142160.0,57.41935483870968,42.58064516129032,0.0,2.066666666666667,6750,342.0341963436311
142440.0,54.248366013071895,45.751633986928105,0.0,2.04,6724,341.79357218442334
142720.0,58.8235294117647,41.1764705882353,0.0,1.9266666666666667,6723,342.10087894082545
143000.0,55.19713261648746,44.80286738351254,0.0,1.86,6700,341.5239950314018
143280.0,58.9041095890411,41.0958904109589,0.0,1.9466666666666668,6669,341.3565621359887
143560.0,53.00751879699248,46.99248120300752,0.0,1.7733333333333334,6665,341.41618565485743
143840.0,57.03703703703704,42.96296296296296,0.0,1.8,6650,340.96430360605564
144120.0,55.27272727272727,44.72727272727273,0.0,1.8333333333333333,6669,340.5283919011841
144400.0,55.55555555555556,44.44444444444444,0.0,1.86,6654,340.91080180570043
144680.0,50.470219435736674,49.529780564263326,0.0,2.1266666666666665,6696,341.0431967839503
144960.0,53.18352059925093,46.81647940074907,0.0,1.78,6665,340.96375120059355
145240.0,54.48028673835125,45.51971326164875,0.0,1.86,6664,341.20785784790473
145520.0,54.67128027681661,45.32871972318339,0.0,1.9266666666666667,6697,341.09723119919215
145800.0,56.9023569023569,43.0976430976431,0.0,1.98,6704,341.0276798195783
