0.0,0.0,100.0,0.0,1.64,0,0.0
280.0,7.5,92.5,0.0,1.6,518,24.356542837725005
560.0,16.153846153846153,83.84615384615384,0.0,1.7333333333333334,1331,45.180266582933214
840.0,19.33085501858736,80.66914498141264,0.0,1.7933333333333332,1899,61.697137611498476
1120.0,25.19083969465649,74.80916030534351,0.0,1.7466666666666666,2262,76.294381144726
1400.0,25.396825396825395,74.60317460317461,0.0,1.68,2445,87.76481741513487
1680.0,27.131782945736433,72.86821705426357,0.0,1.72,2368,99.88695641507994
1960.0,26.421404682274247,73.57859531772576,0.0,1.9933333333333334,2269,108.72555575074735
2240.0,26.274509803921568,73.72549019607843,0.0,1.7,2269,117.36414926769909
2520.0,26.8,73.2,0.0,1.6666666666666667,2328,126.61875111863785
2800.0,28.11387900355872,71.88612099644128,0.0,1.8733333333333333,2199,134.55542328947308
3080.0,23.92156862745098,76.07843137254902,0.0,1.7,2152,141.12772328938348
3360.0,23.015873015873016,76.98412698412699,0.0,1.68,2136,147.81781578153598
3640.0,28.85375494071146,71.14624505928853,0.0,1.6866666666666668,2174,154.31601320770505
3920.0,31.932773109243698,68.0672268907563,0.0,1.5866666666666667,2183,161.124997522226
4200.0,28.01556420233463,71.98443579766537,0.0,1.7133333333333334,2193,166.48032747552534
4480.0,26.69172932330827,73.30827067669173,0.0,1.7733333333333334,2240,172.2306790916201
4760.0,31.923076923076923,68.07692307692308,0.0,1.7333333333333334,2328,178.7447685835446
5040.0,29.26829268292683,70.73170731707317,0.0,1.64,2358,184.05618192800486
5320.0,33.20610687022901,66.79389312977099,0.0,1.7466666666666666,2429,190.06902935167696
5600.0,28.01418439716312,71.98581560283688,0.0,1.88,2559,195.9362808975024
5880.0,27.237354085603112,72.76264591439688,0.0,1.7133333333333334,2642,200.406420719876
6160.0,33.064516129032256,66.93548387096774,0.0,1.6533333333333333,2775,204.54426165707505
6440.0,31.6793893129771,68.3206106870229,0.0,1.7466666666666666,2861,209.45132074582216
6720.0,35.741444866920155,64.25855513307985,0.0,1.7533333333333334,2959,214.1783387040757
7000.0,29.41176470588235,70.58823529411765,0.0,1.8133333333333332,3116,218.77330744827566
7280.0,36.162361623616235,63.837638376383765,0.0,1.8066666666666666,3252,223.03387560174576
7560.0,38.306451612903224,61.693548387096776,0.0,1.6533333333333333,3368,227.2779430564799
7840.0,36.507936507936506,63.492063492063494,0.0,1.68,3517,231.28499437991337
8120.0,40.15151515151515,59.84848484848485,0.0,1.76,3636,235.2345669272378
8400.0,36.162361623616235,63.837638376383765,0.0,1.8066666666666666,3705,238.65163296803337
8680.0,41.886792452830186,58.113207547169814,0.0,1.7666666666666666,3832,242.7978625226961
8960.0,41.796875,58.203125,0.0,1.7066666666666668,3951,245.9039621782779
9240.0,35.34136546184739,64.65863453815261,0.0,1.66,4059,248.74221051454518
9520.0,37.96992481203007,62.03007518796993,0.0,1.7733333333333334,4193,251.68288739284395
9800.0,42.7536231884058,57.2463768115942,0.0,1.84,4294,254.7913869789685
10080.0,45.57823129251701,54.42176870748299,0.0,1.96,4372,257.4859085213253
10360.0,42.69662921348315,57.30337078651685,0.0,1.78,4432,259.82068231473863
10640.0,41.19601328903654,58.80398671096346,0.0,2.006666666666667,4542,262.04931439568804
10920.0,48.96551724137931,51.03448275862069,0.0,1.9333333333333333,4623,264.41800687981134
11200.0,48.888888888888886,51.111111111111114,0.0,1.8,4686,266.327119567544
11480.0,40.42553191489362,59.57446808510638,0.0,1.88,4715,268.24507287397887
11760.0,42.95774647887324,57.04225352112676,0.0,1.8933333333333333,4778,270.56889360377687
12040.0,43.445692883895134,56.554307116104866,0.0,1.78,4875,272.9578117184806
12320.0,44.04332129963899,55.95667870036101,0.0,1.8466666666666667,4963,275.33807313933005
12600.0,47.36842105263158,52.63157894736842,0.0,1.9,5032,277.5295399637352
12880.0,51.9434628975265,48.0565371024735,0.0,1.8866666666666667,5128,279.49312652063844
13160.0,51.383399209486164,48.616600790513836,0.0,1.6866666666666668,5180,281.0440496321089
13440.0,44.48398576512456,55.51601423487544,0.0,1.8733333333333333,5224,282.8319445705931
13720.0,52.313167259786475,47.686832740213525,0.0,1.8733333333333333,5285,284.59890007936986
14000.0,45.925925925925924,54.074074074074076,0.0,1.8,5355,286.2553521677529
14280.0,49.814126394052046,50.185873605947954,0.0,1.7933333333333332,5413,287.739830440335
14560.0,52.38095238095238,47.61904761904762,0.0,1.96,5518,289.30574288650814
14840.0,45.06578947368421,54.93421052631579,0.0,2.026666666666667,5579,291.0874403230605
15120.0,44.656488549618324,55.343511450381676,0.0,1.7466666666666666,5615,292.56024187048575
15400.0,53.597122302158276,46.402877697841724,0.0,1.8533333333333333,5662,294.29081166343275
15680.0,53.97923875432526,46.02076124567474,0.0,1.9266666666666667,5716,295.8606116970255
15960.0,56.61764705882353,43.38235294117647,0.0,1.8133333333333332,5756,296.5589140775358
16240.0,52.836879432624116,47.163120567375884,0.0,1.88,5782,297.34939404497334
16520.0,54.10958904109589,45.89041095890411,0.0,1.9466666666666668,5869,298.5924615224325
16800.0,51.92307692307692,48.07692307692308,0.0,1.7333333333333334,5867,299.72300686987904
17080.0,56.42023346303502,43.57976653696498,0.0,1.7133333333333334,5895,301.2167481682999
17360.0,52.903225806451616,47.096774193548384,0.0,2.066666666666667,5936,302.4619077562449
17640.0,51.25448028673835,48.74551971326165,0.0,1.86,5942,302.87372240907627
17920.0,51.15384615384615,48.84615384615385,0.0,1.7333333333333334,5919,303.74166723317137
18200.0,54.325259515570934,45.674740484429066,0.0,1.9266666666666667,5963,304.33259795061633
18480.0,51.07142857142857,48.92857142857143,0.0,1.8666666666666667,5982,305.1356155446602
18760.0,51.291512915129154,48.708487084870846,0.0,1.8066666666666666,5995,306.1171048631886
19040.0,51.245551601423486,48.754448398576514,0.0,1.8733333333333333,6020,307.14117029821426
19320.0,51.737451737451735,48.262548262548265,0.0,1.7266666666666666,6062,308.0121527096917
19600.0,56.22641509433962,43.77358490566038,0.0,1.7666666666666666,6072,308.7570924234586
19880.0,54.23728813559322,45.76271186440678,0.0,1.9666666666666666,6116,310.054785078159
20160.0,52.94117647058823,47.05882352941177,0.0,1.8133333333333332,6130,310.8036127386456
20440.0,52.63157894736842,47.36842105263158,0.0,1.7733333333333334,6145,311.7849034546166
20720.0,49.83388704318937,50.16611295681063,0.0,2.006666666666667,6184,312.5717756149274
21000.0,53.40501792114696,46.59498207885304,0.0,1.86,6217,313.50377533410904
21280.0,52.24913494809689,47.75086505190311,0.0,1.9266666666666667,6311,314.4203365806917
21560.0,57.761732851985556,42.238267148014444,0.0,1.8466666666666667,6384,315.46068566333946
21840.0,60.431654676258994,39.568345323741006,0.0,1.8533333333333333,6444,316.67340494886963
22120.0,57.5187969924812,42.4812030075188,0.0,1.7733333333333334,6484,317.14532204872506
22400.0,54.73684210526316,45.26315789473684,0.0,1.9,6543,318.43059582592394
22680.0,51.71232876712329,48.28767123287671,0.0,1.9466666666666668,6528,318.746741533016
22960.0,56.630824372759854,43.369175627240146,0.0,1.86,6477,318.83276824130894
23240.0,60.89965397923876,39.10034602076124,0.0,1.9266666666666667,6521,319.5384466179146
23520.0,53.515625,46.484375,0.0,1.7066666666666668,6529,319.6637251048003
23800.0,55.39568345323741,44.60431654676259,0.0,1.8533333333333333,6499,320.1993601507513
24080.0,55.10948905109489,44.89051094890511,0.0,1.8266666666666667,6505,320.6282412719124
24360.0,56.68016194331984,43.31983805668016,0.0,1.6466666666666667,6543,321.4916721435865
24640.0,53.57142857142857,46.42857142857143,0.0,1.8666666666666667,6558,322.2310569550727
24920.0,55.208333333333336,44.791666666666664,0.0,1.92,6611,322.9522799328769
25200.0,56.39344262295082,43.60655737704918,0.0,2.033333333333333,6618,323.77413074200587
25480.0,57.83582089552239,42.16417910447761,0.0,1.7866666666666666,6692,324.7199621901771
25760.0,58.92857142857143,41.07142857142857,0.0,1.8666666666666667,6729,325.1055465962538
26040.0,57.142857142857146,42.857142857142854,0.0,1.8666666666666667,6813,326.5190002237325
26320.0,57.35849056603774,42.64150943396226,0.0,1.7666666666666666,6905,327.2332784031137
26600.0,64.15770609318996,35.842293906810035,0.0,1.86,6939,327.9816679888051
26880.0,59.602649006622514,40.397350993377486,0.0,2.013333333333333,6951,328.4106691147483
27160.0,58.13953488372093,41.86046511627907,0.0,2.006666666666667,7038,329.0460818784605
27440.0,59.49820788530466,40.50179211469534,0.0,1.86,7077,329.6035413526864
27720.0,62.171052631578945,37.828947368421055,0.0,2.026666666666667,7130,329.9207345592212
28000.0,60.3125,39.6875,0.0,2.1333333333333333,7143,330.45809526236684
28280.0,58.13953488372093,41.86046511627907,0.0,2.006666666666667,7106,330.85779347664743
28560.0,57.46031746031746,42.53968253968254,0.0,2.1,7108,331.42708611979924
28840.0,54.83870967741935,45.16129032258065,0.0,1.86,7128,331.89895051362294
29120.0,61.971830985915496,38.028169014084504,0.0,1.8933333333333333,7177,332.478155837247
29400.0,57.34767025089606,42.65232974910394,0.0,1.86,7204,332.8564584947256
29680.0,63.0188679245283,36.9811320754717,0.0,1.7666666666666666,7267,333.285668982651
29960.0,64.86486486486487,35.13513513513514,0.0,1.7266666666666666,7297,333.5502747725179
30240.0,66.66666666666667,33.333333333333336,0.0,2.02,7313,334.1484224030758
30520.0,64.74820143884892,35.25179856115108,0.0,1.8533333333333333,7355,334.21001705253644
30800.0,61.172161172161175,38.827838827838825,0.0,1.82,7336,334.05112703154913
31080.0,67.1280276816609,32.8719723183391,0.0,1.9266666666666667,7330,334.3635742835728
31360.0,58.455882352941174,41.544117647058826,0.0,1.8133333333333332,7274,334.37057478048393
31640.0,59.7972972972973,40.2027027027027,0.0,1.9733333333333334,7218,334.4389401036963
31920.0,59.02777777777778,40.97222222222222,0.0,1.92,7228,334.4113667710949
32200.0,64.02640264026402,35.973597359735976,0.0,2.02,7200,334.820469762937
32480.0,66.08391608391608,33.91608391608391,0.0,1.9066666666666667,7139,334.89188956139736
32760.0,61.075949367088604,38.924050632911396,0.0,2.1066666666666665,7189,334.97403062863424
33040.0,58.666666666666664,41.333333333333336,0.0,2.0,7156,335.2088942878054
33320.0,52.87769784172662,47.12230215827338,0.0,1.8533333333333333,7191,335.4554629239767
33600.0,61.702127659574465,38.297872340425535,0.0,1.88,7210,335.0579357082493
33880.0,60.666666666666664,39.333333333333336,0.0,2.0,7147,334.71586485151545
34160.0,57.50915750915751,42.49084249084249,0.0,1.82,7108,334.7276882216812
34440.0,64.4927536231884,35.507246376811594,0.0,1.84,7060,334.8948657886862
34720.0,59.03225806451613,40.96774193548387,0.0,2.066666666666667,7054,335.2066449656164
35000.0,61.971830985915496,38.028169014084504,0.0,1.8933333333333333,7021,335.0315757991353
35280.0,57.6271186440678,42.3728813559322,0.0,1.9666666666666666,6968,335.11341902520644
35560.0,55.670103092783506,44.329896907216494,0.0,1.94,7022,335.25297960169075
35840.0,53.666666666666664,46.333333333333336,0.0,2.0,7002,335.84140794962417
36120.0,57.333333333333336,42.666666666666664,0.0,2.0,7029,336.6060393025888
36400.0,60.74074074074074,39.25925925925926,0.0,1.8,7111,337.0708602215207
36680.0,65.63706563706563,34.36293436293436,0.0,1.7266666666666666,7145,337.32831246886735
36960.0,62.925170068027214,37.074829931972786,0.0,1.96,7164,337.74629499270713
37240.0,55.70934256055364,44.29065743944636,0.0,1.9266666666666667,7214,337.92402238383727
37520.0,59.86159169550173,40.13840830449827,0.0,1.9266666666666667,7227,338.6231748591194
37800.0,62.10526315789474,37.89473684210526,0.0,1.9,7245,338.9943329961436
38080.0,58.718861209964416,41.281138790035584,0.0,1.8733333333333333,7278,339.7997314293602
38360.0,57.42574257425743,42.57425742574257,0.0,2.02,7312,340.2659736923584
38640.0,65.16129032258064,34.83870967741935,0.0,2.066666666666667,7332,339.9385545630344
38920.0,60.88560885608856,39.11439114391144,0.0,1.8066666666666666,7293,340.03723062133366
39200.0,60.456273764258555,39.543726235741445,0.0,1.7533333333333334,7324,340.2891077360615
39480.0,59.24657534246575,40.75342465753425,0.0,1.9466666666666668,7331,340.5622997748829
39760.0,59.190031152647975,40.809968847352025,0.0,2.14,7331,340.80006130164924
40040.0,68.01346801346801,31.986531986531986,0.0,1.98,7429,341.2516209085554
40320.0,61.130742049469966,38.869257950530034,0.0,1.8866666666666667,7369,341.20194621772845
40600.0,62.758620689655174,37.241379310344826,0.0,1.9333333333333333,7344,341.08149668006337
40880.0,64.61538461538461,35.38461538461539,0.0,2.1666666666666665,7266,340.46265306962783
41160.0,62.73764258555133,37.26235741444867,0.0,1.7533333333333334,7259,340.38128873242476
41440.0,61.75438596491228,38.24561403508772,0.0,1.9,7264,340.4424303235062
41720.0,60.273972602739725,39.726027397260275,0.0,1.9466666666666668,7220,339.8100598913693
42000.0,57.91245791245791,42.08754208754209,0.0,1.98,7161,339.4237846041399
42280.0,60.98360655737705,39.01639344262295,0.0,2.033333333333333,7131,339.3989300383763
42560.0,62.541806020066886,37.458193979933114,0.0,1.9933333333333334,7113,339.60181622513903
42840.0,59.80392156862745,40.19607843137255,0.0,2.04,7049,339.11155272868865
43120.0,58.57142857142857,41.42857142857143,0.0,1.8666666666666667,7000,339.03952083681895
43400.0,54.981549815498155,45.018450184501845,0.0,1.8066666666666666,6954,338.81723896208996
43680.0,63.04347826086956,36.95652173913044,0.0,2.1466666666666665,6968,338.6202901137556
43960.0,62.3574144486692,37.6425855513308,0.0,1.7533333333333334,6978,338.81018373327606
44240.0,56.84931506849315,43.15068493150685,0.0,1.9466666666666668,6961,338.52052466772057
44520.0,54.76190476190476,45.23809523809524,0.0,1.96,6930,338.1868070362473
44800.0,56.32183908045977,43.67816091954023,0.0,1.74,6896,338.04139858836834
45080.0,61.937716262975776,38.062283737024224,0.0,1.9266666666666667,6850,337.72623810395527
45360.0,57.33788395904437,42.66211604095563,0.0,1.9533333333333334,6824,337.5948300550765
45640.0,63.60294117647059,36.39705882352941,0.0,1.8133333333333332,6760,337.6492484403635
45920.0,59.35251798561151,40.64748201438849,0.0,1.8533333333333333,6767,337.8278580552196
46200.0,60.83916083916084,39.16083916083916,0.0,1.9066666666666667,6810,338.18832698396756
46480.0,56.5359477124183,43.4640522875817,0.0,2.04,6844,338.34713784252165
46760.0,58.84476534296029,41.15523465703971,0.0,1.8466666666666667,6870,337.9555872281013
47040.0,64.16382252559727,35.83617747440273,0.0,1.9533333333333334,6904,338.47212223221703
47320.0,61.512027491408936,38.487972508591064,0.0,1.94,6843,338.36962877622005
47600.0,60.1328903654485,39.8671096345515,0.0,2.006666666666667,6779,338.63214235940825
47880.0,56.07142857142857,43.92857142857143,0.0,1.8666666666666667,6791,338.9118164268243
48160.0,60.06600660066007,39.93399339933993,0.0,2.02,6843,339.19468359107316
48440.0,55.75539568345324,44.24460431654676,0.0,1.8533333333333333,6850,339.01652329237334
48720.0,60.85526315789474,39.14473684210526,0.0,2.026666666666667,6855,338.9855714109371
49000.0,61.03448275862069,38.96551724137931,0.0,1.9333333333333333,6888,338.9149828370583
49280.0,58.45070422535211,41.54929577464789,0.0,1.8933333333333333,6904,338.87469030573305
49560.0,57.564575645756456,42.435424354243544,0.0,1.8066666666666666,6824,339.07950320311824
49840.0,61.07142857142857,38.92857142857143,0.0,1.8666666666666667,6833,339.121207266065
50120.0,58.032786885245905,41.967213114754095,0.0,2.033333333333333,6807,339.23784028211014
50400.0,55.63636363636363,44.36363636363637,0.0,1.8333333333333333,6827,339.31575543239484
50680.0,61.486486486486484,38.513513513513516,0.0,1.9733333333333334,6844,339.0331061315005
50960.0,60.0,40.0,0.0,1.9333333333333333,6866,339.11277727224194
51240.0,57.36677115987461,42.63322884012539,0.0,2.1266666666666665,6902,339.5470702445339
51520.0,55.05226480836237,44.94773519163763,0.0,1.9133333333333333,6924,339.88973937072313
51800.0,58.88501742160279,41.11498257839721,0.0,1.9133333333333333,6928,340.27864680105256
52080.0,58.90909090909091,41.09090909090909,0.0,1.8333333333333333,6883,340.5420550872628
52360.0,56.92883895131086,43.07116104868914,0.0,1.78,6968,341.1138803492174
52640.0,63.60294117647059,36.39705882352941,0.0,1.8133333333333332,7012,341.5568636411298
52920.0,66.54411764705883,33.455882352941174,0.0,1.8133333333333332,7038,341.7312105487695
53200.0,58.86524822695036,41.13475177304964,0.0,1.88,7119,342.1609737300385
53480.0,59.34426229508197,40.65573770491803,0.0,2.033333333333333,7045,342.2126128045248
53760.0,60.21897810218978,39.78102189781022,0.0,1.8266666666666667,7095,342.5523337853512
54040.0,57.142857142857146,42.857142857142854,0.0,1.8666666666666667,7115,343.0713001141013
54320.0,59.6958174904943,40.3041825095057,0.0,1.7533333333333334,7204,343.77073751478986
54600.0,61.785714285714285,38.214285714285715,0.0,1.8666666666666667,7257,343.99054332841496
54880.0,60.40268456375839,39.59731543624161,0.0,1.9866666666666666,7290,344.2554820715076
55160.0,58.12274368231047,41.87725631768953,0.0,1.8466666666666667,7348,344.65766709568663
55440.0,60.0,40.0,0.0,2.1,7346,345.04026579039913
55720.0,57.564575645756456,42.435424354243544,0.0,1.8066666666666666,7379,345.4960956965875
56000.0,63.19702602230483,36.80297397769517,0.0,1.7933333333333332,7409,345.06437492016846
56280.0,62.25806451612903,37.74193548387097,0.0,2.066666666666667,7394,345.3077597646359
56560.0,57.70609318996416,42.29390681003584,0.0,1.86,7425,345.50007256863705
56840.0,55.673758865248224,44.326241134751776,0.0,1.88,7425,345.6815224924724
57120.0,59.25925925925926,40.74074074074074,0.0,1.8,7383,345.73623677178716
57400.0,63.667820069204154,36.332179930795846,0.0,1.9266666666666667,7372,346.341641024557
57680.0,64.81481481481481,35.18518518518518,0.0,1.8,7389,346.27183799321205
57960.0,66.43356643356644,33.56643356643357,0.0,1.9066666666666667,7504,346.17338021961274
58240.0,58.68852459016394,41.31147540983606,0.0,2.033333333333333,7537,346.1175440023077
58520.0,66.3157894736842,33.68421052631579,0.0,1.9,7529,346.322591674552
58800.0,58.63309352517986,41.36690647482014,0.0,1.8533333333333333,7481,346.3617686200833
59080.0,64.13793103448276,35.86206896551724,0.0,1.9333333333333333,7468,346.4618814098044
59360.0,57.5,42.5,0.0,1.8666666666666667,7416,346.1476729030794
59640.0,62.717770034843205,37.282229965156795,0.0,1.9133333333333333,7344,345.82534586165616
59920.0,57.605177993527505,42.394822006472495,0.0,2.06,7341,345.7632900638272
60200.0,58.45070422535211,41.54929577464789,0.0,1.8933333333333333,7300,345.65048342623817
60480.0,56.56934306569343,43.43065693430657,0.0,1.8266666666666667,7276,345.81170186047564
60760.0,61.33828996282528,38.66171003717472,0.0,1.7933333333333332,7300,345.60413824186116
61040.0,61.855670103092784,38.144329896907216,0.0,1.94,7298,345.47190413084314
61320.0,61.6822429906542,38.3177570093458,0.0,2.14,7266,345.21269488304733
61600.0,55.2901023890785,44.7098976109215,0.0,1.9533333333333334,7287,345.2691017565755
61880.0,53.90625,46.09375,0.0,1.7066666666666668,7301,345.5311394296142
62160.0,65.03496503496504,34.96503496503497,0.0,1.9066666666666667,7255,345.7871604314512
62440.0,55.43859649122807,44.56140350877193,0.0,1.9,7235,345.7781203240854
62720.0,59.183673469387756,40.816326530612244,0.0,1.6333333333333333,7225,345.8562079308105
63000.0,54.166666666666664,45.833333333333336,0.0,1.76,7182,345.42136409383335
63280.0,55.833333333333336,44.166666666666664,0.0,1.6,7173,345.7289793693311
63560.0,57.77777777777778,42.22222222222222,0.0,1.8,7189,345.7733677317053
63840.0,61.27946127946128,38.72053872053872,0.0,1.98,7208,345.81174190291006
64120.0,62.92134831460674,37.07865168539326,0.0,1.78,7236,346.0060661277168
64400.0,59.44055944055944,40.55944055944056,0.0,1.9066666666666667,7196,345.53697467590223
64680.0,59.46843853820598,40.53156146179402,0.0,2.006666666666667,7168,345.4596550078967
64960.0,59.64912280701754,40.35087719298246,0.0,1.9,7181,345.5046777891734
65240.0,60.48109965635739,39.51890034364261,0.0,1.94,7219,345.54213994657334
65520.0,64.66666666666667,35.333333333333336,0.0,2.0,7252,345.83448614603185
65800.0,59.29824561403509,40.70175438596491,0.0,1.9,7259,346.10111780668393
66080.0,59.800664451827245,40.199335548172755,0.0,2.006666666666667,7330,346.17802570365274
66360.0,62.67605633802817,37.32394366197183,0.0,1.8933333333333333,7296,346.1350119144302
66640.0,57.19178082191781,42.80821917808219,0.0,1.9466666666666668,7380,346.6472240263921
66920.0,61.510791366906474,38.489208633093526,0.0,1.8533333333333333,7455,346.7526441091114
67200.0,61.904761904761905,38.095238095238095,0.0,2.1,7417,346.73379381034624
67480.0,63.85964912280702,36.14035087719298,0.0,1.9,7442,346.96524187707496
67760.0,62.58741258741259,37.41258741258741,0.0,1.9066666666666667,7446,346.99987266379503
68040.0,54.34782608695652,45.65217391304348,0.0,1.84,7450,347.3316801706216
68320.0,56.29139072847682,43.70860927152318,0.0,2.013333333333333,7432,347.2931363549239
68600.0,56.06060606060606,43.93939393939394,0.0,1.76,7444,347.2931946000761
68880.0,61.702127659574465,38.297872340425535,0.0,1.88,7475,347.59001545345234
69160.0,63.028169014084504,36.971830985915496,0.0,1.8933333333333333,7452,347.4170060946178
69440.0,55.10204081632653,44.89795918367347,0.0,1.96,7459,347.48199754978316
69720.0,61.092150170648466,38.907849829351534,0.0,1.9533333333333334,7510,347.34761247176175
70000.0,62.01550387596899,37.98449612403101,0.0,1.72,7486,347.2775358676108
70280.0,63.605442176870746,36.394557823129254,0.0,1.96,7457,347.2248524346838
70560.0,60.99290780141844,39.00709219858156,0.0,1.88,7480,347.2222329164803
70840.0,57.00636942675159,42.99363057324841,0.0,2.0933333333333333,7476,347.2495096292639
71120.0,65.15679442508711,34.84320557491289,0.0,1.9133333333333333,7487,347.0444629290876
71400.0,59.01639344262295,40.98360655737705,0.0,2.033333333333333,7439,346.9429125143136
71680.0,64.8854961832061,35.11450381679389,0.0,1.7466666666666666,7393,346.7324010672778
71960.0,64.49511400651465,35.504885993485345,0.0,2.046666666666667,7379,346.92369589542966
72240.0,58.78136200716846,41.21863799283154,0.0,1.86,7306,346.56145943424485
72520.0,61.03448275862069,38.96551724137931,0.0,1.9333333333333333,7363,346.71348151427304
72800.0,65.0,35.0,0.0,1.8666666666666667,7334,346.87648379301214
73080.0,56.16883116883117,43.83116883116883,0.0,2.0533333333333332,7399,347.06563761655786
73360.0,61.111111111111114,38.888888888888886,0.0,2.04,7436,347.35223225840565
73640.0,63.60294117647059,36.39705882352941,0.0,1.8133333333333332,7411,346.90486607301
73920.0,59.375,40.625,0.0,1.92,7398,347.0794616113544
74200.0,57.291666666666664,42.708333333333336,0.0,1.92,7373,347.07417717776184
74480.0,58.68055555555556,41.31944444444444,0.0,1.92,7290,347.1824434974152
74760.0,58.21917808219178,41.78082191780822,0.0,1.9466666666666668,7336,347.144844602427
75040.0,60.13986013986014,39.86013986013986,0.0,1.9066666666666667,7422,346.95688305238656
75320.0,65.07352941176471,34.9264705882353,0.0,1.8133333333333332,7384,346.7356756386688
75600.0,62.22910216718266,37.77089783281734,0.0,2.1533333333333333,7434,346.859165648013
75880.0,57.585139318885446,42.414860681114554,0.0,2.1533333333333333,7403,347.00572860808245
76160.0,62.98932384341637,37.01067615658363,0.0,1.8733333333333333,7396,347.0887109045323
76440.0,59.36395759717315,40.63604240282685,0.0,1.8866666666666667,7441,346.75913697533105
76720.0,60.70175438596491,39.29824561403509,0.0,1.9,7443,347.13111473309954
77000.0,59.66101694915254,40.33898305084746,0.0,1.9666666666666666,7403,346.773338751903
77280.0,60.83916083916084,39.16083916083916,0.0,1.9066666666666667,7419,346.9880594902946
77560.0,62.03389830508475,37.96610169491525,0.0,1.9666666666666666,7356,346.9878676310062
77840.0,58.80281690140845,41.19718309859155,0.0,1.8933333333333333,7357,346.7286349289688
78120.0,61.83745583038869,38.16254416961131,0.0,1.8866666666666667,7391,346.0034043502379
78400.0,58.214285714285715,41.785714285714285,0.0,1.8666666666666667,7366,345.5950836057218
78680.0,62.25165562913907,37.74834437086093,0.0,2.013333333333333,7384,345.5467776008201
78960.0,64.04109589041096,35.95890410958904,0.0,1.9466666666666668,7392,345.65559239797756
79240.0,59.43396226415094,40.56603773584906,0.0,2.12,7363,345.7325544897443
79520.0,60.256410256410255,39.743589743589745,0.0,2.08,7349,345.8950506301113
79800.0,61.092150170648466,38.907849829351534,0.0,1.9533333333333334,7315,345.985398542001
80080.0,53.84615384615385,46.15384615384615,0.0,1.9933333333333334,7336,346.17607391797884
80360.0,55.670103092783506,44.329896907216494,0.0,1.94,7361,346.01039574098485
80640.0,57.87671232876713,42.12328767123287,0.0,1.9466666666666668,7393,346.18707271226873
80920.0,63.799283154121866,36.200716845878134,0.0,1.86,7440,345.6760972861016
81200.0,64.81481481481481,35.18518518518518,0.0,1.8,7408,345.40281593907906
81480.0,57.615894039735096,42.384105960264904,0.0,2.013333333333333,7343,345.0062760053057
81760.0,64.90066225165563,35.09933774834437,0.0,2.013333333333333,7313,344.64098274622074
82040.0,59.2057761732852,40.7942238267148,0.0,1.8466666666666667,7284,344.22540752385225
82320.0,61.24567474048443,38.75432525951557,0.0,1.9266666666666667,7262,344.04852596315584
82600.0,60.984848484848484,39.015151515151516,0.0,1.76,7221,343.721667458876
82880.0,59.34426229508197,40.65573770491803,0.0,2.033333333333333,7202,343.5231792288843
83160.0,61.53846153846154,38.46153846153846,0.0,1.9933333333333334,7187,343.3143591408075
83440.0,50.74074074074074,49.25925925925926,0.0,1.8,7091,343.21587091273534
83720.0,55.16129032258065,44.83870967741935,0.0,2.066666666666667,7066,342.71691653034446
84000.0,53.872053872053876,46.127946127946124,0.0,1.98,7038,343.2259063809953
84280.0,52.59515570934256,47.40484429065744,0.0,1.9266666666666667,7052,343.18677053213383
84560.0,57.770270270270274,42.229729729729726,0.0,1.9733333333333334,7169,343.24421791936
84840.0,59.23344947735192,40.76655052264808,0.0,1.9133333333333333,7152,343.0190486822344
85120.0,58.098591549295776,41.901408450704224,0.0,1.8933333333333333,7147,342.48860414365663
85400.0,56.351791530944624,43.648208469055376,0.0,2.046666666666667,7074,342.264070891535
85680.0,48.54014598540146,51.45985401459854,0.0,1.8266666666666667,7068,342.31904607172845
85960.0,56.86274509803921,43.13725490196079,0.0,2.04,7043,342.5545082381959
86240.0,55.056179775280896,44.943820224719104,0.0,1.78,7054,342.70215786794455
86520.0,56.802721088435376,43.197278911564624,0.0,1.96,7038,342.9707193569359
86800.0,60.99290780141844,39.00709219858156,0.0,1.88,6997,342.99629176324504
87080.0,55.59322033898305,44.40677966101695,0.0,1.9666666666666666,7029,342.95856484534403
87360.0,54.26621160409557,45.73378839590443,0.0,1.9533333333333334,7112,343.6584240055574
87640.0,62.897526501766784,37.102473498233216,0.0,1.8866666666666667,7103,343.7308699336259
87920.0,59.86622073578595,40.13377926421405,0.0,1.9933333333333334,7143,343.7533547491668
88200.0,64.02877697841727,35.97122302158273,0.0,1.8533333333333333,7162,343.94215303418184
88480.0,55.39033457249071,44.60966542750929,0.0,1.7933333333333332,7153,343.4846638636044
88760.0,52.4,47.6,0.0,1.6666666666666667,7153,343.50762375214794
89040.0,59.55882352941177,40.44117647058823,0.0,1.8133333333333332,7143,343.18200112696655
89320.0,56.98924731182796,43.01075268817204,0.0,1.86,7112,342.97122936682206
89600.0,60.95890410958904,39.04109589041096,0.0,1.9466666666666668,7032,343.28279295882203
89880.0,57.0957095709571,42.9042904290429,0.0,2.02,7084,343.38227498153907
90160.0,60.93189964157706,39.06810035842294,0.0,1.86,7141,343.58551029890776
90440.0,60.288808664259925,39.711191335740075,0.0,1.8466666666666667,7144,343.67135003673957
90720.0,57.254901960784316,42.745098039215684,0.0,1.7,7211,343.62477148993645
91000.0,54.54545454545455,45.45454545454545,0.0,1.8333333333333333,7250,344.14704069389666
91280.0,55.35168195718654,44.64831804281346,0.0,2.18,7295,344.1625622155144
91560.0,58.064516129032256,41.935483870967744,0.0,1.86,7266,344.3136566214784
91840.0,55.379746835443036,44.620253164556964,0.0,2.1066666666666665,7265,344.43380205073447
92120.0,63.87832699619772,36.12167300380228,0.0,1.7533333333333334,7269,344.7290590420093
92400.0,58.156028368794324,41.843971631205676,0.0,1.88,7247,344.49226837951085
92680.0,62.301587301587304,37.698412698412696,0.0,1.68,7272,344.4113796498903
92960.0,56.99300699300699,43.00699300699301,0.0,1.9066666666666667,7254,344.5659144010654
93240.0,62.091503267973856,37.908496732026144,0.0,2.04,7255,344.92908546117184
93520.0,58.70307167235495,41.29692832764505,0.0,1.9533333333333334,7315,345.227648082528
93800.0,56.76567656765677,43.23432343234323,0.0,2.02,7341,345.3335646293038
94080.0,62.007168458781365,37.992831541218635,0.0,1.86,7442,345.4437798773031
94360.0,59.86159169550173,40.13840830449827,0.0,1.9266666666666667,7463,345.7345756143281
94640.0,60.207612456747405,39.792387543252595,0.0,1.9266666666666667,7416,345.6746639870134
94920.0,59.61538461538461,40.38461538461539,0.0,1.7333333333333334,7425,345.59050665540957
95200.0,61.75438596491228,38.24561403508772,0.0,1.9,7468,345.9495937416836
95480.0,63.57142857142857,36.42857142857143,0.0,1.8666666666666667,7498,346.1806632238826
95760.0,59.57446808510638,40.42553191489362,0.0,1.88,7559,346.5163244492235
96040.0,67.00680272108843,32.993197278911566,0.0,1.96,7583,346.7353874565675
96320.0,63.63636363636363,36.36363636363637,0.0,1.9066666666666667,7580,346.86956454945926
96600.0,60.2112676056338,39.7887323943662,0.0,1.8933333333333333,7654,347.21215173899554
96880.0,64.64285714285714,35.357142857142854,0.0,1.8666666666666667,7632,347.15219784651725
97160.0,64.74820143884892,35.25179856115108,0.0,1.8533333333333333,7616,347.0940086522773
97440.0,60.645161290322584,39.354838709677416,0.0,2.066666666666667,7665,346.9371811791593
97720.0,60.70287539936102,39.29712460063898,0.0,2.0866666666666664,7598,346.8862265584408
98000.0,60.37735849056604,39.62264150943396,0.0,1.7666666666666666,7658,346.9537512300919
98280.0,66.55405405405405,33.445945945945944,0.0,1.9733333333333334,7705,346.9869954090866
98560.0,57.556270096463024,42.443729903536976,0.0,2.0733333333333333,7690,346.96561213004486
98840.0,63.35616438356164,36.64383561643836,0.0,1.9466666666666668,7645,346.7473038145748
99120.0,62.0,38.0,0.0,2.0,7612,346.86039926037057
99400.0,65.73426573426573,34.26573426573427,0.0,1.9066666666666667,7596,347.0218932596215
99680.0,65.07352941176471,34.9264705882353,0.0,1.8133333333333332,7634,346.95455042622535
99960.0,61.967213114754095,38.032786885245905,0.0,2.033333333333333,7637,346.87482306965126
100240.0,62.897526501766784,37.102473498233216,0.0,1.8866666666666667,7557,346.67148451312613
100520.0,62.09386281588448,37.90613718411552,0.0,1.8466666666666667,7537,346.46854588465567
100800.0,62.5,37.5,0.0,2.1333333333333333,7520,346.70511875482356
101080.0,56.22641509433962,43.77358490566038,0.0,1.7666666666666666,7469,346.6109172271898
101360.0,57.79220779220779,42.20779220779221,0.0,2.0533333333333332,7471,346.2656113538473
101640.0,58.843537414965986,41.156462585034014,0.0,1.96,7525,345.88370565680026
101920.0,63.513513513513516,36.486486486486484,0.0,1.9733333333333334,7530,345.7634106357176
102200.0,61.88925081433225,38.11074918566775,0.0,2.046666666666667,7561,345.93792786197844
102480.0,55.70934256055364,44.29065743944636,0.0,1.9266666666666667,7498,345.6264983783336
102760.0,59.774436090225564,40.225563909774436,0.0,1.7733333333333334,7488,345.82660556524866
103040.0,63.492063492063494,36.507936507936506,0.0,1.68,7420,345.3896778555704
103320.0,61.75438596491228,38.24561403508772,0.0,1.9,7419,345.7744077176352
103600.0,59.80392156862745,40.19607843137255,0.0,2.04,7415,345.5740668832597
103880.0,61.69491525423729,38.30508474576271,0.0,1.9666666666666666,7415,345.6908014554423
104160.0,59.49820788530466,40.50179211469534,0.0,1.86,7427,346.1799353845024
104440.0,62.45614035087719,37.54385964912281,0.0,1.9,7357,345.8707823986066
104720.0,65.52901023890784,34.47098976109215,0.0,1.9533333333333334,7363,345.9415716582049
105000.0,61.111111111111114,38.888888888888886,0.0,1.8,7410,346.0230710488578
105280.0,61.38996138996139,38.61003861003861,0.0,1.7266666666666666,7398,346.21636092277095
105560.0,58.24915824915825,41.75084175084175,0.0,1.98,7393,346.5043659894955
105840.0,62.857142857142854,37.142857142857146,0.0,1.8666666666666667,7432,346.55734150676943
106120.0,58.666666666666664,41.333333333333336,0.0,2.0,7446,346.28031685472894
106400.0,62.01298701298701,37.98701298701299,0.0,2.0533333333333332,7407,346.2120655050178
106680.0,54.044117647058826,45.955882352941174,0.0,1.8133333333333332,7428,346.0666616339237
106960.0,64.04494382022472,35.95505617977528,0.0,1.78,7434,345.7013231101097
107240.0,57.142857142857146,42.857142857142854,0.0,2.006666666666667,7354,345.2684532378833
107520.0,60.61538461538461,39.38461538461539,0.0,2.1666666666666665,7391,345.3633312256295
107800.0,60.661764705882355,39.338235294117645,0.0,1.8133333333333332,7356,345.4273837143019
108080.0,58.68055555555556,41.31944444444444,0.0,1.92,7367,345.68020840960816
108360.0,54.18181818181818,45.81818181818182,0.0,1.8333333333333333,7401,345.5904485749159
108640.0,58.264462809917354,41.735537190082646,0.0,1.6133333333333333,7393,345.4579009468892
108920.0,60.79136690647482,39.20863309352518,0.0,1.8533333333333333,7406,345.3560314292027
109200.0,51.92307692307692,48.07692307692308,0.0,1.7333333333333334,7398,345.00633647494357
109480.0,60.14492753623188,39.85507246376812,0.0,1.84,7354,344.79161352787645
109760.0,55.05226480836237,44.94773519163763,0.0,1.9133333333333333,7319,344.9270457238662
110040.0,58.07692307692308,41.92307692307692,0.0,1.7333333333333334,7313,345.073515032679
110320.0,62.19081272084806,37.80918727915194,0.0,1.8866666666666667,7310,344.94144041684405
110600.0,56.76567656765677,43.23432343234323,0.0,2.02,7342,345.02848793277104
110880.0,56.996587030716725,43.003412969283275,0.0,1.9533333333333334,7417,344.7820627013499
111160.0,60.661764705882355,39.338235294117645,0.0,1.8133333333333332,7405,344.82193891444575
111440.0,59.04059040590406,40.95940959409594,0.0,1.8066666666666666,7385,344.96943060267176
111720.0,64.21404682274247,35.785953177257525,0.0,1.9933333333333334,7378,344.6460077088929
112000.0,58.71212121212121,41.28787878787879,0.0,1.76,7332,344.56536320193555
112280.0,66.08391608391608,33.91608391608391,0.0,1.9066666666666667,7325,345.1362130121543
112560.0,56.50406504065041,43.49593495934959,0.0,1.64,7340,345.1897005469425
112840.0,65.91760299625469,34.08239700374532,0.0,1.78,7332,345.3247537467402
113120.0,59.7972972972973,40.2027027027027,0.0,1.9733333333333334,7373,345.28589616393356
113400.0,64.44444444444444,35.55555555555556,0.0,1.8,7346,345.4080955850705
113680.0,61.920529801324506,38.079470198675494,0.0,2.013333333333333,7337,345.3849155420824
113960.0,63.12292358803987,36.87707641196013,0.0,2.006666666666667,7398,345.6072289642141
114240.0,58.445945945945944,41.554054054054056,0.0,1.9733333333333334,7420,345.69208484415435
114520.0,62.214983713355046,37.785016286644954,0.0,2.046666666666667,7425,345.94262628011126
114800.0,63.23024054982818,36.76975945017182,0.0,1.94,7437,345.7919390917902
115080.0,63.21070234113712,36.78929765886288,0.0,1.9933333333333334,7435,345.8814846664434
115360.0,58.92255892255892,41.07744107744108,0.0,1.98,7487,346.0498402131047
115640.0,58.8235294117647,41.1764705882353,0.0,2.04,7527,346.162990948231
115920.0,64.44444444444444,35.55555555555556,0.0,2.1,7501,346.26346165889805
116200.0,70.14925373134328,29.850746268656717,0.0,1.7866666666666666,7492,346.633979211811
116480.0,55.70934256055364,44.29065743944636,0.0,1.9266666666666667,7520,346.48276518412985
116760.0,56.65529010238908,43.34470989761092,0.0,1.9533333333333334,7527,346.50193441086174
117040.0,59.92217898832685,40.07782101167315,0.0,1.7133333333333334,7504,346.40642673665445
117320.0,57.93357933579336,42.06642066420664,0.0,1.8066666666666666,7500,346.6809719817233
117600.0,61.61616161616162,38.38383838383838,0.0,1.98,7523,346.86885403721146
117880.0,61.9496855345912,38.0503144654088,0.0,2.12,7493,347.06555103246086
118160.0,64.51612903225806,35.483870967741936,0.0,1.86,7518,346.5213258022339
118440.0,57.142857142857146,42.857142857142854,0.0,1.96,7483,346.40454896340003
118720.0,60.74074074074074,39.25925925925926,0.0,1.8,7496,346.157600161289
119000.0,64.26229508196721,35.73770491803279,0.0,2.033333333333333,7470,346.5350339002241
119280.0,60.256410256410255,39.743589743589745,0.0,2.08,7476,346.45330828604716
119560.0,66.54929577464789,33.45070422535211,0.0,1.8933333333333333,7551,346.8104375201702
119840.0,59.80392156862745,40.19607843137255,0.0,2.04,7588,346.77610273277156
120120.0,64.80836236933798,35.19163763066202,0.0,1.9133333333333333,7516,346.3269968444143
120400.0,63.957597173144876,36.042402826855124,0.0,1.8866666666666667,7522,346.5421641110992
120680.0,60.9271523178808,39.0728476821192,0.0,2.013333333333333,7506,346.79877108672815
120960.0,61.88811188811189,38.11188811188811,0.0,1.9066666666666667,7507,346.7975020039928
121240.0,58.95522388059702,41.04477611940298,0.0,1.7866666666666666,7586,346.6341806657074
121520.0,63.059701492537314,36.940298507462686,0.0,1.7866666666666666,7603,346.8867682616383
121800.0,64.42687747035573,35.573122529644266,0.0,1.6866666666666668,7586,346.7605895817645
122080.0,64.01384083044982,35.98615916955017,0.0,1.9266666666666667,7577,346.2299945519058
122360.0,64.07407407407408,35.925925925925924,0.0,1.8,7551,346.11574675012844
122640.0,64.62585034013605,35.374149659863946,0.0,1.96,7509,345.72625377465084
122920.0,64.05693950177935,35.94306049822064,0.0,1.8733333333333333,7501,345.9700267485214
123200.0,60.54421768707483,39.45578231292517,0.0,1.96,7563,346.2767205935167
123480.0,65.89403973509934,34.10596026490066,0.0,2.013333333333333,7590,346.83227668142194
123760.0,66.05839416058394,33.941605839416056,0.0,1.8266666666666667,7613,347.5928377018006
124040.0,64.70588235294117,35.294117647058826,0.0,2.04,7672,347.63163061920164
124320.0,63.13993174061434,36.86006825938566,0.0,1.9533333333333334,7768,347.88905374018884
124600.0,64.80836236933798,35.19163763066202,0.0,1.9133333333333333,7766,348.4029526742288
124880.0,65.97938144329896,34.02061855670103,0.0,1.94,7828,348.38947186423854
125160.0,62.18181818181818,37.81818181818182,0.0,1.8333333333333333,7832,348.7117027797815
125440.0,60.75085324232082,39.24914675767918,0.0,1.9533333333333334,7791,348.45067237256126
125720.0,66.79389312977099,33.20610687022901,0.0,1.7466666666666666,7740,348.2251639785684
126000.0,62.03007518796993,37.96992481203007,0.0,1.7733333333333334,7740,348.1988346271006
126280.0,70.9090909090909,29.09090909090909,0.0,1.8333333333333333,7735,348.38014524442184
126560.0,64.75095785440612,35.24904214559387,0.0,1.74,7727,347.9363284431767
126840.0,62.16216216216216,37.83783783783784,0.0,1.7266666666666666,7732,348.09993312726726
127120.0,63.605442176870746,36.394557823129254,0.0,1.96,7728,348.11422053072397
127400.0,61.15107913669065,38.84892086330935,0.0,1.8533333333333333,7808,348.4521316309029
127680.0,64.39393939393939,35.60606060606061,0.0,1.76,7834,348.6316062274359
127960.0,67.39811912225706,32.60188087774295,0.0,2.1266666666666665,7900,348.69007505526474
128240.0,62.758620689655174,37.241379310344826,0.0,1.9333333333333333,7884,348.7757003699139
128520.0,65.14084507042253,34.859154929577464,0.0,1.8933333333333333,7866,348.519670547629
128800.0,56.79442508710802,43.20557491289198,0.0,1.9133333333333333,7789,348.5450383303389
129080.0,60.738255033557046,39.261744966442954,0.0,1.9866666666666666,7745,348.17066706727434
129360.0,67.56756756756756,32.432432432432435,0.0,1.9733333333333334,7734,347.8804061217279
129640.0,64.83516483516483,35.16483516483517,0.0,1.82,7729,347.44138018768416
129920.0,69.71608832807571,30.28391167192429,0.0,2.1133333333333333,7658,347.2924175364804
130200.0,66.10169491525424,33.898305084745765,0.0,1.9666666666666666,7581,346.9467639468188
130480.0,59.666666666666664,40.333333333333336,0.0,2.0,7620,347.1507653166811
130760.0,60.30534351145038,39.69465648854962,0.0,1.7466666666666666,7574,347.33949569193487
131040.0,62.1160409556314,37.8839590443686,0.0,1.9533333333333334,7658,347.8638948295951
131320.0,60.49822064056939,39.50177935943061,0.0,1.8733333333333333,7694,348.08670777564373
131600.0,57.04697986577181,42.95302013422819,0.0,1.9866666666666666,7727,347.8902949377204
131880.0,61.7737003058104,38.2262996941896,0.0,2.18,7784,348.13357817362936
132160.0,63.35616438356164,36.64383561643836,0.0,1.9466666666666668,7731,348.21670921384896
132440.0,65.7439446366782,34.2560553633218,0.0,1.9266666666666667,7764,348.55180804987475
132720.0,57.33788395904437,42.66211604095563,0.0,1.9533333333333334,7746,348.29130016464904
133000.0,64.87455197132617,35.12544802867384,0.0,1.86,7732,348.4604052147511
133280.0,65.34296028880867,34.65703971119134,0.0,1.8466666666666667,7749,348.5829032401019
133560.0,60.824742268041234,39.175257731958766,0.0,1.94,7793,348.6878987947339
133840.0,67.34006734006734,32.65993265993266,0.0,1.98,7801,348.4634458115615
134120.0,63.565891472868216,36.434108527131784,0.0,1.72,7739,348.6263941671323
134400.0,67.50902527075812,32.49097472924188,0.0,1.8466666666666667,7790,348.68378548150207
134680.0,68.30985915492958,31.690140845070424,0.0,1.8933333333333333,7790,348.7344045858137
134960.0,65.98639455782313,34.01360544217687,0.0,1.96,7862,349.28776664516914
135240.0,62.043795620437955,37.956204379562045,0.0,1.8266666666666667,7880,349.53151508038144
135520.0,58.30258302583026,41.69741697416974,0.0,1.8066666666666666,7927,349.934811400256
135800.0,68.33333333333333,31.666666666666668,0.0,2.0,8012,350.245189396952
136080.0,64.52830188679245,35.471698113207545,0.0,1.7666666666666666,8044,350.8707508396978
136360.0,61.048689138576776,38.951310861423224,0.0,1.78,8055,351.07683501971076
136640.0,65.21739130434783,34.78260869565217,0.0,1.84,8117,351.2820922749672
136920.0,70.52631578947368,29.473684210526315,0.0,1.9,8117,351.285065034659
137200.0,61.63934426229508,38.36065573770492,0.0,2.033333333333333,8092,351.39729971352415
137480.0,71.63120567375887,28.368794326241133,0.0,1.88,8150,351.14536968803395
137760.0,63.405797101449274,36.594202898550726,0.0,1.84,8162,351.4764440317647
138040.0,66.07773851590106,33.92226148409894,0.0,1.8866666666666667,8144,351.08177246381905
138320.0,66.55172413793103,33.44827586206897,0.0,1.9333333333333333,8119,350.6978880818946
138600.0,60.40268456375839,39.59731543624161,0.0,1.9866666666666666,8080,350.90039553089537
138880.0,63.028169014084504,36.971830985915496,0.0,1.8933333333333333,8102,351.1800571239917
139160.0,68.77076411960132,31.229235880398672,0.0,2.006666666666667,8026,350.90785808427404
139440.0,64.31095406360424,35.68904593639576,0.0,1.8866666666666667,8084,350.98070093239835
139720.0,65.43624161073825,34.56375838926174,0.0,1.9866666666666666,8113,351.0418010715462
140000.0,65.63573883161511,34.36426116838488,0.0,1.94,8100,350.6056380099719
140280.0,71.86311787072243,28.136882129277566,0.0,1.7533333333333334,8123,350.3471609552009
140560.0,64.70588235294117,35.294117647058826,0.0,2.2666666666666666,8142,350.6703859768247
140840.0,66.89655172413794,33.10344827586207,0.0,1.9333333333333333,8148,351.01772327638645
141120.0,62.04620462046205,37.95379537953795,0.0,2.02,8177,351.13923419967733
141400.0,70.27972027972028,29.72027972027972,0.0,1.9066666666666667,8154,351.2808732412539
141680.0,67.85714285714286,32.142857142857146,0.0,2.0533333333333332,8126,351.2479458583088
141960.0,67.74193548387096,32.25806451612903,0.0,2.066666666666667,8195,351.70829879151853
142240.0,67.82006920415225,32.17993079584775,0.0,1.9266666666666667,8188,351.81693786728056
142520.0,64.91228070175438,35.08771929824562,0.0,1.9,8229,352.1113518766509
142800.0,61.794019933554814,38.205980066445186,0.0,2.006666666666667,8274,352.2937815415106
143080.0,66.77631578947368,33.223684210526315,0.0,2.026666666666667,8289,352.4888025159322
143360.0,67.4342105263158,32.56578947368421,0.0,2.026666666666667,8339,352.56965325104613
143640.0,70.13888888888889,29.86111111111111,0.0,1.92,8313,352.78731916015175
143920.0,67.82006920415225,32.17993079584775,0.0,1.9266666666666667,8359,352.65953064287464
144200.0,64.64285714285714,35.357142857142854,0.0,1.8666666666666667,8317,352.8547799663031
144480.0,69.20415224913495,30.79584775086505,0.0,1.9266666666666667,8302,352.9973943602832
144760.0,66.04477611940298,33.95522388059702,0.0,1.7866666666666666,8317,352.9674565614479
145040.0,67.69759450171821,32.302405498281786,0.0,1.94,8367,352.84974851546593
145320.0,71.42857142857143,28.571428571428573,0.0,1.8666666666666667,8385,353.04928090560514
145600.0,67.68707482993197,32.31292517006803,0.0,1.96,8379,352.719317319521
145880.0,63.39869281045752,36.60130718954248,0.0,2.04,8388,352.5946326599982
