1027,1029,353,0
1418,2017,206,0
2141,2143,376,1
3127,1446,67,2
2185,2183,49,1
595,596,1404,1
1972,669,186,0
152,2568,730,0
303,304,455,1
1438,1439,88,0
1398,1400,70,1
1955,1754,747,1
548,546,604,0
4038,4039,124,0
254,253,1511,1
2582,2892,297,0
2409,2407,357,0
2834,2832,340,1
577,2515,238,2
675,677,186,1
4083,4012,42,2
3286,2090,733,1
1090,1092,243,1
689,687,182,0
3109,3165,60,0
586,584,1520,1
491,505,349,1
2430,1365,182,1
3005,2819,4,0
494,1173,582,1
6009,6073,60,2
1491,995,209,0
1973,1969,543,0
3238,3234,767,2
1728,1126,368,1
3096,3094,233,1
3260,3262,321,1
4027,211,154,2
772,774,1610,1
1365,909,96,1
484,482,861,1
2549,2547,359,0
1264,1266,293,1
803,1370,733,1
379,427,442,1
2452,2460,664,0
1250,1249,277,0
703,3179,175,0
2317,1312,573,1
3303,3422,477,0
1809,1811,879,1
2030,2028,206,0
2283,3424,228,1
1900,1934,406,1
1642,1411,79,5
2353,2351,513,1
2242,2240,358,1
806,808,536,0
1083,283,871,1
178,176,491,1
1144,458,560,1
405,2306,712,1
718,716,916,1
2143,2425,376,1
2265,88,9,6
4083,10131,6,0
608,2464,465,1
2889,2887,293,1
3,12,33,1
2983,655,10,0
2968,2970,763,0
42,40,18,2
3436,2389,380,0
3185,366,486,1
1210,1212,356,1
4123,4109,160,2
5072,3383,280,1
258,260,1665,1
1478,1407,1,1
1757,2310,228,1
2529,1294,368,1
4109,1411,160,3
486,1289,330,1
791,789,881,1
3373,3519,522,1
1199,1195,663,1
1315,1351,122,0
874,872,858,1
1860,1858,620,1
400,424,714,0
27,29,593,2
234,240,6,3
2638,2639,184,1
3083,1150,288,1
1440,1441,185,1
588,1012,9,26
2231,2229,139,1
6022,6023,162,1
655,657,828,0
2457,2669,241,0
2733,2735,259,1
183,185,884,1
657,650,828,1
366,364,1025,0
1306,1304,666,1
1898,1077,406,0
252,255,1525,1
864,860,449,1
1985,1987,560,1
10365,1369,6,12
2415,2417,751,0
433,344,342,1
259,13459,245,1
2059,2063,407,1
1769,1770,775,0
348,3201,75,2
1217,3185,486,1
2162,2164,456,1
2936,2937,318,0
1263,1261,298,1
980,2796,288,1
2084,2285,731,1
852,966,527,0
877,2392,441,0
798,800,876,1
3332,2678,325,0
313,319,6,3
2599,2628,241,0
415,414,486,1
1862,13264,37,1
578,576,1591,0
656,975,9,1
789,787,881,1
1625,1626,70,1
2431,2474,4,0
903,905,421,1
231,3216,6,2
2156,2260,120,2
24033,2940,29,0
3194,23529,231,0
1663,315,366,0
757,763,172,1
1233,1043,284,1
2139,2137,375,1
3178,1936,216,0
2532,2530,733,1
2805,2807,228,1
908,885,290,0
27,467,1675,3
1910,1908,294,1
76,75,486,1
2166,2168,456,1
2269,2160,5,2
35,913,344,2
641,2638,184,0
57,58,999,1
919,5101,5,1
3132,276,226,1
3333,3284,286,2
206,767,876,2
1046,1044,715,0
785,783,1288,1
6669,6670,1595,1
2270,1128,627,1
1598,1677,288,2
305,1005,17,0
103,105,484,2
3482,3484,182,1
3504,15618,49,0
2940,2934,71,0
2323,2301,486,0
1000,998,551,0
1597,1598,346,1
1822,920,89,1
2016,1810,213,0
86,82,486,3
2262,297,28,1
3065,3067,254,0
393,391,600,1
1891,1892,384,1
3059,1051,26,2
493,495,583,0
2438,2439,455,1
424,422,714,1
1816,1814,567,0
2980,2986,86,1
2432,2394,352,0
3059,6033,154,0
997,999,557,0
1977,1917,244,2
3009,2762,49,3
2362,2360,182,1
2111,2109,97,2
290,292,417,1
3478,3480,182,0
1642,1683,363,0
2707,2709,241,1
98,20151,11,0
1794,1792,630,0
3113,3101,93,0
2338,2684,107,1
962,2653,30,1
1493,1651,363,1
604,479,10,0
2199,2197,83,1
1468,1466,67,0
2129,582,229,1
1452,1450,67,0
478,2017,97,1
1431,1954,404,1
361,3016,1677,0
2817,3005,145,1
906,904,583,1
1070,1068,182,2
118,120,475,1
2751,2753,259,1
6669,6668,1595,2
1023,3450,573,1
1355,1358,122,1
2952,2950,367,1
663,662,188,1
1081,1169,288,1
266,269,624,1
3340,2461,484,0
2233,3134,89,1
1536,1538,14,1
562,560,1151,1
5102,307,5,0
762,760,1226,1
2972,149,158,1
5031,650,1,2
186,184,884,1
2946,2944,255,1
2214,2216,83,0
4105,4106,160,1
1147,3168,76,1
1508,1506,463,0
1040,3061,254,1
848,968,111,3
2422,1978,4,1
24054,24051,6,1
439,440,560,1
1294,432,407,1
1294,468,765,1
2709,2711,251,2
1560,3405,408,1
1196,1218,5,1
5066,472,267,4
1160,1889,294,0
2617,1716,363,0
2788,2783,415,1
969,268,554,1
1411,3348,1417,1
1411,466,410,1
866,864,449,1
407,405,714,1
364,1547,1025,1
905,907,575,1
24368,2596,54,4
1714,2617,363,1
2314,758,344,3
1595,1593,385,0
2913,2948,120,6
925,1116,156,1
3519,3520,522,1
471,5065,266,4
1947,1765,1286,1
261,259,902,1
909,1024,121,1
2596,416,54,1
698,3178,216,1
2640,2641,223,2
1195,1193,379,1
673,675,186,0
3095,1034,96,4
1960,1962,549,1
3295,3290,370,0
2908,2909,417,1
3446,2292,441,0
4079,2358,165,1
1670,1668,649,1
414,412,714,1
250,36,267,1
2423,69,486,1
481,892,334,1
1467,1469,67,2
1421,1565,643,0
2989,2987,90,1
226,1286,357,2
632,633,508,1
4036,4037,124,1
333,335,904,1
2749,2751,259,0
218,564,292,2
3481,3479,186,0
576,574,1591,0
24380,2295,17,10
1549,1226,439,1
770,476,370,1
1574,2290,364,1
2000,1998,244,1
603,604,549,2
922,918,421,1
403,27,516,1
1071,921,762,1
1974,1970,557,0
281,279,250,1
1026,914,96,2
2823,978,14,1
6672,6671,1595,1
1922,2236,783,1
3371,3367,177,1
1032,1030,329,0
197,199,1020,0
5096,898,11,3
117,112,11,0
427,425,1549,1
475,772,383,1
645,646,926,1
5101,918,4,1
2978,3100,93,0
2042,2040,428,1
1200,1199,355,1
507,2606,1001,0
632,1950,404,1
1236,1237,460,0
1018,1020,232,0
1475,1477,65,2
1072,1564,21,1
1222,1223,653,1
5069,5044,292,1
1941,1939,645,1
2370,2372,240,1
3106,3105,37,0
541,545,604,2
2157,2437,365,1
392,394,613,1
1759,1757,411,1
1915,1220,780,1
895,899,451,0
27,1218,321,1
27,1297,345,1
1809,2015,213,1
27680,299,3,20
2939,2940,299,1
1033,1035,257,1
3094,3090,329,0
2649,2647,216,1
32,30,644,2
94,2307,238,1
1994,1992,244,1
618,619,2011,1
2444,416,79,2
53,912,1880,0
3392,3393,346,1
666,663,188,0
1454,1452,67,1
180,178,491,2
408,410,1337,0
4007,4008,152,2
6018,6019,60,1
3167,1148,86,0
1945,777,1438,1
1551,3211,457,2
437,804,89,1
2431,2472,232,1
23218,2759,47,2
6662,6663,1595,1
1326,1324,250,0
3045,3047,14,1
308,1005,69,1
1605,747,5,1
189,191,1015,1
6025,6026,162,1
1782,1779,630,0
163,162,476,1
5088,5087,3,0
147,5005,73,1
25,27,1003,1
5066,1639,8,1
1428,1426,587,1
68,910,42,0
1801,1803,791,1
2377,2316,486,0
2287,573,1157,1
3089,292,290,0
347,2234,177,0
347,2262,152,0
1868,1866,996,1
1089,2544,252,0
369,371,82,1
369,2384,456,1
3342,2599,241,0
1148,1149,86,2
2596,2408,186,1
2667,2949,223,0
1921,765,55,0
2709,3344,241,2
845,730,89,1
587,8121,287,0
3149,3198,437,1
2475,2560,345,1
463,461,931,1
1316,1062,250,0
1946,40,1736,1
2777,981,293,0
1526,1516,122,1
2584,2592,60,1
3135,3137,156,2
881,537,457,1
2170,2719,813,1
222,2732,364,1
596,597,967,1
2939,24033,29,0
2541,3091,325,1
20,17,277,0
2339,2337,107,0
454,1144,560,1
3285,879,282,1
1642,471,1018,1
646,648,508,2
2315,2317,573,1
2718,2516,251,1
36,34,1207,1
66,2459,774,1
691,5088,6,4
161,3064,124,1
3199,3151,439,1
2444,2442,697,0
2576,2577,186,0
1079,149,5,1
4073,4074,42,1
3272,3273,213,0
2130,1152,1,2
383,381,1048,1
762,758,179,1
1681,249,1500,2
28,403,528,2
30,467,38,3
1130,269,216,1
1437,1438,88,1
652,1147,76,1
2912,2903,241,1
778,1946,844,2
365,367,538,2
269,270,216,1
203,205,992,1
1684,1687,364,1
6073,6010,60,1
1659,1661,344,1
6677,6678,1595,1
1190,1192,359,0
1248,1251,277,1
1425,2023,206,1
1504,1505,461,1
1372,282,1636,1
617,618,2011,1
1939,1679,645,1
546,544,604,2
2410,407,714,1
853,855,1024,1
854,852,994,1
1851,1849,639,1
2417,1695,357,1
6013,6014,60,2
1015,1013,207,1
3405,561,408,3
4,962,35,1
1448,3127,67,4
1157,1155,587,0
3216,1283,6,1
149,1103,144,0
1987,439,560,1
616,380,442,1
293,2958,255,1
2900,1803,297,1
1466,1464,67,1
1462,1460,67,0
1823,2665,93,2
1724,3010,404,1
192,1947,460,1
1258,1257,223,1
563,477,1057,1
3054,6030,162,1
1375,1258,293,1
909,908,421,1
756,754,1224,1
23877,27312,37,1
478,1417,525,1
1590,1675,292,0
1506,1503,463,1
1431,2098,97,1
1520,2093,731,0
2396,2432,352,0
87,89,475,1
1898,1078,5,0
447,445,556,1
694,5082,3,4
179,181,466,2
1257,1256,521,0
521,516,624,1
2251,2253,625,0
777,1949,1037,1
345,2178,350,1
2937,4072,42,1
716,714,456,0
378,617,454,1
3224,3226,768,1
1793,590,166,2
2268,94,339,1
681,680,473,0
3188,3189,60,1
6017,6018,60,1
39,1945,1693,1
4084,4112,154,1
2015,1442,67,0
1298,1300,16,1
1457,1459,67,0
167,169,491,1
245,4093,160,2
607,609,549,1
6001,6002,60,1
1055,1056,228,1
1055,1233,445,0
2526,2527,733,2
413,94,238,1
2601,2603,1860,1
730,2121,97,1
240,202,6,1
5090,2604,18,0
3437,1665,363,0
1899,1897,410,1
2703,2705,241,1
1042,2033,605,0
247,471,309,2
2695,2630,64,1
1968,1974,557,0
2455,2303,241,0
1757,1755,411,1
3423,3427,148,1
2803,13329,62,2
691,5097,2,1
4110,2010,154,1
2058,2452,404,3
3102,3114,93,0
760,758,880,0
3058,3054,35,1
2960,2744,223,0
1547,415,22,5
217,1810,278,2
2394,2393,352,1
111,116,9,1
1335,1326,6,9
240,201,283,1
2152,458,376,1
2591,2739,472,0
1038,1036,233,0
3485,3483,182,1
119,117,486,1
1074,1070,182,2
2416,2414,671,1
963,3,28,1
2647,1222,216,1
499,1016,232,1
2533,276,771,1
1194,1198,677,1
1813,1815,587,1
1949,5041,487,3
6071,6038,64,1
99,101,475,1
2205,2203,83,1
1811,218,292,2
21306,10075,29,2
2119,2117,97,1
1285,78,4,1
4089,4091,160,1
64,65,1878,1
4083,10075,15,1
1426,1424,88,2
909,2429,574,1
1223,1225,216,1
234,239,775,1
1601,2470,691,0
2413,2415,394,0
956,10,35,1
1496,1493,2,2
674,2774,182,1
721,723,1254,0
1339,13013,46,1
335,337,904,1
2076,2070,231,2
552,554,4,1
1321,1325,12,1
1185,1076,433,0
1584,1586,379,0
2696,2656,513,0
637,638,508,0
314,310,15,2
217,598,466,2
3486,3401,182,1
1145,2914,124,5
1676,434,58,2
30,28,606,2
987,672,6,1
125,538,406,2
588,586,1520,1
6037,6038,214,1
332,330,1270,1
251,249,742,2
2515,2514,238,1
2246,2244,358,1
1259,1257,298,1
2518,2492,4,1
4107,4120,160,1
1146,2438,90,1
1074,1101,246,1
1218,467,5,1
413,3451,418,1
1597,2471,344,1
3240,3238,767,0
2487,2485,345,1
4099,4097,160,1
3171,3173,612,0
512,3132,456,0
510,277,9,1
2112,2114,97,0
3374,3375,5,2
2827,2829,340,1
755,757,1224,1
478,566,1056,1
2760,13218,49,2
31,375,598,0
921,922,421,1
2527,1112,733,1
1907,1909,293,0
156,155,476,1
2810,2808,234,0
2169,2167,455,2
722,720,1244,1
1750,1396,70,1
898,894,426,1
1797,1799,585,1
2916,4051,3,7
2669,2670,241,0
2145,2147,376,1
1688,3469,364,0
2919,2921,673,0
148,146,73,0
1981,1979,244,1
2883,2881,293,1
2453,3340,484,1
198,196,1394,1
499,491,15,4
418,415,491,1
3474,3476,3,0
3422,1051,428,0
3173,3175,612,1
1930,2000,244,1
2963,745,768,0
631,1948,418,1
2681,3249,22,3
2193,2191,34,1
1383,1388,70,1
2897,2895,293,1
22,18,35,1
10365,2492,6,2
2767,2769,60,1
1334,20365,25,2
2723,2065,251,0
2957,2959,373,1
1611,25,441,1
1903,1570,694,0
3128,1237,277,1
2086,2082,231,1
3095,3097,229,1
1967,1965,543,0
2413,2764,4,1
3280,3278,286,1
1995,1997,244,0
1276,1278,677,1
582,2515,229,1
1638,205,5,2
1711,1709,397,0
654,14015,9,4
1672,1670,649,0
2494,2934,276,1
272,734,624,2
3151,3197,439,0
345,303,493,2
4001,4016,154,2
515,517,627,1
3490,3499,467,1
4050,3193,124,0
1105,272,771,1
1386,351,409,0
822,817,522,1
774,778,1450,1
954,956,35,1
2622,1700,404,1
879,881,1102,1
1346,1344,279,1
3145,2814,187,1
3301,3302,409,2
1948,1946,1079,1
914,1365,96,0
1998,1996,244,1
746,2740,453,0
1394,275,459,2
2308,93,228,1
3321,3323,50,1
422,1757,228,1
3210,1515,460,1
1734,1786,630,0
443,441,556,1
1150,1152,288,2
781,779,679,1
1446,1569,60,0
2354,835,178,1
2573,672,365,0
3322,2007,411,1
5023,2794,4,5
133,131,486,0
3469,3471,364,1
2307,2309,238,1
197,241,6,3
1213,1211,355,1
3229,3227,767,1
3442,1869,363,0
3496,3497,418,1
1647,1534,157,1
6031,6032,154,1
1037,1055,257,2
1084,1066,2,5
371,373,1114,1
3064,3062,378,1
1759,2561,5,0
298,299,475,1
3333,4017,152,4
378,380,976,1
2650,1545,437,0
1511,1933,406,1
915,917,760,1
2476,2478,344,1
3338,1174,293,1
3366,3364,763,2
2787,1764,405,2
1050,6028,162,0
2158,2159,90,1
1026,2496,233,0
5073,145,6,0
2322,2294,484,1
376,378,1410,1
702,1542,467,0
2793,2794,165,1
976,653,100,2
2171,2172,366,1
3221,3352,75,0
377,879,820,1
2813,3145,184,1
2114,2116,97,1
2444,2265,9,2
1471,1473,67,1
2234,2662,28,1
6004,6005,60,1
2229,2261,358,1
2648,990,216,0
1828,1868,646,1
2972,2974,257,1
363,365,1034,1
991,2649,216,0
1660,1657,706,0
1945,761,830,1
528,698,216,1
847,844,578,0
2022,1953,206,1
135,133,5,1
870,868,858,1
1663,1665,282,1
140,142,471,1
2325,404,724,1
275,734,465,1
1095,2627,242,1
2569,668,6,0
3056,3054,446,1
899,901,421,1
797,795,4,0
1465,1467,67,0
952,954,279,0
1838,1688,707,0
2448,2444,9,1
243,341,319,1
619,592,549,1
831,989,178,1
2379,2233,89,0
1749,412,411,0
1052,3058,377,1
207,5067,280,2
207,601,549,2
3182,3536,357,2
1065,1067,181,1
2692,3307,50,1
4049,4050,169,0
1785,1733,630,0
469,245,300,1
982,983,297,0
764,766,1246,1
3190,2588,60,1
202,198,974,1
2724,2722,258,0
2699,844,544,1
3487,3485,182,1
1574,1576,437,1
1694,992,363,1
856,854,449,1
65,66,1878,1
648,649,508,2
1098,1100,243,1
6668,6669,1595,1
2408,1744,70,1
2492,20365,6,3
981,988,293,1
20365,1319,6,0
1669,1671,645,1
1218,1411,308,1
2201,2199,83,1
164,1955,747,1
339,343,493,2
1804,2014,206,1
584,580,157,1
2311,421,238,1
3132,1563,456,1
13,955,33,1
2964,2966,763,1
875,877,861,1
3101,3099,93,0
2283,758,357,1
3439,3437,363,0
3495,2661,148,1
36,343,350,2
1130,1132,404,0
2735,2375,259,1
1494,1495,823,0
655,659,111,1
4019,4033,124,1
2961,2499,60,0
452,454,560,0
3227,3225,767,2
2411,2409,337,1
2926,2927,417,1
1219,3473,293,0
2407,1391,357,1
1178,1181,288,0
1726,1725,397,1
893,899,9,2
3441,3439,363,0
929,927,84,1
444,446,560,1
5,959,33,1
679,684,186,1
2265,2160,339,1
1820,2915,89,0
1871,252,286,1
1812,2015,60,0
10001,10739,144,1
164,90,486,2
1871,39,10,1
3480,3482,182,1
615,426,549,1
280,5073,3,1
1646,1840,241,1
597,456,967,1
3507,2775,186,0
1893,1161,412,0
89,91,475,1
1097,1117,339,1
60,2501,113,1
2760,2758,240,0
372,194,455,2
329,331,1313,1
2446,2444,441,1
6015,6016,60,3
429,968,528,1
635,636,508,2
3418,527,294,1
104,100,497,2
352,350,534,1
1524,1549,439,0
1972,668,557,0
1949,632,404,0
244,246,1944,1
81,2403,330,1
236,238,777,1
282,1887,394,1
2280,4080,45,1
2278,237,5,3
1077,1079,831,0
1286,1377,357,0
719,721,1254,0
1932,1900,406,1
1954,1430,402,2
3368,3366,763,1
3356,3340,241,1
1914,1913,771,1
607,1948,661,1
196,188,9,5
1799,1801,585,1
1006,306,18,0
1579,2709,251,0
1266,1268,293,1
2907,2908,417,1
626,627,508,1
271,267,873,1
3080,2282,339,1
966,967,527,1
5042,607,496,2
2087,3131,229,1
3383,1416,185,1
2067,2728,251,1
2383,1823,182,1
871,873,861,1
228,79,4,2
2257,2259,625,1
2226,2017,83,1
2421,2416,393,0
2286,2072,1318,1
106,104,865,1
24377,24374,72,0
331,333,904,1
1545,705,437,1
112,106,11,1
830,832,637,0
5071,4103,160,0
246,252,79,3
2406,1379,334,0
1426,1953,499,1
44,42,44,1
2757,2759,259,1
3097,1055,391,1
188,3010,508,0
10001,242,42,5
2839,1276,441,2
1683,248,363,1
2613,1560,408,2
1953,1951,788,0
6024,6060,64,0
1366,1368,152,0
1244,1255,360,0
1179,1177,290,0
382,384,613,1
1800,1798,574,1
1051,3299,805,1
2015,1569,206,1
587,589,1828,0
487,489,334,1
2202,2204,83,1
3324,1766,206,1
1666,1664,286,0
1581,1577,385,1
2057,2059,407,1
5071,4099,160,1
2833,2835,340,0
2693,2694,64,1
3223,3217,767,1
1675,1600,292,0
1778,1783,166,1
674,2776,6,1
269,3132,226,2
2950,2948,367,0
1832,1830,587,0
1618,3389,346,1
2943,2945,257,1
1858,1856,620,0
1693,1689,362,1
2369,2356,259,0
514,511,624,0
581,583,1395,0
535,539,995,1
14054,1966,6,0
1965,3477,3,1
2209,2207,83,0
3472,3474,3,0
1637,1635,332,0
158,156,476,1
2949,2960,163,0
6665,6664,1595,1
848,14051,6,2
750,77,179,3
2545,1084,2,5
1602,3384,346,1
2605,795,871,2
2983,18005,9,22
680,678,182,0
3267,1621,357,1
2296,2322,484,1
112,110,486,1
975,2794,108,3
339,35,411,2
1716,1718,363,0
120,122,484,2
14051,14054,6,1
193,195,1020,1
5089,1570,4,0
2712,2710,258,1
2221,2219,83,0
2500,2905,664,0
559,3275,457,2
2035,2037,605,1
24015,2983,9,4
10,958,35,1
1133,1135,404,1
1069,1100,177,1
1114,1916,747,1
24380,24377,72,0
1839,1695,246,1
1713,2071,229,1
3364,3362,763,1
1489,1492,457,1
410,413,1152,1
1084,1085,250,1
827,825,449,1
2824,1862,341,0
23550,4048,127,1
3535,3080,339,2
1518,1520,731,1
2294,2581,17,10
998,996,551,0
2431,1339,6,7
3286,3354,460,1
3510,3512,346,1
568,217,278,1
3057,3059,441,0
1181,2430,288,1
93,2269,357,1
601,602,549,1
3175,1543,437,1
6678,6677,1595,1
1303,1305,652,0
248,250,2254,1
3275,31,5,1
698,713,465,1
4039,4040,124,0
616,617,1557,1
312,310,463,2
1275,1273,521,0
589,1796,1342,2
1295,2010,807,0
766,205,876,2
923,924,154,1
2633,2605,246,1
129,127,486,2
2917,2919,673,1
404,416,17,2
1350,1344,25,2
3069,3071,254,1
326,1230,622,0
2342,1141,107,0
1168,987,6,1
5094,801,4,1
467,245,86,4
1980,1991,244,1
2276,1625,70,1
128,1865,375,2
2671,2557,177,1
356,354,954,1
3451,3496,418,1
496,494,582,1
1795,590,1325,1
5061,1893,26,0
2592,2590,311,0
290,2958,112,0
2589,2584,186,1
76,225,240,1
6666,6665,1595,1
1003,1005,231,0
107,109,475,1
6002,6003,60,1
1036,1034,233,0
1053,1051,380,0
126,2646,216,1
16559,1233,17,2
1315,1353,62,1
4084,772,160,0
469,4121,160,1
1324,1322,250,0
904,6021,162,1
1830,1945,567,0
344,342,797,1
1123,1924,409,0
1350,1348,279,1
12,5,33,0
1017,500,207,0
1401,1954,7,1
1577,3330,3,0
2450,2448,441,1
138,140,471,1
342,340,455,0
462,464,942,1
784,786,881,1
2926,27680,231,1
146,1012,68,0
2299,2323,486,1
2212,2214,83,1
6660,6661,1595,1
862,2778,604,0
2331,2332,107,1
3195,2926,417,0
34,562,1151,1
2364,2362,182,1
1539,1393,157,0
4016,4002,154,3
887,2122,716,1
2511,2079,231,1
428,616,1999,0
1543,2650,437,0
833,2698,331,1
833,2347,391,0
3385,3386,346,1
2249,2251,625,1
697,700,156,1
1364,1333,274,1
110,108,486,1
1603,1596,690,2
999,3428,62,1
2312,3265,308,2
999,1649,286,1
600,769,1067,1
1164,3533,658,0
2170,1911,461,0
27680,2911,228,0
2306,230,228,1
1349,1315,497,1
287,290,256,1
2292,2450,441,1
33,3322,408,1
912,2509,1995,2
2792,287,112,0
2284,2285,577,1
2977,1314,80,1
3298,1050,805,0
296,298,823,1
2639,1971,178,1
3343,3345,241,0
273,271,657,1
207,600,601,1
4059,2910,42,0
1006,307,70,0
2804,2817,8,2
2158,2171,7,1
78,76,726,0
2742,746,453,1
1991,1993,244,0
68,740,456,1
135,1414,486,1
1369,1367,122,0
294,296,1079,0
2783,1547,415,1
686,688,186,1
654,652,829,1
1970,2652,557,0
1403,1401,7,1
242,468,42,3
1477,1479,59,2
1788,1734,630,0
892,915,760,0
2203,2201,83,1
409,474,38,2
2267,2266,357,0
2775,673,186,1
324,322,902,1
225,77,228,1
2947,2951,257,1
2400,2398,352,1
724,314,9,1
1765,2788,415,1
3015,3008,91,2
800,5073,3,1
2128,2258,358,1
1118,467,300,2
5030,5031,2,1
3137,729,156,1
590,588,2107,1
5010,1319,232,1
25618,3303,49,1
1870,3441,363,0
2831,2833,340,1
340,338,866,0
2068,3356,682,1
811,809,522,0
3181,2658,175,1
2838,2836,340,3
1976,1745,244,1
498,496,294,0
36,340,411,2
2691,2692,50,1
347,2662,144,1
1552,1559,152,1
1407,1403,7,1
2974,1103,255,0
2025,2027,206,2
196,2680,415,2
2786,2667,223,0
728,438,156,2
308,1004,380,1
2110,2112,97,1
202,196,15,1
372,2384,163,1
506,155,259,0
182,180,884,1
3468,2237,366,0
386,388,613,1
808,810,536,0
1598,434,232,1
3107,3465,33,1
3055,3059,26,2
2903,13529,247,0
1163,1039,288,1
1163,1165,375,1
1656,2389,441,0
330,1130,404,1
810,812,536,0
1122,865,404,1
5029,5030,2,0
1621,74,357,1
1088,1089,252,1
153,151,735,1
962,1855,206,1
242,244,2416,1
3235,1199,308,0
4120,4089,160,2
914,60,421,1
3393,1603,346,1
4059,23625,179,0
2189,2187,34,1
1619,3517,381,1
423,361,1677,0
2602,795,5,1
302,300,453,0
295,293,700,1
507,2601,243,2
128,710,467,1
678,676,182,1
39,41,34,2
4103,5071,160,1
1738,1740,408,0
2736,2374,240,0
1479,1481,14,1
457,455,556,0
1571,1444,332,1
858,856,449,1
1331,1186,305,0
3360,3358,763,1
655,2448,9,13
2546,2548,250,1
1651,1870,567,1
445,443,556,1
975,13264,9,2
2366,1167,6,1
1057,2681,199,1
6664,6663,1595,2
694,696,293,1
10151,97,9,1
3201,3202,75,1
6038,6059,64,2
1902,1903,294,1
192,190,974,1
1274,1276,236,2
5075,2591,213,1
1662,3430,380,1
2386,2021,120,1
1100,1073,420,2
1516,1527,122,1
2705,2707,241,1
748,1604,381,0
1535,1611,441,1
2688,2689,64,2
161,163,471,1
2046,2044,428,1
3179,3181,175,0
659,661,6,1
2517,1777,630,0
2924,2925,459,1
1754,1756,408,1
88,82,15,2
793,794,3,1
6016,6017,60,0
2078,24048,18,0
612,613,549,1
1817,479,373,1
121,119,486,1
3234,3229,767,1
15460,13010,46,1
1743,1741,411,1
1188,1190,3,1
566,567,1334,1
2441,2703,241,1
1239,2030,206,0
6080,6081,128,0
2899,2897,293,1
1767,962,206,1
1344,1342,304,1
1198,1201,356,1
6671,6672,1595,2
2768,2584,60,1
2538,2536,733,1
1102,161,6,2
255,257,442,1
1933,1918,406,1
2604,2602,1876,1
1965,1963,540,0
750,2468,1224,1
614,615,549,1
2806,957,10,1
2620,600,466,1
812,816,536,2
2224,1249,83,1
2445,2447,450,0
1522,3355,457,1
1999,2001,244,1
2463,3300,409,3
2646,2648,216,0
337,339,904,0
846,1820,89,1
1739,1737,411,1
622,623,1973,0
1867,1869,647,0
3391,3392,346,1
2781,2772,60,1
2973,2964,763,0
204,200,335,1
1793,1795,630,1
1406,2274,70,1
1047,1050,35,1
13625,4082,173,1
25593,60,113,0
2578,2579,186,1
3217,3218,767,1
1156,1159,289,0
2244,2242,358,1
1497,715,457,0
2230,2238,159,2
6033,6034,154,1
311,313,514,1
1202,1200,355,1
351,1404,1013,1
1389,1387,357,1
2033,2035,605,0
1662,1660,348,1
2708,2706,241,1
1291,2403,4,1
2915,2378,89,1
6667,6668,1595,2
2034,1041,428,0
1260,1262,293,1
146,1011,324,1
84,241,1563,1
3241,3219,768,1
2131,1180,401,0
4024,4023,152,1
1710,1722,404,1
2468,643,1224,0
3306,3449,573,1
381,32,6,4
1722,1724,404,1
2741,1554,472,0
1783,1785,796,1
3219,3240,767,0
82,1283,15,1
3193,3194,648,0
3258,2305,5,1
24018,24015,20,1
2594,2596,186,3
2017,2019,386,1
2496,2429,207,1
2652,1972,743,0
2577,2578,186,1
3193,2905,133,0
1004,1002,587,0
2173,1146,90,1
653,655,928,1
837,2355,544,0
368,366,539,2
848,429,1,3
1371,1641,122,1
126,128,1317,1
2759,2761,306,1
1638,5065,7,1
1274,1330,3,2
3170,3490,641,2
638,640,508,1
1547,400,714,0
2010,249,1560,2
3053,3055,287,0
82,2400,352,1
1168,985,297,0
451,449,556,1
3472,2785,288,0
583,585,1539,1
1414,133,486,1
680,3472,291,0
2054,2052,428,1
267,328,216,2
1580,1582,379,1
970,972,933,1
723,724,1254,1
881,254,645,1
3090,2666,329,1
1235,271,216,1
256,254,442,1
1297,1411,344,0
3136,1394,459,1
1307,2312,344,0
2807,2809,228,0
1536,1537,157,1
2732,2730,240,0
77,79,882,1
2359,2361,178,0
2289,2015,25,2
2232,2234,227,1
1993,2012,244,1
2549,3459,4,0
300,4083,27,12
2658,2659,175,1
677,679,186,0
3416,1611,411,2
1874,3136,309,1
2167,2165,455,0
299,2962,705,1
1951,607,402,1
488,486,330,1
314,312,463,1
10131,4057,9,1
476,478,2660,1
3427,995,348,1
2108,2110,97,0
3115,3113,93,0
1183,1331,305,0
1949,609,418,2
2922,2791,116,1
893,895,458,1
1802,1800,574,0
2895,2893,293,1
1093,655,9,13
1335,1339,348,2
2402,2615,5,1
1229,325,622,1
2562,421,496,0
3348,1732,765,1
3017,2815,169,2
304,344,455,1
2032,3298,93,1
6048,2676,148,1
2690,2691,64,2
2248,2496,262,1
2282,2284,577,1
1288,1290,334,0
2137,2135,375,0
1859,1863,604,2
2090,2092,733,1
1030,1028,329,1
1166,1164,290,1
28,1763,42,6
1589,1587,385,0
24368,2962,12,30
1804,1802,574,0
1786,1784,783,1
1054,1053,93,1
2354,836,544,1
2443,2445,450,1
232,234,775,1
441,2387,556,1
2343,2341,107,1
1134,1131,409,0
1699,1697,251,1
502,500,294,0
918,916,425,1
1655,1654,442,0
2172,2436,366,1
2562,1758,5,0
1349,1368,3,2
2597,2595,185,3
1627,2275,70,1
280,1372,763,1
1141,2343,107,0
3277,3274,213,1
859,861,455,1
757,2315,345,2
83,93,832,1
468,28,1660,3
715,717,922,1
779,1946,407,1
2391,1515,442,1
2320,582,228,1
1201,1203,356,1
2461,2458,486,1
416,3016,23,4
1195,2615,308,1
3104,3111,341,0
1648,309,344,1
4018,2386,120,1
379,670,969,1
185,187,466,2
477,475,2628,1
2569,1971,547,0
1300,1197,20,1
253,1871,282,2
4072,4073,42,0
1470,1468,67,1
320,314,6,3
2234,297,149,2
2801,2803,279,0
1172,1170,290,1
869,871,859,1
1695,1693,362,1
193,2384,90,2
2027,2029,206,1
1798,2552,7,1
3226,3228,768,1
1812,1810,567,1
2051,2053,428,0
584,582,1363,1
2930,2931,318,0
1183,2840,23,2
1607,1605,386,0
1002,3428,380,1
1193,1191,379,0
67,68,113,1
531,533,584,1
2942,2494,255,1
1261,1259,298,0
241,236,777,0
827,2359,178,1
591,590,322,0
5074,5094,4,0
442,444,560,1
499,501,293,1
3242,3244,5,2
1630,3537,350,1
1396,1398,70,1
910,48,44,1
33,35,1149,2
3066,3064,254,1
1555,4001,152,1
256,537,1256,1
09003,09005,53,0
2018,1417,206,0
734,521,624,1
2763,2762,240,1
2080,1713,229,1
1564,1298,1173,1
1528,1371,122,0
241,1217,786,1
3294,847,372,2
4051,13550,136,1
1321,1323,236,1
558,3286,1611,1
2967,2965,768,1
2357,2346,178,1
184,182,884,1
2589,2767,60,2
2280,2124,120,1
820,822,536,1
921,3104,341,0
1012,1080,246,0
5011,1327,234,0
1527,1528,122,1
2066,2177,405,1
2716,2714,258,1
1775,2521,630,1
1149,2977,86,1
3165,3180,60,1
276,278,226,1
1880,1878,328,1
2826,2825,341,1
3504,3303,428,1
2785,984,288,1
2836,2832,143,1
5053,553,3,2
1455,1457,67,1
09015,09010,79,0
3453,1019,207,0
23329,2804,53,1
935,933,72,0
1583,1581,385,1
1569,1567,645,1
40,525,449,2
2739,2741,472,1
3218,237,767,1
3337,3338,293,1
2823,976,100,2
5096,3098,5,1
1243,1242,360,0
883,970,294,1
150,152,722,1
2200,2202,83,1
2109,2107,97,0
841,842,999,1
2102,2106,97,0
1189,1275,57,2
1596,1597,690,1
752,750,1699,0
500,498,294,1
95,10151,9,0
2798,17312,52,1
2513,2080,229,2
4011,4081,42,1
3059,1053,287,1
298,347,348,1
985,987,297,1
3062,3060,254,1
1042,1040,641,1
1197,1300,350,1
52,53,1880,0
1287,3103,330,1
1761,1759,416,1
2774,3506,182,0
427,332,404,1
6679,6678,1595,2
2258,2256,620,1
533,535,995,1
434,1591,290,0
666,641,375,0
24371,24368,72,0
2363,661,178,1
539,541,995,0
1154,1156,289,0
1954,1432,7,2
278,280,997,1
3177,703,175,0
2118,2104,97,1
1548,1550,437,1
411,1743,411,1
1050,1052,805,0
1665,1667,645,1
3006,3004,91,1
3520,3521,522,0
769,772,1067,1
3208,3084,213,1
2052,2050,428,1
1668,1666,649,1
287,288,529,1
1206,1204,355,1
518,735,456,1
280,282,5,2
3422,1052,49,1
2643,418,491,0
3215,3085,18,2
745,301,13,1
2544,2546,358,0
1717,2618,364,1
09001,09003,53,2
1680,1940,363,1
1360,1678,122,1
161,60,4,1
3045,2635,287,1
832,834,637,1
605,606,587,1
2715,2718,251,1
246,248,3655,1
4035,4036,124,1
1483,1485,14,1
1605,1603,381,1
308,306,1186,0
1652,1494,363,0
206,204,974,1
10001,202,15,3
1040,3096,331,1
911,739,41,1
2905,4079,146,1
508,506,1269,1
2056,2054,428,0
2368,2370,240,0
904,902,421,1
3502,114,486,1
2366,986,294,0
3122,1054,93,0
255,880,649,0
255,3456,434,1
374,197,6,3
2761,3008,47,2
1154,3425,384,1
1103,2976,634,0
690,2228,193,1
123,121,497,1
1338,1612,4,2
1116,915,145,1
201,3420,28,1
501,503,293,1
239,1216,775,1
1779,1776,158,1
1239,1241,705,0
2443,2447,13,1
1788,1786,153,1
1700,1702,404,1
2401,81,330,1
2668,560,460,1
1492,1651,204,0
1327,20365,6,2
10365,1333,31,1
3523,3524,418,2
4106,5071,160,2
527,525,624,1
6661,6660,1595,1
27874,267,245,2
17,18,244,2
6036,6037,154,1
2350,2352,722,0
2404,2402,357,0
1294,2069,353,1
1614,1616,381,0
790,739,881,2
6020,6078,60,0
1776,1774,1011,1
1056,1042,204,1
3005,3009,49,2
478,605,38,1
793,1558,873,1
1245,1243,360,0
193,371,366,2
5041,5072,487,2
1101,1099,246,1
1875,729,328,2
2912,2525,417,0
659,974,829,1
1205,1207,356,1
4116,4117,160,2
973,971,934,1
1621,1618,386,1
749,704,486,0
2326,1797,7,2
13013,17819,46,1
14039,4083,9,4
24374,24371,72,1
2772,2770,60,2
64,66,113,1
821,792,880,0
26559,26562,12,3
1841,1839,639,1
2447,656,13,11
396,3378,536,1
3120,3122,93,0
834,836,455,1
2970,2972,470,0
1353,1355,122,0
323,383,442,2
23529,2926,231,0
824,826,455,1
1720,3412,372,1
4013,4057,42,2
1699,2510,146,2
1888,1579,251,0
280,1103,226,1
2455,2003,450,0
582,580,1591,1
3399,1152,384,1
1787,1789,796,0
775,773,1439,1
2454,2455,450,0
1727,1729,776,1
979,51,2345,0
3350,3351,439,1
1424,1422,88,3
2794,2799,372,1
2184,2186,55,1
1067,1069,181,2
2979,831,627,0
1048,1164,368,1
796,798,876,1
2585,2583,251,0
3191,348,75,1
2682,2671,177,1
1486,1488,457,1
2992,2981,90,1
467,2179,456,3
201,767,285,0
3438,3440,363,0
1862,978,293,2
1908,1906,294,0
1161,1160,1070,0
1118,1300,5,1
2062,2060,401,0
1975,2431,248,0
2603,2605,1860,1
3112,2555,373,0
2239,2241,365,1
273,1104,9,1
1294,3418,304,1
3194,3195,417,0
656,654,937,1
773,770,1439,1
1237,2452,260,2
1550,3279,437,0
2234,348,227,1
1062,2592,6,10
2161,2173,90,2
1293,1294,146,1
506,157,365,1
1829,1990,206,0
2499,3188,60,2
684,686,186,1
3387,3388,346,1
1641,1369,122,0
2460,2133,260,1
2460,2125,404,1
478,635,302,0
1901,1153,294,0
1318,1340,344,0
902,3106,22,1
147,145,772,1
27,28,456,0
968,970,639,1
2425,2145,376,0
1449,1451,67,0
2746,2742,453,1
1966,1168,6,1
2982,3212,86,1
2235,297,170,2
1065,1085,2,5
3051,3055,26,3
2140,2139,375,1
537,2010,599,1
253,1642,79,3
2572,2573,375,1
1005,1007,382,0
3305,240,229,2
27,31,6,2
2629,2731,656,1
2380,2382,89,1
1705,1703,397,1
1412,134,475,1
2099,2100,97,0
2261,692,358,0
697,695,288,2
1719,1717,364,0
2241,2243,365,1
2405,2404,357,0
2418,509,1011,0
338,336,866,0
6663,6662,1595,1
3105,3103,11,1
1865,1827,647,0
3273,3277,213,1
2381,2379,89,1
1430,1428,587,0
2954,2952,367,0
3470,1684,364,1
3085,2747,259,1
2410,2412,336,1
1929,913,8,0
1929,1871,10,1
2779,3133,93,1
1808,1806,1073,0
3471,222,364,2
26562,5093,3,3
2352,2354,722,1
2448,2446,441,0
6673,6674,1595,1
1418,3383,88,2
2006,2008,807,0
1629,1631,344,1
2639,669,6,0
1703,1701,397,1
2016,2901,162,1
1220,1914,780,1
2928,348,88,2
2397,2428,330,1
1074,1073,5,0
433,527,4,4
143,1010,306,0
1171,496,288,0
1048,1075,288,0
297,295,1061,0
2545,1090,243,0
274,2533,771,1
754,750,179,1
725,722,1244,0
2431,1336,6,7
23013,2493,52,1
1477,1407,6,2
467,2529,372,1
467,1293,146,2
1695,1645,241,0
468,1118,307,3
1116,891,11,1
2248,162,358,1
1810,1808,1073,1
341,1639,319,1
2198,2200,83,0
3375,2441,241,1
420,2643,491,1
1052,3504,477,0
181,183,884,1
6003,6004,60,1
209,379,363,1
291,286,241,1
3515,3516,386,1
1481,1483,14,0
3333,376,812,1
2355,2353,726,0
3249,3250,22,2
2819,2821,4,2
1393,1368,15,2
1354,1352,345,0
1652,1491,206,1
1097,3112,6,0
2959,291,116,0
962,3324,5,1
2213,2211,83,1
1542,3172,467,1
3046,2634,284,0
2220,2222,83,0
157,161,4,2
977,2794,541,2
313,315,502,1
6040,6041,154,3
2953,2955,373,0
1421,1423,88,3
2516,2721,251,1
1834,1836,262,1
4023,4020,152,2
2321,2297,486,0
954,1930,244,1
1474,1472,67,1
1094,1096,243,1
2471,2559,344,1
2371,2369,259,1
3444,3330,376,2
2484,2486,344,1
1082,22,35,0
2192,2194,28,0
95,97,475,1
3167,1329,76,1
1165,2123,375,1
526,1294,1064,1
2151,2148,375,1
506,1019,21,2
35,1681,266,1
1591,1589,675,1
18005,654,9,14
299,1007,18,3
3049,3051,313,0
2398,1025,352,0
2625,1095,242,1
1160,2126,782,0
1278,1282,120,2
1305,2312,308,2
1392,2408,404,1
1289,1287,330,1
6038,6000,60,2
93,95,475,1
6038,1042,154,1
79,1283,411,1
1925,1927,411,1
989,827,178,1
3239,3241,768,0
804,846,89,1
2912,4019,124,0
1115,2507,363,1
2316,2325,486,0
3284,3282,286,1
204,202,974,1
5000,157,4,2
3454,902,22,2
506,492,330,1
3011,186,418,3
2780,3083,260,1
93,414,228,1
1273,1271,521,0
2737,2371,259,2
2227,1853,620,0
2430,2497,260,1
1443,223,364,1
1301,1303,652,1
470,468,1628,2
4115,1682,152,2
624,427,1511,2
3388,1619,346,1
3537,3508,350,1
10001,762,179,1
1369,1315,17,1
3457,1601,346,0
1698,2730,404,1
3456,254,424,2
2262,299,310,2
852,850,467,1
1837,1835,256,0
2932,2975,318,0
3450,60,573,0
2353,5078,213,1
5044,604,292,1
2304,2376,484,0
864,1853,241,1
3355,3287,457,1
2428,2399,330,0
1016,1018,232,0
149,284,73,1
13529,2500,247,1
2910,2923,459,0
425,625,508,1
1039,1142,260,0
1039,1143,28,1
2271,1755,357,1
2286,3131,157,2
656,1071,15,15
2740,2738,453,1
705,707,437,1
1242,1240,705,0
82,80,486,1
1381,1388,334,0
2327,2329,107,1
1610,3164,4,2
1753,91,768,0
1592,1594,379,0
996,1648,344,1
1267,1265,298,0
2840,2836,143,4
1844,1846,639,0
4090,4119,160,1
861,863,455,1
1238,1236,254,1
965,2717,541,1
2219,2217,83,0
2083,2293,729,0
740,522,456,2
1485,1484,60,1
73,71,486,1
129,123,11,1
2753,2755,259,1
240,200,1573,1
1856,2227,620,0
604,5071,282,2
578,574,157,1
1538,1539,157,0
1857,1859,604,1
1942,1944,363,0
913,39,8,1
1406,1402,943,0
1311,2318,582,1
1464,1462,67,0
1285,3216,773,1
2072,2283,585,1
1312,1310,573,1
216,1120,409,0
3004,2818,138,1
579,583,144,1
1648,3423,148,2
1635,1633,328,1
1280,1291,325,1
6006,6007,60,2
381,379,1042,1
1473,1475,67,1
2553,2326,107,1
620,621,508,1
5097,5088,2,1
2020,2018,386,1
213,217,620,2
2969,2967,768,0
24015,27312,11,1
643,1603,348,1
1383,1382,415,1
1762,27,48,6
2555,1065,550,0
109,111,475,1
3463,2680,411,2
201,203,992,1
857,859,455,1
837,835,449,1
2769,2771,60,2
4104,570,152,2
2959,292,257,1
1153,1151,290,1
782,784,1282,1
3091,3095,325,1
527,35,401,2
607,780,275,3
1298,1411,12,1
2063,785,407,2
1277,1275,241,2
1170,1078,290,1
976,655,11,1
621,622,1973,1
277,27874,245,2
2539,1976,244,1
1944,1674,363,1
2313,1308,666,1
6010,6011,60,2
1079,1119,177,1
2684,2340,107,1
3341,2700,241,1
654,975,108,1
1033,3094,96,3
350,351,534,1
1358,1360,122,0
606,607,587,1
2505,2503,363,0
1983,1985,560,1
449,447,556,1
6047,6046,152,1
1911,193,461,1
4079,13672,155,1
2361,2363,178,1
2626,2729,240,1
2290,1573,332,1
23672,3192,179,0
2326,587,100,1
3172,3170,641,1
1434,1409,95,0
2700,3343,241,0
2255,2257,625,1
31,3416,411,2
3497,181,418,2
1011,1012,577,0
613,614,549,2
2515,2513,229,1
1292,485,334,0
3375,2645,5,1
3213,2655,11,0
1176,1174,290,1
1280,1282,236,1
2556,1057,199,1
1278,1280,557,2
147,143,33,0
3281,3283,282,1
2440,2158,456,1
1588,1590,671,1
1640,1646,241,1
2260,4079,129,1
1189,1187,322,0
842,2699,1370,0
4083,11306,188,1
1938,1543,216,2
168,166,491,2
512,273,657,1
1320,1316,250,0
604,605,549,1
331,428,409,1
2801,2817,137,0
2761,2763,259,1
860,858,449,0
2443,2701,61,3
1864,1860,620,1
6007,6008,60,2
2758,187,3,30
453,451,556,0
2065,2067,251,1
1368,2962,9,37
09022,253,79,4
5047,1103,9,0
2007,2013,1241,1
1750,1752,408,1
2329,2331,107,1
610,611,967,2
2906,2907,592,0
1387,1382,357,0
1191,1189,379,1
3212,2984,86,1
2786,2784,223,1
1641,24613,12,4
2472,1601,345,1
2507,2505,363,0
3432,3434,380,1
1014,499,232,1
1918,125,406,1
359,357,38,1
190,188,974,1
14048,2260,9,1
133,129,5,1
788,790,881,2
2627,1841,242,2
244,469,170,1
3112,1065,12,2
646,3287,418,1
295,2780,170,1
68,739,960,1
573,575,1633,0
3110,2891,293,0
2019,1950,386,1
2247,2601,365,1
3060,1055,254,1
2747,2749,259,0
105,111,9,2
1042,3063,13,4
3395,3396,381,1
1314,1328,80,3
1447,1449,67,0
3160,2383,89,5
699,697,672,1
175,177,491,1
91,95,9,3
2800,13264,47,1
2665,2978,93,1
1685,2264,357,1
6677,6676,1595,2
1654,1870,442,1
6678,6679,1595,2
131,129,486,2
907,2430,575,1
4081,4082,42,1
1701,2629,397,1
2402,82,352,1
1781,1783,630,0
2023,2025,206,1
1484,1482,60,0
2771,2773,60,1
2266,2443,13,2
13010,13007,49,0
1353,1358,62,1
2892,2894,297,1
2210,2212,83,1
1730,1728,765,1
127,125,486,2
2147,2149,376,1
1069,1073,4,2
2163,2161,455,1
1807,1809,1088,0
165,167,491,2
1969,1967,543,0
1842,2624,240,4
1616,1619,381,1
166,165,491,1
310,3427,348,1
1313,1349,344,0
1332,1792,153,1
97,99,484,1
917,919,760,1
651,653,828,1
1021,3453,781,1
1064,2556,199,1
249,247,1047,1
249,1642,2540,1
249,1632,380,2
2941,2943,257,1
967,429,527,3
09023,09007,26,0
1155,1905,293,0
2920,2918,658,1
6665,6666,1595,2
411,2410,714,0
2050,2048,428,0
2493,1336,350,2
1534,1536,157,0
1117,1288,334,1
1254,1252,277,1
10075,4057,14,1
57,161,115,1
2728,2726,258,1
563,478,477,0
1241,1244,360,0
6012,6072,60,1
2886,2888,297,1
1685,1837,5,0
2623,2889,293,1
6060,6080,64,2
1103,1083,873,1
202,373,6,4
2965,2963,768,0
14609,14612,12,2
2635,3047,287,0
1493,1491,463,0
736,737,465,1
68,791,881,1
174,172,491,1
866,1123,409,1
652,975,829,1
2720,2524,258,1
438,3136,156,2
2717,2653,515,1
2272,2274,339,1
1702,1704,404,1
143,141,476,1
195,197,1020,1
585,587,1539,1
2216,2218,83,1
1015,2976,21,1
660,5024,1,2
2060,2058,401,2
440,442,560,1
2204,2206,83,1
3499,3171,437,1
2522,2327,107,0
313,1667,6,1
490,488,330,0
50,979,2345,0
2150,2152,376,1
115,3501,475,1
1804,2899,293,0
1124,1125,372,0
1831,41,7,1
1831,3417,587,3
282,3368,763,1
1879,1881,332,1
128,130,484,1
149,283,5,1
550,2391,442,1
46,44,44,0
157,159,836,1
6670,6669,1595,1
525,257,1223,1
1006,5058,11,1
85,87,475,1
2641,3082,446,1
1773,1767,206,1
3098,900,5,1
230,2325,238,0
2160,2268,344,1
933,927,72,1
257,258,1665,0
2187,2426,34,0
1225,1227,216,2
279,277,245,1
1530,1533,437,1
1570,1904,404,0
1751,1749,411,1
1246,1248,360,0
108,106,854,1
1197,1547,19,10
1613,3375,241,1
1418,479,439,1
1269,1267,298,0
2105,2103,97,0
1519,2095,733,0
380,1680,363,1
2580,2588,186,0
988,1219,293,1
2945,2948,257,1
625,626,508,2
1283,10365,80,2
3013,3011,967,1
1742,1744,408,1
283,152,8,1
1840,1842,639,1
2560,2472,345,1
727,725,1244,0
2215,2213,83,0
388,390,613,1
2176,198,420,0
2134,2136,376,0
1240,1238,483,2
1537,1538,157,0
2337,2335,107,0
2937,2938,257,1
243,767,350,1
1501,1499,463,0
3512,3514,346,0
29,31,593,1
1920,1958,375,2
2510,1698,146,1
1971,2651,543,1
836,838,999,1
1937,1935,216,0
2061,408,734,1
1055,6042,52,2
1055,1042,177,1
1409,1479,1,4
160,5002,4,1
2175,2066,405,0
1041,1043,428,1
609,610,967,1
1362,1183,305,1
1159,1162,663,0
3186,1216,496,2
5026,5027,2,1
2666,2679,329,0
3282,3280,286,1
2606,5090,16,1
199,201,1015,1
2287,2289,25,2
3430,3432,380,1
549,3445,604,0
1836,2502,258,1
2127,3399,385,1
765,762,1226,1
1890,1891,384,1
1503,1501,463,1
151,147,482,1
1078,1185,723,0
2478,2480,344,0
1798,587,567,1
2882,2884,297,0
2149,2150,376,2
1319,1321,248,0
8121,8122,287,2
417,2644,501,0
1784,1779,153,1
1291,1194,321,1
3291,3294,372,1
2962,2973,763,0
2587,2585,245,0
2074,2075,231,1
264,269,226,0
2656,2357,182,1
1268,1270,516,0
1852,1854,639,0
2656,2697,331,1
3431,3429,366,1
800,1372,873,0
3400,629,418,2
1382,1380,772,1
511,2601,624,1
3070,3068,254,1
415,405,17,2
3192,2906,42,0
717,719,922,0
3222,3224,768,1
489,491,334,0
2154,466,3,1
2314,759,370,2
2014,1801,206,0
1836,1838,4,1
2835,2837,340,2
2309,2311,238,1
2208,2210,83,0
1971,3478,182,0
1192,1194,359,1
1546,1548,437,1
4091,242,160,2
5068,640,277,2
2481,2479,345,0
3354,1523,460,1
1796,1332,630,0
532,1928,411,1
122,124,475,1
1926,1121,411,1
2188,2190,28,1
1531,1532,439,1
32,1196,23,1
1063,2555,177,1
2195,2193,34,1
259,256,1698,0
1916,253,747,1
523,1236,216,2
1573,1571,771,0
564,4026,152,2
795,821,880,1
1143,1166,262,0
1631,1634,344,1
1143,1048,28,0
2645,2411,337,1
2545,1066,4,7
3304,3305,229,2
1174,493,583,0
2624,2626,240,1
241,235,6,4
2916,2914,655,1
2123,1048,368,0
299,301,738,0
1666,3438,363,1
2986,2988,86,1
2384,373,709,2
1439,1440,185,1
21306,4057,207,1
404,2061,496,2
1167,24054,6,3
1488,1489,605,1
898,892,11,1
14613,13043,12,5
375,376,598,1
3429,1661,366,1
3062,1233,24,4
896,897,449,0
3055,3057,441,1
2568,154,471,1
2618,1715,364,1
2040,2038,428,0
872,870,858,1
1097,5096,14,2
1569,1812,60,1
309,1658,709,1
23218,2758,3,3
628,629,508,1
3164,656,8,1
13218,13434,49,2
185,3010,418,2
1884,1834,258,0
187,195,22,5
3479,2652,186,0
650,659,829,0
492,490,330,1
902,900,421,1
1329,2982,76,0
196,1763,6,5
2657,3178,174,0
2730,2622,644,1
2754,2752,240,1
574,572,599,1
2922,2920,658,1
1327,1541,234,1
1572,1574,801,0
2972,499,15,3
13459,260,226,1
668,666,563,0
1040,1038,233,2
2634,3044,284,0
472,245,5,4
16562,16559,14,4
3063,3065,254,1
2765,2457,241,0
537,39,457,2
2983,652,76,1
816,820,536,0
1585,1583,385,1
405,2294,17,5
1145,2951,116,2
2493,1326,6,10
4051,4052,42,2
3216,3222,768,1
3365,805,733,1
1238,740,206,1
1778,1781,630,0
850,847,467,1
1271,1269,521,0
1025,2396,352,1
1543,991,216,1
1658,1659,709,0
1744,1746,478,0
279,510,9,1
3411,249,319,1
456,3013,967,0
2548,2571,366,0
10365,1327,6,2
3352,3191,75,3
1224,126,655,1
2987,2985,90,1
754,752,1224,1
1328,3168,80,2
759,1634,3,1
282,1103,878,1
2504,2506,364,1
978,976,838,2
1866,711,376,1
1876,1875,328,0
2605,508,1235,0
644,645,926,1
1571,1569,439,1
560,558,1611,0
1754,2272,339,1
1796,1771,775,0
1512,1510,869,1
3180,2961,60,1
27819,23013,52,1
6675,6674,1595,2
2303,2456,241,1
3335,2455,241,1
2944,2942,255,1
136,138,471,1
1265,1263,298,0
2628,2068,241,0
1006,1004,207,1
1870,1828,646,1
2480,2619,344,0
09009,09013,79,0
1119,1103,177,0
2181,2426,49,2
1737,1736,411,0
495,1172,290,0
2976,2971,685,0
1441,1430,185,2
1636,1638,347,0
843,840,993,1
250,252,1239,1
865,867,859,1
1608,1350,122,0
1768,1829,206,0
4114,4115,152,1
3174,3172,174,0
3324,3,5,1
48,46,44,2
245,3420,48,4
2276,2305,339,2
1906,1901,294,0
6042,3096,56,2
840,839,993,1
2902,566,278,0
1904,1159,404,0
2681,2672,177,0
1895,1893,392,1
553,551,3,1
3379,3368,536,1
5087,690,4,5
1402,1408,943,0
87,91,9,2
2373,4018,120,0
3047,3049,301,1
301,305,1211,1
1242,2225,83,1
747,748,881,1
3513,3511,346,1
3009,3015,92,3
2442,1640,241,3
2238,301,460,0
831,896,449,1
471,474,2252,2
2447,2449,450,1
1886,2406,334,0
2001,955,244,2
3196,3149,437,0
2333,2330,107,1
26562,889,9,6
900,898,426,1
3484,3486,182,1
171,173,491,1
829,848,133,1
1560,3350,442,1
116,120,9,1
3108,3107,33,1
2120,437,97,1
1547,362,954,0
774,4122,160,1
778,782,5,3
1409,1476,6,2
2003,2004,450,0
2403,1886,334,1
759,763,1246,1
725,129,6,2
706,702,467,1
1609,1610,4,1
6059,6024,64,1
302,2962,10,1
1718,1720,363,0
2887,2885,293,1
588,1797,578,1
310,300,15,3
348,2238,301,2
1423,1405,88,1
2115,2113,97,1
3347,2708,241,2
1902,2551,4,2
1986,1956,556,0
170,168,491,2
2264,1838,339,1
1121,1922,411,1
696,698,315,1
42,1929,18,2
1380,1378,415,2
889,16562,11,5
15618,15616,49,2
100,98,497,2
2890,2582,297,1
2983,1609,4,3
1511,3279,457,0
1281,1319,4,2
2183,2181,49,1
809,807,522,0
572,570,1404,1
425,259,1041,1
1853,1851,639,1
2228,2663,399,1
1173,1175,288,1
3100,3102,93,0
3279,1514,894,1
305,5058,3,0
250,3492,748,1
1390,1392,404,1
3166,3164,4,2
1272,1274,516,0
196,194,979,1
472,470,1178,1
2651,1973,543,0
3396,2314,376,1
269,569,624,1
1905,1907,293,1
310,2389,821,0
2485,431,345,1
1721,1719,364,1
1370,2542,733,0
1460,1458,67,1
188,186,466,2
1062,10365,6,0
1909,210,293,0
139,137,476,1
415,2269,5,1
1217,1215,355,1
1835,3374,5,2
2981,2989,90,1
3237,3239,768,1
1897,1895,392,0
3517,3266,339,1
130,132,475,1
2206,2208,83,1
3163,3167,10,2
2745,2793,165,2
4025,768,154,1
20365,1282,77,2
1544,1937,216,2
4008,4114,152,1
2274,2276,409,1
6672,6673,1595,1
1425,2188,28,0
2893,3110,293,0
1499,318,463,1
1832,1945,8,1
94,164,836,1
327,1130,216,0
1959,1922,365,2
2424,2142,375,1
2228,2230,159,1
2689,2690,64,1
2094,1519,733,1
1839,2421,393,1
432,349,342,2
2015,1443,364,1
27312,2826,48,0
1577,1776,381,2
317,1500,461,1
1013,284,472,0
2301,2377,486,1
3434,3436,380,0
2601,2633,243,1
306,302,838,1
2177,433,405,1
306,3468,366,1
1847,1845,639,0
1198,3236,326,0
1841,2629,242,1
2095,872,733,1
3054,3052,284,1
3475,3473,3,1
1943,1941,645,0
2806,2804,224,1
899,3108,26,1
2955,2957,373,0
2676,3332,325,0
433,3081,397,1
6671,6670,1595,2
2144,2424,375,1
3016,363,1034,1
2416,102,61,1
757,759,879,0
739,51,115,1
3011,187,549,2
3367,2038,177,1
1065,1084,4,5
382,320,6,3
1212,1214,356,1
1045,1047,712,1
2101,1439,97,0
3483,3481,186,1
09008,09023,25,0
2268,416,5,1
5012,978,4,1
4026,4024,152,2
316,314,463,0
1420,1418,733,0
4122,4096,160,1
2091,3287,731,1
1203,1205,356,1
1785,1787,166,1
6045,6077,148,2
3323,2693,50,2
132,1412,475,1
993,1695,364,0
465,463,931,1
1351,1353,122,1
81,85,475,3
4121,4058,160,1
2885,2883,293,1
1855,862,604,1
421,423,734,1
6046,6045,152,1
1806,1804,1073,0
09005,09007,53,1
41,43,41,1
4097,4095,160,2
890,1093,755,1
570,564,1209,1
1139,2058,404,2
2250,2248,620,1
1395,1751,411,1
1274,2640,223,2
1343,1345,274,1
17819,15460,46,0
300,347,379,2
2096,1518,731,1
3067,3069,254,2
1507,1509,867,1
3168,3166,4,1
1679,3281,282,1
2018,2226,83,0
1982,1983,560,1
2382,3160,89,2
1869,1652,569,1
3426,408,418,1
2831,2835,146,1
2433,2454,450,0
2597,2592,48,5
2644,419,501,0
3286,595,418,1
1747,1773,206,1
2270,2246,358,1
889,893,9,2
568,1540,457,1
2295,404,17,5
473,472,2245,1
934,936,68,0
4022,4025,154,2
2561,420,491,1
20151,94,11,0
147,1882,328,2
78,749,172,3
2012,1995,244,1
1674,1672,363,2
1633,1630,328,0
753,755,1224,1
117,3502,486,0
1784,1782,630,0
1792,1790,783,1
2620,5066,267,1
1657,310,706,2
598,572,466,0
3458,329,409,1
955,20,277,1
1762,1764,869,1
1456,1454,67,0
1137,1139,404,1
1671,1673,363,1
768,640,1069,1
2923,2935,459,1
2743,2745,165,1
1315,1317,344,1
1128,513,627,1
2085,2083,962,1
51,608,465,1
6072,6013,60,2
1155,1153,294,0
3276,1506,286,0
659,973,105,1
1298,2348,376,0
965,2654,28,1
17312,14015,9,1
3517,3394,381,1
503,505,293,1
2008,1295,807,1
1251,1253,277,0
1638,204,335,1
1689,1687,362,1
1617,1615,386,1
683,681,291,0
4096,4098,160,1
3178,3176,174,1
3259,3235,308,1
3202,3203,75,1
3356,3446,441,1
733,1395,411,0
51,52,1995,1
5093,3112,12,1
4037,4038,124,1
2026,2024,206,1
2546,3459,108,0
1042,26559,12,2
3363,3365,733,1
352,1383,490,1
1843,1841,639,3
1849,1847,639,0
1187,1330,322,1
658,656,821,1
673,5087,4,1
1612,2477,4,1
1645,1613,241,1
2660,695,3,3
2314,2282,238,2
986,1167,294,0
2399,2401,330,1
758,754,179,1
235,233,777,1
2164,2166,456,1
377,32,611,1
2194,2196,28,1
3063,25593,122,1
3447,2391,858,0
1024,1027,353,1
2332,2334,107,2
1671,1623,282,2
2430,914,421,1
3133,2385,93,0
3096,6039,154,1
1279,1277,669,1
1099,1084,246,3
1080,1078,428,1
248,1682,1429,1
2660,2661,26,4
2905,2078,142,0
1226,1224,655,1
2776,2366,294,1
2773,2960,60,2
2021,2911,120,1
387,385,600,1
3134,1822,89,1
31,380,6,4
2071,2072,229,1
1478,1476,59,0
685,681,182,1
1855,863,241,2
2525,2903,417,0
3207,3208,213,1
1848,1850,639,0
745,1005,33,2
478,1818,360,1
21303,10131,33,0
1568,223,437,1
2932,24024,29,0
2456,2765,241,0
1623,1505,282,2
634,635,508,1
753,757,172,1
3413,1124,372,1
91,733,411,1
1006,2962,15,2
205,207,1873,1
1626,1627,70,1
2132,2134,376,1
320,318,902,0
2784,1275,223,2
704,2423,486,0
2579,2580,186,1
2077,2068,441,1
660,656,117,1
2028,2026,206,2
1135,1137,404,1
877,3445,861,0
1047,3298,712,0
2259,66,365,1
2256,2254,620,1
3046,3044,21,0
2196,2198,28,1
2486,1313,344,1
2395,2397,330,1
2796,3017,169,1
1140,1136,409,1
636,637,508,1
545,547,604,1
1951,2020,386,1
2291,2084,731,1
265,263,902,1
58,160,4,1
3236,3258,326,1
342,35,358,2
2835,2839,146,4
688,690,186,1
1894,5061,3,3
5025,5026,2,0
415,2597,48,1
3300,3301,409,1
2750,2748,240,0
1667,1669,645,0
716,1498,460,0
522,520,456,1
1927,533,411,1
11306,11303,197,0
3420,3421,231,1
3420,10001,248,0
1404,1406,1013,0
2302,2295,486,1
3114,3116,93,0
734,736,465,1
1451,1453,67,1
334,332,866,1
1532,646,439,0
2237,2231,139,2
749,751,1224,0
6675,6676,1595,1
3250,3251,22,1
4047,4048,42,2
1049,1046,715,0
2106,2108,97,1
2791,3462,116,3
24612,24609,12,1
3445,621,1465,0
1765,1763,871,2
1618,1617,386,1
348,2662,227,1
3005,3007,92,2
2439,102,455,0
307,1655,442,2
2036,2034,605,0
839,837,993,0
1587,1585,385,1
2426,1953,83,1
6035,6036,154,1
1126,2625,242,0
1126,108,368,1
1779,1821,630,0
187,189,1015,1
3346,3335,241,0
23550,2917,13,12
3449,1020,573,0
2719,2613,408,2
1131,3458,409,1
2225,1241,83,1
1615,1607,386,1
1177,483,290,1
318,1664,442,2
3452,1910,294,0
2744,2641,223,1
1165,1142,28,0
1165,1143,262,1
1533,1535,437,1
1234,1552,152,0
330,328,866,1
2351,2345,513,0
974,973,829,1
2360,826,182,0
4017,1555,152,2
2677,6047,152,1
555,1555,4,1
2278,2279,339,1
3081,527,397,2
275,273,9,1
416,2562,54,3
2186,2198,55,1
14039,14048,9,2
1442,1445,67,0
1463,1465,67,1
347,2235,168,1
892,889,11,2
1559,1517,152,0
125,123,486,1
469,471,1191,1
483,1176,290,2
1368,13010,3,4
1050,3058,35,2
2938,2939,299,1
1262,1264,293,0
145,143,782,0
5098,690,3,2
2049,2051,428,1
2704,2444,241,1
1920,3288,411,1
1756,1758,408,1
6005,6006,60,1
2048,2046,428,1
10131,10075,3,0
2126,3415,782,0
4014,4013,42,1
3266,3535,339,1
1339,1337,308,1
2029,1240,206,0
2417,2419,394,1
468,1411,770,3
1538,1393,14,1
1881,1883,332,0
1990,1989,206,1
886,1179,290,0
2568,505,259,1
882,883,294,1
6023,3097,162,1
2340,2342,107,1
1277,2840,428,2
867,869,859,1
2799,2801,416,1
2358,2280,165,0
1491,1490,460,1
2958,2956,367,1
1432,1433,95,1
1563,3135,456,1
308,5102,5,1
2005,2011,450,1
2970,1013,33,0
4119,4118,160,1
42,1832,8,1
1758,1760,413,1
4040,3192,166,1
5088,674,6,1
2472,1598,232,1
1256,1375,298,0
3197,551,439,0
6679,6680,1595,1
217,2015,493,1
1578,1884,258,0
3427,1490,148,2
426,428,1590,1
2300,2324,484,0
1599,1588,292,1
1490,1487,608,0
2880,2882,297,1
2287,572,339,1
2041,2043,428,0
1515,1513,902,1
2011,2077,450,1
3211,1522,457,1
293,291,417,1
5074,146,20,0
6034,6035,154,1
1764,2170,1274,0
2697,2346,331,1
1763,2561,48,1
1249,1247,360,0
517,519,627,1
286,2922,774,0
2825,2824,341,0
2098,2099,97,1
2975,2930,318,1
847,884,372,1
374,372,1157,2
177,179,491,1
760,3424,350,0
3283,3285,282,1
1611,3463,411,1
395,393,522,1
880,878,1098,0
1892,1894,414,1
2034,3369,177,1
4058,4084,314,1
1001,1003,575,0
3461,2727,112,3
2146,2144,375,1
3105,5093,26,1
347,2928,86,1
143,1008,48,0
2731,1699,397,1
1009,142,334,0
3117,3115,93,1
2103,2101,97,1
2412,2413,398,1
180,3522,418,2
1814,1812,567,0
72,74,475,2
6028,6029,162,1
3261,3259,308,1
751,753,1224,1
1692,1694,339,1
66,67,1991,0
2474,2476,348,0
1827,1867,647,1
1358,1678,62,1
1653,1656,441,1
2385,2383,93,0
849,3295,370,1
1019,500,21,2
4112,476,154,2
69,752,475,1
3533,1161,658,0
1411,415,79,14
3052,2632,284,0
987,2777,297,0
3401,3487,182,0
39,1415,457,1
2253,2255,625,1
4092,4090,160,2
2722,2720,258,0
5087,5098,3,2
237,232,775,1
1159,1892,30,0
2891,2623,293,1
124,126,850,1
2663,2262,399,2
292,2780,94,1
3204,3205,75,1
2687,2688,64,2
2275,354,70,1
1673,1943,363,2
159,161,836,1
2375,2737,259,0
1211,1208,355,1
1505,1943,282,0
611,612,967,0
389,387,600,1
1551,877,441,1
3361,3363,733,1
538,536,1007,1
3330,1580,379,1
5068,5066,13,0
2391,876,858,1
3460,2548,116,1
1283,1281,240,0
3291,3290,411,0
758,3182,357,1
2790,2743,165,2
1517,1397,152,0
2037,3372,177,1
28,374,1157,1
3203,3204,75,1
4050,4079,45,0
863,864,241,0
10075,11306,31,2
2013,1196,370,1
596,1530,437,0
3345,3347,241,1
961,2776,288,0
1349,1622,152,0
6029,3058,162,0
3428,1000,62,1
2584,2594,186,2
296,299,256,3
640,2089,731,1
2501,64,566,1
1368,20365,6,12
2159,2160,90,1
2252,2250,620,1
1178,3306,573,1
14015,14018,18,1
1310,2313,894,1
670,377,1431,1
24051,847,6,5
1687,1685,726,0
292,294,870,1
6078,6079,60,2
1502,1504,461,0
2182,2184,55,1
2934,2932,347,0
1334,1364,279,0
2495,68,2594,0
1153,1902,298,1
2390,309,867,0
3491,1958,174,0
3008,3006,91,1
1415,40,449,1
1377,2277,357,1
3516,1621,386,1
476,4022,154,0
158,505,358,1
102,2441,516,1
235,231,6,3
1766,1768,206,1
2136,2138,376,1
1325,1873,248,0
276,2537,771,1
1774,2418,1011,0
1567,1422,645,1
6673,6672,1595,2
1586,1588,379,0
554,555,4,1
1073,1075,429,1
972,660,111,1
1821,1776,630,0
1081,1899,4,0
2821,2803,4,1
1594,1602,379,1
380,382,1061,1
2286,2293,5,3
1322,1320,250,0
161,2249,365,1
1887,284,389,0
708,706,467,1
1368,1643,152,0
340,878,152,1
1207,1209,356,1
466,1560,442,1
631,632,508,0
2459,2128,365,0
2901,4104,162,1
2328,2553,107,0
2822,2820,10,1
2013,2668,460,1
195,201,28,2
1066,1097,359,1
6014,6015,60,1
249,4058,154,2
1780,2517,1006,0
2374,2734,240,0
3216,1198,5,2
540,538,604,1
1964,1966,552,0
2435,2453,484,0
415,2581,5,10
872,2097,733,1
268,847,1,7
972,3493,822,1
1725,1723,397,0
323,325,498,1
1842,1844,639,4
3435,3433,366,1
571,573,599,1
461,459,931,1
1688,1692,343,1
2530,2528,733,1
1108,1110,9,0
1044,1042,715,1
2055,1242,428,0
319,321,940,1
692,693,358,0
3414,94,486,1
1175,484,288,1
1590,1592,379,0
101,103,475,1
720,1868,328,1
2509,57,1995,2
2496,908,452,1
1472,1470,67,1
2755,2757,259,0
3340,3346,241,0
1431,1432,88,1
2097,2096,731,0
781,761,609,2
2971,2969,768,0
2124,2365,120,0
3348,1301,652,2
3476,1964,3,1
749,753,172,1
2503,1127,363,1
6079,6037,60,1
2018,3383,97,2
2441,2443,516,0
1604,1606,381,1
3353,3357,294,0
2727,2792,112,1
3490,3491,174,0
2534,2532,733,1
3290,3289,781,1
3274,3336,213,0
1444,2016,501,1
1282,81,19,1
5058,1007,17,1
1185,1165,290,1
199,200,5,1
1458,1456,67,1
2815,2991,169,2
1746,1748,478,0
1752,164,408,1
3012,457,926,1
71,749,486,1
237,234,6,3
1391,1389,357,1
1748,1750,478,1
3251,891,22,2
3278,3276,286,1
975,977,829,2
5065,640,266,1
2009,2007,830,0
2015,3232,154,2
2673,2682,177,1
233,231,777,1
1333,1335,348,1
3376,1834,4,3
1598,1676,58,2
365,3186,496,1
1393,1350,527,1
2347,2349,391,1
3465,3454,22,0
3010,3012,926,1
635,5043,10,1
3225,3223,767,1
2408,2410,334,1
745,2592,12,26
3299,2032,93,1
277,275,9,2
6674,6673,1595,1
574,2286,1132,1
291,289,533,0
1336,1334,350,1
2721,2723,251,1
920,845,89,1
664,641,184,0
248,3411,335,1
787,785,881,1
1267,1268,223,2
768,4027,154,2
2929,2422,4,1
5066,3242,5,2
1453,1455,67,0
4098,4105,160,1
2606,2604,985,1
142,144,805,0
2133,2258,262,0
1019,1017,207,1
1136,1134,409,1
1988,1986,556,0
2894,2896,297,0
844,843,1011,0
1896,1898,411,1
2770,2768,60,1
672,2569,553,0
873,875,861,1
1228,1226,216,2
1035,1037,257,0
643,747,876,1
2540,2538,733,1
2571,2550,366,1
2083,2087,233,1
1274,1186,54,1
470,432,5,1
2288,2286,332,1
1330,1362,325,1
302,2131,375,1
1992,1981,244,1
1013,147,33,0
480,479,705,2
536,534,1007,1
570,212,466,2
1093,1071,421,1
88,86,486,1
223,1572,801,1
537,526,657,1
1113,2504,364,0
2013,31,411,1
2122,2495,716,1
2135,124,375,2
1252,1250,277,1
2389,308,1642,0
450,452,560,1
3258,3260,321,1
1012,2976,26,0
191,193,1015,1
2336,2683,107,1
1400,351,70,1
2829,2831,340,0
2497,2249,260,1
3146,978,531,1
412,411,1125,0
2477,2475,349,0
10739,2287,144,2
2602,796,873,1
413,416,496,0
2832,2830,340,0
169,171,491,1
2951,2953,373,1
1379,1384,405,2
497,499,293,1
2685,2686,64,3
1695,1111,364,1
1495,2660,3,1
1667,725,6,0
959,9,33,0
2236,3293,372,1
1365,2496,190,1
1347,1349,274,0
6670,6671,1595,2
3415,2127,782,0
2672,2674,177,2
891,893,458,1
3359,3361,733,1
1223,1546,437,2
1010,1008,306,1
3288,1925,411,1
2293,2081,734,1
1882,1880,328,0
1076,1074,433,1
3428,1001,366,1
577,579,1539,1
13043,1641,26,1
1996,1994,244,0
1305,1307,344,1
2294,2434,484,1
194,192,1434,0
2585,3109,60,2
1343,1349,34,2
226,237,3,1
2127,5089,3,3
2659,2660,175,1
2642,2687,64,1
633,634,508,1
6667,6666,1595,2
2914,2912,782,0
797,2601,871,1
63,64,1425,1
305,307,1191,0
3412,3413,372,3
3477,3475,3,1
270,523,216,1
6000,6001,60,1
391,389,600,1
317,319,940,0
460,462,942,1
1317,1318,344,1
835,3498,627,0
3473,679,296,0
2823,2794,84,1
1007,142,83,0
263,261,902,1
1889,1157,294,0
2933,2936,318,1
2547,2545,359,1
3293,3291,372,1
2127,2551,394,1
3349,1298,12,0
1012,1014,232,0
3217,237,6,2
24380,416,6,10
1866,1864,620,1
2475,1326,4,1
593,594,549,2
25616,25618,49,3
724,726,1254,0
1661,315,62,2
4052,4053,42,1
1429,1431,589,1
4111,340,152,3
913,36,344,2
2273,2271,357,1
2836,2834,340,0
1745,1980,244,1
635,2902,292,1
3205,3220,75,1
1051,1049,29,1
2545,2544,106,1
1566,1568,643,0
1894,1896,411,0
2732,3470,364,2
1012,149,73,1
3457,2471,234,0
1233,1047,35,3
3262,1310,321,1
897,827,449,0
1142,1166,28,1
2470,1602,691,2
1142,1048,260,1
5071,5042,496,1
162,160,834,0
1740,1742,408,1
2113,2111,97,0
3509,1628,346,1
2335,2333,107,2
1020,1022,805,1
1003,307,366,1
28,466,995,2
2823,2796,169,1
1733,1787,630,0
3232,1444,162,1
3103,3112,367,1
35,39,1709,1
1647,1536,14,1
1034,1032,329,0
2583,2581,251,0
1682,4111,152,2
1682,525,599,2
382,324,442,2
908,906,583,1
2330,2328,107,1
3369,1040,177,0
2064,2062,401,1
1521,3210,460,2
1388,1390,404,1
1641,1315,14,3
1554,3215,472,1
2082,2084,231,1
737,738,465,1
2116,2118,97,1
3511,3509,346,1
2243,2245,365,1
2524,2716,258,0
2089,2281,731,1
4034,4035,124,0
80,78,894,1
1811,1813,587,1
1731,1564,776,1
1620,2512,244,1
3465,3106,11,2
349,433,338,0
2777,673,4,1
2334,2336,107,1
2240,1660,358,1
825,3489,449,0
1417,1419,731,1
655,3163,10,1
849,851,569,1
1180,2130,401,0
700,698,150,1
2714,2712,258,0
500,1015,228,1
6039,6040,154,1
691,689,182,1
1167,882,294,1
3051,2637,287,0
579,581,1395,1
1664,1662,728,0
464,1564,376,0
2789,2790,165,1
1603,1595,385,1
843,842,389,0
4064,4065,42,1
2803,2805,228,2
1508,1227,406,0
4048,4049,169,1
1924,216,409,1
1309,1311,582,1
299,309,17,3
2931,2933,318,0
1600,1677,58,1
309,135,5,1
155,153,735,0
325,327,1120,0
3368,806,536,1
1049,1042,19,3
2016,2288,332,2
9,13,33,1
1728,1726,397,1
3160,2381,89,2
1065,1071,341,0
750,70,475,1
1304,1302,666,1
2903,2904,417,0
252,09022,79,4
448,450,560,1
1302,371,666,2
1704,1708,404,0
894,892,426,1
122,128,9,2
589,591,333,1
17336,508,21,2
3244,2287,5,2
1482,1480,60,1
763,764,1246,1
1253,1254,277,2
6024,6025,162,2
2451,2433,450,1
2414,2645,332,0
995,997,557,0
2514,2320,238,1
2514,2129,231,1
1350,2489,345,1
1416,563,185,1
4093,4092,160,1
1897,5061,18,0
2686,2642,64,1
745,2131,26,0
504,502,294,1
778,780,601,2
1963,1961,540,0
2531,1294,251,0
2921,287,673,0
3302,1140,409,1
2024,2022,206,1
889,891,425,0
842,829,18,1
2896,2898,297,2
1425,2180,55,0
1102,281,245,2
446,448,560,0
1270,1272,516,0
2632,3050,284,0
927,925,156,1
1498,1496,460,1
5070,5068,290,1
2798,3494,288,2
969,982,297,0
2839,1330,26,2
373,27,1829,1
2315,3397,381,1
2482,2484,344,1
682,694,296,1
794,796,3,1
838,841,999,1
2142,2140,375,1
3501,116,475,0
1411,4107,160,1
478,2427,713,1
3339,3341,241,0
6662,6661,1595,2
327,329,904,1
3462,3460,116,1
711,127,376,2
2523,1105,771,1
3228,3233,768,1
2559,2474,344,1
720,718,916,0
1790,1788,783,0
1248,2223,83,1
384,386,613,1
547,549,604,1
1634,1636,347,1
2913,2917,645,2
2390,3435,366,0
2947,2946,255,2
1511,1514,4,1
2318,2314,582,1
284,147,691,1
6011,6012,60,2
1127,1694,363,1
2972,1102,8,0
2972,5047,7,1
855,857,455,1
1643,1234,152,1
2778,1857,604,0
2630,2631,64,4
1221,1267,223,0
2679,3331,329,0
10131,21306,18,0
1959,3169,175,1
1075,1081,717,0
1775,1778,169,1
661,664,184,1
1853,3324,222,1
1007,1009,334,0
203,359,38,1
799,797,875,1
602,603,549,1
482,1178,861,1
2660,1488,148,1
6027,1050,162,2
479,477,1571,1
2970,1102,260,1
2562,1762,54,2
3362,3360,763,1
817,813,522,2
1433,1434,95,1
2378,2380,89,0
960,4,35,0
309,311,514,1
45,47,41,1
36,526,407,1
671,3507,186,1
326,324,460,2
2295,2321,486,0
6032,3055,154,1
1715,993,364,1
1240,2057,428,1
6049,6048,96,1
3378,3379,536,1
2266,2415,357,1
2521,1778,630,0
343,345,843,1
2459,2463,409,1
3396,1629,5,1
3016,2312,238,1
2178,2176,420,1
34,32,56,1
3421,3130,231,2
564,565,1349,1
3521,395,522,1
1186,1188,359,0
2620,5067,5,1
1117,5096,5,0
1789,1791,796,1
1208,1206,355,1
915,2655,145,1
2537,278,771,1
2002,2076,231,0
1110,1112,9,1
162,1012,6,4
3213,891,330,0
475,473,2245,1
1509,1511,867,1
1639,1637,332,1
2393,2395,330,1
2756,2754,240,0
519,512,627,1
2313,1547,228,1
1872,1874,641,0
2506,2508,364,0
561,33,1557,1
1255,1246,360,0
2292,2302,486,1
745,18020,6,36
285,3359,733,1
1771,1769,775,0
3270,3500,213,0
210,3337,293,1
245,243,2240,1
455,453,556,1
2590,2587,245,0
2037,2039,428,0
1281,1279,549,2
740,1235,216,2
3390,3391,346,1
2312,1309,582,0
2949,2781,60,3
569,272,624,1
262,264,850,1
1893,1160,6,1
293,3083,28,1
2348,1411,375,1
3275,2006,823,1
2117,2115,97,1
901,903,421,1
357,409,38,1
2918,2916,658,1
104,1721,368,1
507,17336,15,3
1729,1731,776,1
4002,879,154,1
567,568,1334,1
1104,1106,9,1
3514,1618,346,1
2107,2105,97,0
2925,4040,42,1
2840,2838,340,1
1935,699,216,1
370,368,539,2
25460,27819,52,0
87,2266,13,6
1393,13043,14,4
3058,3119,93,1
1411,374,6,1
2305,2278,344,0
3525,3426,418,1
1558,2604,873,1
983,1168,297,1
47,911,41,1
2079,2514,231,1
2820,2818,10,2
1247,1245,360,0
2070,2511,231,1
876,874,858,1
532,531,596,1
2043,2045,428,0
3508,228,4,2
848,849,386,0
2392,552,441,0
3058,3056,446,0
1232,1103,385,0
1450,1448,67,0
315,317,930,1
2174,2175,405,1
318,316,463,2
2595,2592,185,3
1791,1793,796,0
520,518,456,0
3071,1238,254,2
662,660,6,1
2734,2732,240,2
2259,887,260,1
474,476,2290,1
2698,2349,331,1
24613,24612,12,2
2437,2616,365,1
1873,1975,248,0
2972,1013,22,0
1258,1260,293,0
1112,1114,747,1
2100,2102,97,0
828,830,637,0
3448,488,573,1
3433,3431,366,1
651,2982,10,0
1589,1599,290,1
2419,1840,394,1
3263,3261,308,1
2346,2368,240,1
1677,3457,346,2
2881,2879,293,0
899,5093,9,3
2935,2924,459,0
2197,2195,34,1
1989,1747,206,1
1230,1228,622,1
2762,2760,289,1
6008,6009,60,2
1173,3334,294,1
2726,2724,258,0
2956,2954,367,0
2796,2797,340,1
2800,2823,363,1
2138,2141,376,1
2153,2151,375,1
3386,3387,346,1
416,1298,79,14
1151,3089,290,1
745,1369,11,36
2207,2205,83,1
2884,2886,297,1
1120,1122,404,1
2045,2047,428,1
1269,1258,223,1
319,383,6,3
2449,2451,450,0
2367,2373,120,0
2191,2189,34,0
141,139,476,2
09007,09009,79,1
3016,2782,405,0
3371,6074,60,1
6674,6675,1595,2
2637,3053,287,0
1079,1080,18,0
1489,1648,148,1
1227,1229,622,1
714,699,456,2
114,112,486,1
2501,63,1425,0
1777,1775,630,1
3189,3190,60,2
99,103,9,2
2680,1947,826,1
2388,1988,556,1
1966,1968,552,0
2218,2220,83,0
1622,1366,152,1
2476,2518,4,0
1628,1629,350,1
2655,923,154,4
761,775,1439,1
2245,2247,365,1
13264,2796,52,0
1835,1888,251,1
2719,2174,405,2
2489,2487,345,0
1805,1807,1088,0
1682,2009,830,1
1817,5071,214,3
767,1921,54,1
2699,3252,455,1
74,77,475,1
154,157,471,1
1080,1899,406,1
851,853,1024,0
726,728,797,0
2053,2055,428,1
1487,3495,148,1
1506,1624,286,1
745,300,661,0
419,2562,501,1
485,487,334,1
200,242,2256,1
629,630,926,0
1031,1033,353,0
58,909,995,1
1342,2493,304,1
243,84,1563,2
1854,1855,639,0
472,246,1331,2
354,352,1024,1
238,235,777,1
766,200,370,1
2093,2091,731,1
1694,2416,339,1
57,793,881,1
1513,1512,463,1
1092,1094,243,0
1606,1614,381,1
1238,3128,277,1
1919,1920,781,1
813,811,522,0
2298,2296,484,0
1228,1507,406,0
711,1222,437,1
1510,1508,869,1
784,2064,401,1
992,1714,363,1
2285,2287,1308,1
1755,1753,768,1
134,136,471,1
969,847,105,4
1419,1421,731,0
1357,1356,385,0
780,782,1277,1
2711,2713,251,2
5043,5070,290,1
231,1285,777,0
264,266,624,1
415,2443,79,2
1492,1494,460,0
2436,2162,456,1
1946,1831,594,1
758,756,1224,1
2984,2980,86,1
6668,6667,1595,1
3394,3395,381,1
2429,1021,781,0
2675,2673,177,3
3417,1832,587,1
1697,1837,251,1
3220,3221,75,1
1290,1292,334,1
1936,1938,216,0
1862,976,11,2
2670,3339,241,1
3351,1531,439,0
1158,1157,293,0
1505,1507,461,0
834,2355,182,1
410,1748,185,1
3494,2826,293,1
3169,3171,175,0
2683,2338,107,0
1582,1584,379,1
1877,1879,332,0
726,317,457,1
2752,2750,240,0
459,2153,375,1
1380,2405,357,0
2991,2789,169,3
6019,3371,60,1
130,724,9,0
5072,1818,207,2
3099,2779,93,0
3372,3371,177,1
1359,1357,345,0
394,396,536,1
394,148,73,1
422,2561,486,0
2346,833,722,0
17312,13877,43,1
144,146,772,1
3254,3255,213,0
1356,1393,40,2
627,628,508,0
2075,2002,231,1
160,158,834,1
116,118,475,1
1934,1512,406,0
60,61,998,1
2808,2806,234,1
360,358,954,1
2602,508,13,1
2180,2182,55,1
1997,1999,244,1
105,107,475,1
2988,2990,86,1
525,880,449,1
2165,2163,455,1
662,2364,182,1
763,3420,172,0
322,320,902,1
5096,16562,3,4
3350,5053,3,3
1917,1620,244,1
23010,25460,52,1
976,651,838,1
91,83,832,1
2528,2526,733,1
283,801,871,1
318,727,460,1
1209,1210,356,1
2654,963,28,1
3334,3353,294,0
612,2064,418,2
40,36,1764,1
3048,3046,305,1
464,25,566,1
2940,2941,257,0
1763,1761,871,1
1065,1066,22,3
2414,2265,339,0
3198,595,437,1
2279,228,339,1
98,3414,486,1
551,550,442,1
568,571,599,1
295,291,241,2
3397,3515,386,1
1661,1663,648,1
1541,5010,232,1
1237,3070,254,2
212,208,466,2
793,5090,5,1
2434,2435,484,0
1928,1926,411,1
272,274,771,1
863,865,455,1
3111,3213,341,1
3136,275,6,5
2064,3400,418,1
1237,1239,483,2
2706,2704,241,1
4117,4102,160,1
710,708,467,0
4118,4123,160,1
2615,1281,313,2
1619,3513,346,1
6663,6664,1595,2
288,290,529,0
1337,1343,308,1
2341,2339,107,0
2211,2209,83,0
2927,2911,417,1
3424,2315,578,1
4033,4034,124,1
697,528,216,1
146,282,394,1
2794,5012,6,0
2794,3146,527,1
2427,480,713,1
4057,299,25,14
3265,3263,308,1
587,2522,100,2
1950,1952,790,0
1513,1524,439,0
1348,1346,279,0
142,146,68,0
362,360,954,0
488,484,573,1
2678,2541,325,0
3384,3385,346,0
1762,195,6,5
2621,2440,456,0
1410,423,943,0
1565,1566,643,1
6041,905,154,1
679,682,296,1
2738,2346,453,0
1282,3217,6,1
1111,1113,364,1
2092,2094,733,0
467,2531,258,2
957,2822,10,1
5065,5067,7,1
2072,2085,962,1
144,5074,33,0
2161,2157,365,1
926,928,86,1
2990,2992,86,1
1495,1497,820,1
253,251,742,1
253,1681,1234,0
2148,2146,375,2
1049,26559,7,10
2551,299,398,0
5067,5069,292,1
573,577,144,1
2764,3376,4,1
164,88,11,1
1002,1000,207,0
729,727,784,1
1215,1213,355,0
2310,2308,228,1
1979,1977,244,1
2297,2299,486,1
267,265,902,0
6664,6665,1595,1
592,593,549,1
630,631,926,1
1233,6024,162,1
2365,2367,120,1
1624,1672,286,1
2281,2291,731,0
3050,3048,319,1
2512,2539,244,1
268,849,553,3
1152,1154,673,1
1500,1502,461,1
570,217,339,2
999,1001,209,0
6676,6675,1595,1
3007,3009,92,1
3336,3206,213,1
506,504,294,1
2125,66,409,1
2590,2585,66,1
1846,1848,639,0
3536,3267,357,1
127,2132,376,2
619,3447,1462,0
372,370,539,1
3131,10001,157,1
3131,3304,229,1
2909,2910,417,1
2966,2968,763,0
2602,2270,985,1
2387,2388,556,1
624,670,462,1
3425,1890,384,0
1649,1000,282,1
385,383,600,1
4046,4047,42,1
660,658,821,1
958,1231,35,0
1865,719,332,1
1345,1347,274,0
3296,2572,375,1
1913,2523,771,2
328,326,1082,1
18020,2962,6,36
4095,4116,160,0
1878,1876,328,1
1422,1420,733,0
3252,3253,455,1
2306,2304,484,0
3168,3167,152,1
2972,1080,3,0
2588,2589,246,1
1984,1982,556,1
13672,13625,173,1
544,540,604,1
2275,2273,357,0
8122,590,294,0
2888,2890,297,1
4041,2156,124,1
878,3333,1250,0
565,563,1349,0
339,4110,154,2
2038,2036,605,1
2699,848,371,1
206,1639,5,1
2047,2049,428,0
1850,1852,639,0
1308,1306,666,1
5078,5075,213,0
76,3517,339,1
805,803,733,1
1480,1478,60,1
594,595,549,1
11306,10131,22,0
3271,3272,213,1
3287,557,1606,1
777,780,401,1
3524,3525,418,2
779,1949,272,1
2443,2302,79,10
2496,1182,26,1
2483,2481,345,0
394,145,4,3
404,406,238,1
2653,964,545,1
3116,3118,93,0
2190,2192,28,1
431,2483,345,0
457,644,926,1
1593,1591,385,0
6026,6027,162,1
1679,209,363,1
225,226,3,1
3488,824,455,0
1709,1705,397,1
748,642,1224,1
1323,1325,236,1
3008,3004,47,1
2376,2300,484,1
1659,2239,365,1
1576,1573,439,1
1043,1045,712,1
707,711,437,1
2222,2224,83,1
1196,1411,18,1
1068,1066,182,2
10075,10131,6,1
3176,3174,174,0
3068,3066,254,1
895,3108,7,2
3344,3342,241,0
290,294,256,2
1427,1429,589,0
2471,1326,234,1
1845,1843,639,0
2044,2042,428,0
300,297,714,3
641,3296,375,0
2542,2540,733,1
1298,467,781,3
173,175,491,1
23625,23672,179,1
6021,6022,162,2
1958,1960,549,1
3061,3063,254,1
1216,240,1627,1
1962,1964,549,0
1956,1984,556,0
2130,1903,400,1
2058,1239,428,1
695,683,291,1
2818,2803,7,1
1085,1088,252,1
1214,1216,356,1
2536,2534,733,1
1008,1006,354,0
2674,2676,177,1
1298,246,79,5
2729,1126,242,1
2229,3505,180,0
3522,3523,418,1
3534,1163,663,0
3440,3442,363,0
1461,1463,67,0
1079,1232,384,1
321,323,940,1
1079,1013,243,1
996,1492,207,1
2104,2120,97,0
2837,2839,340,1
2469,749,1224,1
1169,1171,288,1
1723,1711,397,1
228,76,339,1
3127,1447,67,2
534,532,1007,1
406,2061,238,0
1029,1031,353,0
1523,1521,460,1
2073,2074,231,1
6030,6031,162,1
978,5023,4,3
855,965,569,1
146,150,479,1
3119,3117,93,0
2168,1760,456,2
2619,2482,344,0
4082,4083,215,1
23007,23010,52,0
1540,570,458,0
765,1217,55,2
2550,2549,363,1
3289,1919,781,0
1066,1064,199,1
1635,760,4,1
2662,2229,399,1
580,578,1748,1
3255,3270,213,1
3233,3237,768,2
1961,1959,540,1
916,889,425,1
1803,1805,1088,1
390,392,613,1
1602,748,724,1
243,203,38,1
676,674,182,0
467,469,1481,2
1770,1795,747,1
792,61,880,1
2905,2906,550,1
885,886,290,1
984,961,288,0
4080,4011,42,1
1405,1427,88,1
739,50,2345,0
43,45,41,0
244,468,302,2
3082,2786,446,1
826,828,637,0
1102,587,9,26
2694,2695,64,3
17,21,33,1
1568,2016,206,1
172,170,491,1
640,206,1389,2
13264,2799,44,1
646,3199,439,1
121,117,11,1
1384,1386,405,0
1459,1461,67,0
75,73,486,0
2904,2500,417,1
1300,3275,371,1
5002,5000,4,1
2084,2073,231,1
1162,3534,663,0
1555,1535,4,2
4102,245,160,2
2324,2298,484,1
2263,2228,365,1
2254,2252,620,1
3459,3461,112,1
2458,2292,486,0
713,715,465,0
4066,2938,42,0
770,768,77,2
2552,2522,7,1
1514,1551,898,0
188,829,9,21
505,507,1259,0
559,561,1149,1
516,514,624,0
786,788,881,1
2731,2733,259,0
18,952,279,0
649,620,508,1
70,72,475,0
5005,393,78,1
1736,1738,408,1
2479,2477,345,1
1741,1739,411,1
589,1332,153,1
1436,1437,88,0
1125,1727,372,2
1446,1444,7,1
807,3373,522,1
5024,5025,2,1
2502,1698,258,1
1023,1024,232,0
5093,3103,26,0
25593,162,9,0
1081,1077,425,0
1012,2971,83,0
2236,3292,411,1
2237,2232,227,1
1476,1474,67,1
1487,1486,460,1
2006,342,16,2
2197,2185,49,1
207,211,466,2
2087,2620,4,1
1748,2597,185,0
137,135,476,1
1379,1381,334,1
2710,1578,258,2
3493,660,822,1
1818,1816,567,1
868,866,858,1
336,334,866,1
3010,1727,404,1
728,1872,641,1
3292,3291,411,1
1356,1354,345,1
2004,2005,450,0
432,2178,70,1
260,426,1041,1
4065,4066,42,1
1204,1202,355,1
1883,146,332,2
3358,285,763,1
466,1082,35,1
176,174,491,1
1028,1026,329,0
671,2366,6,1
6661,6662,1595,2
6666,6667,1595,1
6081,6071,64,6
2345,2696,513,1
2661,2657,174,1
3331,2677,329,1
1022,1023,805,1
79,81,475,2
6680,6679,1595,1
1815,1817,587,0
738,739,465,2
1863,1865,604,2
1732,1730,765,1
3505,691,180,0
884,843,370,1
2631,2685,64,1
2782,2787,405,1
2464,887,456,1
3192,3193,720,0
899,3106,4,1
1823,3160,89,3
14612,14613,12,2
24368,1319,6,9
693,2263,365,0
2078,4041,124,2
2898,2900,297,1
3118,3120,93,1
541,1932,406,2
2277,2275,357,2
2442,2621,456,1
575,577,1633,0
971,969,934,1
5074,5005,5,2
2160,2436,90,2
358,356,954,0
735,512,456,0
1378,1379,405,1
1079,2976,4,0
3508,3510,346,1
557,559,1606,0
1196,1197,370,0
1182,909,25,1
1102,283,8,0
289,286,533,0
2372,2736,240,0
32,1411,6,2
1761,2169,455,1
3253,851,455,0
919,890,755,0
879,339,154,1
1367,1608,122,1
4020,4007,152,2
495,497,293,0
1283,1279,120,2
74,226,357,1
284,150,243,0
2948,1145,232,1
2622,1842,240,1
1445,3127,67,4
844,187,16,27
2616,2438,365,1
416,417,501,1
4057,4059,221,1
81,87,19,2
3506,672,182,0
458,460,942,1
260,262,850,1
2179,470,455,1
459,457,556,1
2925,3192,417,1
1072,3349,12,0
67,2495,1878,1
211,213,620,1
68,1237,260,1
2911,2913,765,0
2223,2221,83,1
1096,1098,243,1
61,2501,1878,1
2948,2947,512,1
1469,1471,67,0
208,206,466,1
3299,1049,712,0
2748,3084,240,1
2557,2558,177,1
151,1011,253,1
466,465,931,0
1241,2056,428,0
2302,09015,79,1
990,1544,216,1
1332,1794,630,1
1869,1653,441,1
3130,2086,231,1
1874,1877,332,1
5074,279,4,2
1062,5011,234,2
1093,1066,334,0
1282,80,412,1
1708,1710,404,1
3389,3390,346,1
2349,2350,722,0
1425,1427,501,1
3016,1300,20,10
09010,09008,79,0
10131,11303,37,0
2561,415,48,3
2907,4051,175,1
1642,245,1159,1
2677,2675,177,1
2356,2591,259,0
1600,3457,234,0
90,88,486,1
25,2154,4,1
1570,1158,294,1
2517,3444,376,1
21,1072,33,1
2985,2983,90,0
767,765,1226,1
767,3420,231,2
3054,3050,35,3
3383,5043,280,3
1408,1410,943,1
2558,1063,177,1
367,369,538,2
21303,21306,218,0
3206,3207,213,1
552,3196,437,1
4057,2917,15,12
2121,2119,97,0
1352,1393,345,0
2713,2715,251,1
1632,246,380,1
2508,1838,364,1
247,245,738,2
891,481,330,1
307,2390,1233,1
52,912,115,0
2492,2929,4,0
3453,3448,574,1
977,980,288,1
3500,3271,213,1
1103,1080,567,0
3175,3177,175,1
111,115,475,1
623,624,1973,1
783,781,1288,1
4012,4014,42,2
1692,1840,4,1
3357,3452,294,0
3447,548,604,0
1760,1762,869,1
1132,1133,404,0
1062,1280,4,2
1630,3397,5,1
513,515,627,0
283,281,5,1
964,854,545,1
801,799,875,0
2081,2620,734,1
669,671,192,0
1106,1108,9,1
1940,1942,363,1
2039,2041,428,0
3498,2979,627,0
6074,6020,60,1
1231,960,35,1
924,926,154,1
6676,6677,1595,2
2701,2061,62,0
642,2469,1224,0
2758,2756,240,1
2061,2412,62,1
3492,1915,780,1
2069,527,330,1
2262,348,213,1
1256,1221,223,0
2269,2267,357,2
687,685,182,1
2797,2798,340,1
926,934,68,1
1952,1425,790,0
1409,1436,88,1
2217,2215,83,1
