120.0,0.44052863436123346,99.55947136563877,0.0,1.5133333333333334,41,3.6237678769522073
400.0,6.976744186046512,93.02325581395348,0.0,1.72,541,21.032953091928974
680.0,10.743801652892563,89.25619834710744,0.0,1.6133333333333333,987,31.869537505906617
960.0,17.307692307692307,82.6923076923077,0.0,1.7333333333333334,1312,43.6671882120211
1240.0,19.6,80.4,0.0,1.6666666666666667,1581,55.59092332321541
1520.0,15.546218487394958,84.45378151260505,0.0,1.5866666666666667,1685,68.58903615022139
1800.0,21.933085501858734,78.06691449814126,0.0,1.7933333333333332,1678,80.57417627845686
2080.0,24.913494809688583,75.08650519031141,0.0,1.9266666666666667,1794,92.3085433052141
2360.0,21.666666666666668,78.33333333333333,0.0,1.6,1942,104.39935893754975
2640.0,25.609756097560975,74.39024390243902,0.0,1.64,2028,115.49933143355562
2920.0,26.881720430107528,73.11827956989248,0.0,1.86,2136,125.80698509687858
3200.0,27.814569536423843,72.18543046357615,0.0,2.013333333333333,2267,136.5342755592755
3480.0,33.19672131147541,66.80327868852459,0.0,1.6266666666666667,2403,145.89283603193786
3760.0,29.277566539923953,70.72243346007605,0.0,1.7533333333333334,2507,153.79955551027885
4040.0,28.1786941580756,71.8213058419244,0.0,1.94,2646,162.46696049455272
4320.0,30.036630036630036,69.96336996336996,0.0,1.82,2738,171.1418406114821
4600.0,31.349206349206348,68.65079365079364,0.0,1.68,2926,178.29571469500638
4880.0,30.115830115830114,69.88416988416988,0.0,1.7266666666666666,3080,185.49931046160827
5160.0,31.54121863799283,68.45878136200717,0.0,1.86,3217,191.82992594143164
5440.0,37.45704467353952,62.54295532646048,0.0,1.94,3267,198.1148471997193
5720.0,38.628158844765345,61.371841155234655,0.0,1.8466666666666667,3421,204.66694401955755
6000.0,34.4,65.6,0.0,1.6666666666666667,3563,210.2426135706613
6280.0,31.57894736842105,68.42105263157895,0.0,1.7733333333333334,3651,215.6281392192692
6560.0,37.81818181818182,62.18181818181818,0.0,1.8333333333333333,3742,220.1433555357905
6840.0,34.93975903614458,65.06024096385542,0.0,1.66,3858,225.0764457838968
7120.0,42.29390681003584,57.70609318996416,0.0,1.86,3951,229.4533596128529
7400.0,36.70411985018727,63.29588014981273,0.0,1.78,4032,233.47555751959578
7680.0,37.64705882352941,62.35294117647059,0.0,1.7,4201,237.26647274489875
7960.0,45.018450184501845,54.981549815498155,0.0,1.8066666666666666,4258,240.94548641207479
8240.0,45.848375451263536,54.151624548736464,0.0,1.8466666666666667,4373,244.5632577492273
8520.0,38.745387453874535,61.254612546125465,0.0,1.8066666666666666,4414,247.59730559772981
8800.0,40.86021505376344,59.13978494623656,0.0,1.86,4443,251.19034377518116
9080.0,44.85981308411215,55.14018691588785,0.0,2.14,4559,254.88120127314266
9360.0,48.43205574912892,51.56794425087108,0.0,1.9133333333333333,4674,258.336061628555
9640.0,45.86466165413534,54.13533834586466,0.0,1.7733333333333334,4793,261.83844461036614
9920.0,48.63013698630137,51.36986301369863,0.0,1.9466666666666668,4923,264.89633190844586
10200.0,45.486111111111114,54.513888888888886,0.0,1.92,5041,268.1916848077164
10480.0,49.64028776978417,50.35971223021583,0.0,1.8533333333333333,5176,271.8098987351876
10760.0,48.028673835125446,51.971326164874554,0.0,1.86,5318,275.65883981443795
11040.0,47.95539033457249,52.04460966542751,0.0,1.7933333333333332,5525,279.1942705541092
11320.0,55.319148936170215,44.680851063829785,0.0,1.88,5742,282.5419717775011
11600.0,56.82656826568266,43.17343173431734,0.0,1.8066666666666666,5928,285.9158534147619
11880.0,58.8235294117647,41.1764705882353,0.0,1.9266666666666667,6125,288.8909106721971
12160.0,59.375,40.625,0.0,1.92,6285,291.8826466605992
12440.0,62.32876712328767,37.67123287671233,0.0,1.9466666666666668,6433,294.77706977757134
12720.0,57.09342560553633,42.90657439446367,0.0,1.9266666666666667,6543,297.6616893983363
13000.0,57.09342560553633,42.90657439446367,0.0,1.9266666666666667,6661,300.1379235018021
13280.0,55.821917808219176,44.178082191780824,0.0,1.9466666666666668,6753,302.1293878116715
13560.0,60.44776119402985,39.55223880597015,0.0,1.7866666666666666,6859,304.1955729207855
13840.0,62.41610738255034,37.58389261744966,0.0,1.9866666666666666,7006,305.6448917796328
14120.0,59.0,41.0,0.0,2.0,7091,307.9239516571888
14400.0,60.689655172413794,39.310344827586206,0.0,1.9333333333333333,7158,309.6215411821535
14680.0,63.6986301369863,36.3013698630137,0.0,1.9466666666666668,7197,310.9636721738817
14960.0,62.72401433691756,37.27598566308244,0.0,1.86,7250,312.2838281509164
15240.0,66.36904761904762,33.63095238095238,0.0,2.24,7249,313.2085148846796
15520.0,64.53900709219859,35.46099290780142,0.0,1.88,7327,314.99872553106115
15800.0,64.55696202531645,35.44303797468354,0.0,2.1066666666666665,7387,316.56795354295303
16080.0,67.76315789473684,32.23684210526316,0.0,2.026666666666667,7477,318.238506728644
16360.0,66.07773851590106,33.92226148409894,0.0,1.8866666666666667,7537,319.4835176465283
16640.0,64.375,35.625,0.0,2.1333333333333333,7574,320.96277212316204
16920.0,66.07142857142857,33.92857142857143,0.0,1.8666666666666667,7626,322.58299261897196
17200.0,67.45762711864407,32.54237288135593,0.0,1.9666666666666666,7675,323.32505406144423
17480.0,67.96116504854369,32.03883495145631,0.0,2.06,7687,324.8240238241798
17760.0,63.60294117647059,36.39705882352941,0.0,1.8133333333333332,7731,326.89229414953047
18040.0,65.15679442508711,34.84320557491289,0.0,1.9133333333333333,7786,328.1712643671614
18320.0,65.95744680851064,34.04255319148936,0.0,1.88,7805,328.8961398435238
18600.0,62.950819672131146,37.049180327868854,0.0,2.033333333333333,7842,329.28849822876623
18880.0,65.08474576271186,34.91525423728814,0.0,1.9666666666666666,7858,330.06968217345917
19160.0,67.52767527675277,32.47232472324723,0.0,1.8066666666666666,7911,331.0432156775641
19440.0,66.89655172413794,33.10344827586207,0.0,1.9333333333333333,7952,331.6896506877845
19720.0,61.16838487972509,38.83161512027491,0.0,1.94,7957,332.42720849100743
20000.0,70.7936507936508,29.206349206349206,0.0,2.1,7969,333.21631352208584
20280.0,68.86792452830188,31.132075471698112,0.0,2.12,8012,334.4394105687383
20560.0,67.94425087108014,32.055749128919864,0.0,1.9133333333333333,8046,335.18954482584945
20840.0,71.91358024691358,28.08641975308642,0.0,2.16,8078,335.4011985445953
21120.0,68.46846846846847,31.53153153153153,0.0,2.22,8076,335.938994136062
21400.0,72.02572347266882,27.974276527331188,0.0,2.0733333333333333,8080,336.91223751688005
21680.0,70.58823529411765,29.41176470588235,0.0,1.9266666666666667,8132,336.98377323967475
21960.0,66.11842105263158,33.88157894736842,0.0,2.026666666666667,8115,337.8595859202077
22240.0,67.94871794871794,32.05128205128205,0.0,2.08,8085,338.66935350486176
22520.0,63.10679611650485,36.89320388349515,0.0,2.06,8117,339.3673630401116
22800.0,72.43816254416961,27.56183745583039,0.0,1.8866666666666667,8110,339.5642359250399
23080.0,71.1864406779661,28.8135593220339,0.0,1.9666666666666666,8179,340.24959234733234
23360.0,68.32298136645963,31.677018633540374,0.0,2.1466666666666665,8184,340.2723751388714
23640.0,73.37461300309597,26.625386996904023,0.0,2.1533333333333333,8205,340.3582275297996
23920.0,63.17567567567568,36.82432432432432,0.0,1.9733333333333334,8134,340.31283762126475
24200.0,67.01388888888889,32.986111111111114,0.0,1.92,8057,340.9294357382376
24480.0,68.02507836990596,31.974921630094045,0.0,2.1266666666666665,7985,340.9115730440043
24760.0,71.60883280757098,28.391167192429023,0.0,2.1133333333333333,7986,340.75851759774196
25040.0,67.66666666666667,32.333333333333336,0.0,2.0,7958,341.0682187312961
25320.0,64.91803278688525,35.08196721311475,0.0,2.033333333333333,7900,341.4218503530917
25600.0,65.77181208053692,34.22818791946309,0.0,1.9866666666666666,7935,341.79021139055544
25880.0,69.96699669966996,30.033003300330034,0.0,2.02,7926,342.1853917977914
26160.0,65.98639455782313,34.01360544217687,0.0,1.96,7983,342.46912534168234
26440.0,70.06369426751593,29.936305732484076,0.0,2.0933333333333333,7921,342.484483210586
26720.0,65.92356687898089,34.07643312101911,0.0,2.0933333333333333,7937,342.9493938722341
27000.0,71.71717171717172,28.282828282828284,0.0,1.98,7953,343.5083106968649
27280.0,65.82278481012658,34.177215189873415,0.0,2.1066666666666665,7960,343.55956778083885
27560.0,69.36026936026936,30.63973063973064,0.0,1.98,8004,343.8774939599684
27840.0,71.875,28.125,0.0,1.92,7992,344.20715087799437
28120.0,69.38110749185668,30.618892508143322,0.0,2.046666666666667,7952,343.9642469010476
28400.0,68.77076411960132,31.229235880398672,0.0,2.006666666666667,7907,343.83681520632376
28680.0,65.52901023890784,34.47098976109215,0.0,1.9533333333333334,7849,343.76295972249994
28960.0,62.1160409556314,37.8839590443686,0.0,1.9533333333333334,7817,344.0667920311791
29240.0,64.33566433566433,35.66433566433567,0.0,1.9066666666666667,7810,344.2647159965169
29520.0,62.98701298701299,37.01298701298701,0.0,2.0533333333333332,7848,344.3352382236514
29800.0,64.16382252559727,35.83617747440273,0.0,1.9533333333333334,7898,344.84643807685904
30080.0,69.8360655737705,30.16393442622951,0.0,2.033333333333333,7924,345.6251780106797
30360.0,63.89776357827476,36.10223642172524,0.0,2.0866666666666664,7903,346.09961413762886
30640.0,72.20216606498195,27.79783393501805,0.0,1.8466666666666667,7918,346.306092394358
30920.0,68.83561643835617,31.164383561643834,0.0,1.9466666666666668,7870,346.6757487288454
31200.0,62.90909090909091,37.09090909090909,0.0,1.8333333333333333,7877,346.96309492503815
31480.0,65.58441558441558,34.41558441558441,0.0,2.0533333333333332,7956,347.4671125268901
31760.0,67.19242902208202,32.80757097791798,0.0,2.1133333333333333,7980,347.3869934285262
32040.0,68.45878136200717,31.54121863799283,0.0,1.86,7947,347.5703019430706
32320.0,67.3076923076923,32.69230769230769,0.0,2.08,7987,347.86612397250775
32600.0,71.42857142857143,28.571428571428573,0.0,2.0533333333333332,7922,348.03937461468144
32880.0,67.76315789473684,32.23684210526316,0.0,2.026666666666667,7894,348.21852262025646
33160.0,70.7165109034268,29.28348909657321,0.0,2.14,7931,348.8072120444082
33440.0,70.38216560509554,29.61783439490446,0.0,2.0933333333333333,7885,349.39557617435906
33720.0,66.03174603174604,33.96825396825397,0.0,2.1,7893,349.37359389466064
34000.0,66.89895470383276,33.10104529616725,0.0,1.9133333333333333,7898,349.4013765846783
34280.0,67.54966887417218,32.450331125827816,0.0,2.013333333333333,7882,349.2381525069425
34560.0,65.86206896551724,34.13793103448276,0.0,1.9333333333333333,7821,349.2384800512757
34840.0,69.44444444444444,30.555555555555557,0.0,1.92,7773,349.05627088140267
35120.0,69.23076923076923,30.76923076923077,0.0,2.08,7737,348.81392809372863
35400.0,60.738255033557046,39.261744966442954,0.0,1.9866666666666666,7747,348.92880279237846
35680.0,62.67123287671233,37.32876712328767,0.0,1.9466666666666668,7790,348.69902906872153
35960.0,69.06474820143885,30.93525179856115,0.0,1.8533333333333333,7788,348.8391250336841
36240.0,64.85507246376811,35.14492753623188,0.0,1.84,7820,349.41790282638635
36520.0,70.18867924528301,29.81132075471698,0.0,1.7666666666666666,7821,349.7167305630532
36800.0,64.90066225165563,35.09933774834437,0.0,2.013333333333333,7810,350.3716689968342
37080.0,66.90391459074733,33.096085409252666,0.0,1.8733333333333333,7869,350.32879275469475
37360.0,69.23076923076923,30.76923076923077,0.0,1.82,7849,350.5138897486907
37640.0,69.36026936026936,30.63973063973064,0.0,1.98,7859,350.61142832164677
37920.0,65.48042704626334,34.519572953736656,0.0,1.8733333333333333,7926,351.0393385553126
38200.0,69.83050847457628,30.16949152542373,0.0,1.9666666666666666,7950,351.1955230077966
38480.0,63.96103896103896,36.03896103896104,0.0,2.0533333333333332,7904,351.42983885893705
38760.0,72.31833910034602,27.68166089965398,0.0,1.9266666666666667,7914,351.4907909212709
39040.0,67.01388888888889,32.986111111111114,0.0,1.92,7933,351.81168408515833
39320.0,67.95366795366796,32.04633204633205,0.0,1.7266666666666666,7878,351.8178336951255
39600.0,70.79037800687286,29.209621993127147,0.0,1.94,7911,351.6460886831623
39880.0,68.62745098039215,31.372549019607842,0.0,2.04,7826,351.32526148942566
40160.0,66.12244897959184,33.87755102040816,0.0,1.6333333333333333,7819,351.6689836105643
40440.0,66.66666666666667,33.333333333333336,0.0,1.96,7850,351.3675985394137
40720.0,75.8364312267658,24.1635687732342,0.0,1.7933333333333332,7848,351.5245713347214
41000.0,67.52411575562701,32.47588424437299,0.0,2.0733333333333333,7862,352.308888520226
41280.0,66.99029126213593,33.00970873786408,0.0,2.06,7844,352.06226196817266
41560.0,66.89419795221843,33.10580204778157,0.0,1.9533333333333334,7881,351.9527807710309
41840.0,71.47540983606558,28.524590163934427,0.0,2.033333333333333,7889,351.8940283699925
42120.0,66.45161290322581,33.54838709677419,0.0,2.066666666666667,7897,351.8380227452176
42400.0,67.97583081570997,32.02416918429003,0.0,2.2066666666666666,7846,351.77858828676125
42680.0,62.10526315789474,37.89473684210526,0.0,1.9,7861,351.8458768430348
42960.0,64.91803278688525,35.08196721311475,0.0,2.033333333333333,7858,352.28497236842
43240.0,71.82662538699691,28.173374613003094,0.0,2.1533333333333333,7858,352.49887762687695
43520.0,71.2280701754386,28.771929824561404,0.0,1.9,7917,352.7722893173588
43800.0,68.97810218978103,31.021897810218977,0.0,1.8266666666666667,7927,352.950850778817
44080.0,64.76868327402136,35.23131672597865,0.0,1.8733333333333333,7908,352.70675253661483
44360.0,69.44444444444444,30.555555555555557,0.0,2.16,7892,352.5788214513058
44640.0,66.56346749226006,33.43653250773994,0.0,2.1533333333333333,7888,352.22332847840016
44920.0,65.90163934426229,34.09836065573771,0.0,2.033333333333333,7818,351.95269885439416
45200.0,68.52459016393442,31.475409836065573,0.0,2.033333333333333,7735,352.0618199199302
45480.0,64.50511945392492,35.49488054607509,0.0,1.9533333333333334,7759,351.9238149418043
45760.0,66.77852348993288,33.22147651006711,0.0,1.9866666666666666,7717,351.8861739402317
46040.0,71.90635451505017,28.093645484949832,0.0,1.9933333333333334,7749,352.2148398997295
46320.0,68.77323420074349,31.226765799256505,0.0,1.7933333333333332,7769,351.9919251779598
46600.0,69.42446043165468,30.575539568345324,0.0,1.8533333333333333,7747,352.0847086281801
46880.0,63.667820069204154,36.332179930795846,0.0,1.9266666666666667,7750,352.0282733591573
47160.0,64.40677966101696,35.59322033898305,0.0,1.9666666666666666,7728,351.87887611990107
47440.0,70.24221453287197,29.757785467128027,0.0,1.9266666666666667,7810,352.3309149711469
47720.0,71.8213058419244,28.1786941580756,0.0,1.94,7813,352.9644309889553
48000.0,70.17543859649123,29.82456140350877,0.0,1.9,7842,353.28517098103316
48280.0,65.11627906976744,34.883720930232556,0.0,1.72,7858,353.7813529398806
48560.0,67.02508960573476,32.97491039426523,0.0,1.86,7881,354.1585260557107
48840.0,66.20689655172414,33.793103448275865,0.0,1.9333333333333333,7859,354.0086782760679
49120.0,69.12280701754386,30.87719298245614,0.0,1.9,7968,353.984505736717
49400.0,67.97385620915033,32.02614379084967,0.0,2.04,7993,354.01026931693565
49680.0,69.38110749185668,30.618892508143322,0.0,2.046666666666667,7945,353.89534926149787
49960.0,70.86330935251799,29.136690647482013,0.0,1.8533333333333333,7977,354.2192232919109
50240.0,70.94594594594595,29.054054054054053,0.0,1.9733333333333334,7979,354.7169552513679
50520.0,63.758389261744966,36.241610738255034,0.0,1.9866666666666666,8031,354.7811532330345
50800.0,68.66666666666667,31.333333333333332,0.0,2.0,8055,354.6275138773156
51080.0,68.78980891719745,31.21019108280255,0.0,2.0933333333333333,8028,354.8995274365405
51360.0,69.50819672131148,30.491803278688526,0.0,2.033333333333333,7989,354.4497232691689
51640.0,67.29323308270676,32.70676691729323,0.0,1.7733333333333334,7970,354.90173993841466
51920.0,68.08510638297872,31.914893617021278,0.0,1.88,8008,355.04035393142016
52200.0,69.76744186046511,30.232558139534884,0.0,2.006666666666667,8043,355.05097038449514
52480.0,68.38709677419355,31.612903225806452,0.0,2.066666666666667,7999,355.01700949041714
52760.0,71.8562874251497,28.143712574850298,0.0,2.2266666666666666,8015,354.7006513778783
53040.0,66.02564102564102,33.97435897435897,0.0,2.08,8040,354.76888505807375
53320.0,70.58823529411765,29.41176470588235,0.0,1.9266666666666667,7988,354.69501952223914
53600.0,66.3003663003663,33.6996336996337,0.0,1.82,8011,354.56543535185057
53880.0,67.67676767676768,32.323232323232325,0.0,1.98,7973,354.8539923790573
54160.0,70.13888888888889,29.86111111111111,0.0,1.92,7948,354.9650427720267
54440.0,66.43598615916954,33.56401384083045,0.0,1.9266666666666667,7938,355.1369348759697
54720.0,67.55852842809365,32.441471571906355,0.0,1.9933333333333334,7945,354.95501827397777
55000.0,69.46308724832215,30.536912751677853,0.0,1.9866666666666666,7969,355.1317991642067
55280.0,66.54804270462634,33.45195729537367,0.0,1.8733333333333333,7932,354.580266584401
55560.0,70.24221453287197,29.757785467128027,0.0,1.9266666666666667,7918,354.17158967517867
55840.0,73.14487632508833,26.85512367491166,0.0,1.8866666666666667,7892,354.2491406073505
56120.0,70.06369426751593,29.936305732484076,0.0,2.0933333333333333,7910,354.5913528358614
56400.0,67.98679867986799,32.01320132013201,0.0,2.02,7951,354.4384230186206
56680.0,65.48042704626334,34.519572953736656,0.0,1.8733333333333333,7954,354.3321301804177
56960.0,70.54794520547945,29.45205479452055,0.0,1.9466666666666668,7935,354.63400777679624
57240.0,66.5615141955836,33.4384858044164,0.0,2.1133333333333333,7867,354.56818383489775
57520.0,63.12292358803987,36.87707641196013,0.0,2.006666666666667,7898,354.728507470426
57800.0,67.7115987460815,32.288401253918494,0.0,2.1266666666666665,7932,354.7981341771284
58080.0,69.73180076628353,30.268199233716476,0.0,1.74,7911,354.8119463149998
58360.0,70.13888888888889,29.86111111111111,0.0,1.92,7976,355.047910320191
58640.0,64.82758620689656,35.172413793103445,0.0,1.9333333333333333,8000,355.32365192690503
58920.0,75.55555555555556,24.444444444444443,0.0,2.1,7969,355.5478693986013
59200.0,64.8936170212766,35.1063829787234,0.0,1.88,8028,355.866036369155
59480.0,67.36111111111111,32.638888888888886,0.0,1.92,8014,355.86600530472003
59760.0,65.35714285714286,34.642857142857146,0.0,1.8666666666666667,8001,356.2778289260196
60040.0,68.5121107266436,31.4878892733564,0.0,1.9266666666666667,8009,356.3206349689891
60320.0,64.51612903225806,35.483870967741936,0.0,1.86,8058,356.55127603067183
60600.0,69.09722222222223,30.90277777777778,0.0,1.92,8102,356.55100922094425
60880.0,68.91891891891892,31.08108108108108,0.0,1.9733333333333334,8135,356.62315104466444
61160.0,68.38487972508591,31.61512027491409,0.0,1.94,8150,356.18542414089626
61440.0,65.9090909090909,34.09090909090909,0.0,1.76,8132,356.82487498039393
61720.0,69.83050847457628,30.16949152542373,0.0,1.9666666666666666,8137,357.11331675329546
62000.0,64.47368421052632,35.526315789473685,0.0,2.026666666666667,8129,357.2873505285901
62280.0,68.34532374100719,31.654676258992804,0.0,1.8533333333333333,8180,357.06211413412086
62560.0,68.83561643835617,31.164383561643834,0.0,1.9466666666666668,8188,357.4481501382656
62840.0,68.87417218543047,31.125827814569536,0.0,2.013333333333333,8250,357.76291617653317
63120.0,70.12987012987013,29.87012987012987,0.0,2.0533333333333332,8250,357.568010878797
63400.0,68.75,31.25,0.0,1.92,8236,357.7907684747335
63680.0,69.28104575163398,30.718954248366014,0.0,2.04,8292,357.89145875340563
63960.0,66.89655172413794,33.10344827586207,0.0,1.9333333333333333,8295,357.9743715452902
64240.0,70.60931899641577,29.39068100358423,0.0,1.86,8354,358.26176179172177
64520.0,70.66666666666667,29.333333333333332,0.0,2.0,8349,358.48441039844386
64800.0,71.1038961038961,28.896103896103895,0.0,2.0533333333333332,8319,358.267508849481
65080.0,67.74193548387096,32.25806451612903,0.0,2.066666666666667,8292,358.4774833626186
65360.0,72.51655629139073,27.483443708609272,0.0,2.013333333333333,8287,358.6041225067038
65640.0,66.56441717791411,33.43558282208589,0.0,2.1733333333333333,8368,358.7676852998299
65920.0,72.03647416413374,27.96352583586626,0.0,2.1933333333333334,8358,358.7453813107337
66200.0,69.56521739130434,30.434782608695652,0.0,1.9933333333333334,8436,359.1662120764035
66480.0,69.20289855072464,30.797101449275363,0.0,1.84,8379,359.0825173038903
66760.0,67.0,33.0,0.0,2.0,8408,359.43431607986344
67040.0,74.20382165605096,25.796178343949045,0.0,2.0933333333333333,8409,359.5897431467298
67320.0,71.23287671232876,28.767123287671232,0.0,1.9466666666666668,8392,359.67444877655146
67600.0,68.52459016393442,31.475409836065573,0.0,2.033333333333333,8471,359.85938908388107
67880.0,73.89830508474576,26.10169491525424,0.0,1.9666666666666666,8415,359.8411190368101
68160.0,69.54887218045113,30.451127819548873,0.0,1.7733333333333334,8379,359.7143866361593
68440.0,70.07042253521126,29.929577464788732,0.0,1.8933333333333333,8372,359.942394858357
68720.0,67.24738675958189,32.75261324041812,0.0,1.9133333333333333,8388,360.1635541446955
69000.0,72.14765100671141,27.85234899328859,0.0,1.9866666666666666,8344,359.97770319856056
69280.0,69.83050847457628,30.16949152542373,0.0,1.9666666666666666,8312,359.52794441094824
69560.0,68.47133757961784,31.528662420382165,0.0,2.0933333333333333,8334,359.74956195587396
69840.0,67.95774647887323,32.04225352112676,0.0,1.8933333333333333,8342,359.66660337376624
70120.0,70.31802120141343,29.681978798586574,0.0,1.8866666666666667,8343,359.64808454895945
70400.0,74.6268656716418,25.37313432835821,0.0,1.7866666666666666,8417,359.62146634256845
70680.0,68.58006042296073,31.419939577039276,0.0,2.2066666666666666,8420,359.8756108750283
70960.0,70.73954983922829,29.260450160771704,0.0,2.0733333333333333,8398,360.1850549233157
71240.0,71.86311787072243,28.136882129277566,0.0,1.7533333333333334,8414,360.6484834549818
71520.0,68.58974358974359,31.41025641025641,0.0,2.08,8397,360.86488003482975
71800.0,66.14420062695925,33.85579937304075,0.0,2.1266666666666665,8433,360.7033688161543
72080.0,64.04109589041096,35.95890410958904,0.0,1.9466666666666668,8380,360.8411762740282
72360.0,72.16494845360825,27.835051546391753,0.0,1.94,8409,361.03282734197177
72640.0,71.98795180722891,28.012048192771083,0.0,2.2133333333333334,8495,361.2374124365178
72920.0,64.28571428571429,35.714285714285715,0.0,1.8666666666666667,8512,361.3016753102958
73200.0,70.31802120141343,29.681978798586574,0.0,1.8866666666666667,8560,361.50330546904934
73480.0,74.49664429530202,25.503355704697988,0.0,1.9866666666666666,8610,361.9955721318946
73760.0,74.22680412371135,25.77319587628866,0.0,1.94,8589,362.149247774657
74040.0,71.47435897435898,28.525641025641026,0.0,2.08,8630,362.48416754081006
74320.0,69.86754966887418,30.132450331125828,0.0,2.013333333333333,8593,362.60305133684864
74600.0,73.06397306397307,26.936026936026938,0.0,1.98,8642,362.61698062417764
74880.0,71.93548387096774,28.06451612903226,0.0,2.066666666666667,8660,362.7559414028413
75160.0,75.58528428093645,24.414715719063544,0.0,1.9933333333333334,8664,362.99548118003906
75440.0,73.0,27.0,0.0,2.0,8703,363.0760987454059
75720.0,76.0,24.0,0.0,2.0,8710,362.9511898407927
76000.0,69.7841726618705,30.215827338129497,0.0,1.8533333333333333,8666,363.30175271179087
76280.0,65.0,35.0,0.0,1.7333333333333334,8723,363.6353300243449
76560.0,69.3950177935943,30.604982206405694,0.0,1.8733333333333333,8744,363.55877102833324
76840.0,73.77049180327869,26.229508196721312,0.0,2.033333333333333,8784,363.0882010218687
77120.0,70.27027027027027,29.72972972972973,0.0,1.9733333333333334,8798,363.31869419980933
77400.0,79.5221843003413,20.477815699658702,0.0,1.9533333333333334,8745,363.23808689532615
77680.0,72.94520547945206,27.054794520547944,0.0,1.9466666666666668,8740,363.52097887779354
77960.0,71.52317880794702,28.47682119205298,0.0,2.013333333333333,8785,363.5774859845206
78240.0,75.98684210526316,24.013157894736842,0.0,2.026666666666667,8829,363.5502363834517
78520.0,73.61111111111111,26.38888888888889,0.0,1.92,8869,363.83634681537364
78800.0,73.02631578947368,26.973684210526315,0.0,2.026666666666667,8895,363.6858099432143
79080.0,74.29577464788733,25.704225352112676,0.0,1.8933333333333333,8930,363.65602447398135
79360.0,71.57534246575342,28.424657534246574,0.0,1.9466666666666668,8888,363.7735596058836
79640.0,74.29467084639498,25.705329153605014,0.0,2.1266666666666665,8861,363.6760819423653
79920.0,71.27659574468085,28.72340425531915,0.0,1.88,8857,363.6299353505826
80200.0,72.20216606498195,27.79783393501805,0.0,1.8466666666666667,8831,364.1114078349401
80480.0,71.7687074829932,28.231292517006803,0.0,1.96,8864,363.97801434352664
80760.0,71.70418006430869,28.29581993569132,0.0,2.0733333333333333,8878,364.0566959554293
81040.0,73.7012987012987,26.2987012987013,0.0,2.0533333333333332,8888,363.9729038296941
81320.0,75.3125,24.6875,0.0,2.1333333333333333,8838,363.96947146441227
81600.0,75.9075907590759,24.09240924092409,0.0,2.02,8905,363.9455479794666
81880.0,72.12543554006969,27.874564459930312,0.0,1.9133333333333333,8920,363.8425791761246
82160.0,74.23728813559322,25.76271186440678,0.0,1.9666666666666666,8887,364.43141441053416
82440.0,74.61773700305811,25.382262996941897,0.0,2.18,8949,364.8368902772708
82720.0,74.91638795986623,25.08361204013378,0.0,1.9933333333333334,8900,364.25976905750684
83000.0,69.36026936026936,30.63973063973064,0.0,1.98,8923,363.97851642717416
83280.0,73.37662337662337,26.623376623376622,0.0,2.0533333333333332,8950,364.04501346847303
83560.0,71.01910828025478,28.980891719745223,0.0,2.0933333333333333,8837,363.51719441923274
83840.0,75.42087542087542,24.579124579124578,0.0,1.98,8855,363.6571779951215
84120.0,72.45901639344262,27.540983606557376,0.0,2.033333333333333,8825,363.2999669480429
84400.0,73.52941176470588,26.470588235294116,0.0,2.04,8855,363.88013599682057
84680.0,75.82781456953643,24.172185430463575,0.0,2.013333333333333,8888,363.7946822368557
84960.0,73.89830508474576,26.10169491525424,0.0,1.9666666666666666,8838,364.07161448995794
85240.0,70.40816326530613,29.591836734693878,0.0,1.96,8862,364.1027717233706
85520.0,71.6923076923077,28.307692307692307,0.0,2.1666666666666665,8843,363.8025633691457
85800.0,73.63013698630137,26.36986301369863,0.0,1.9466666666666668,8834,363.5701514272823
86080.0,73.96825396825396,26.03174603174603,0.0,2.1,8881,364.00601825219127
86360.0,74.84276729559748,25.157232704402517,0.0,2.12,8895,364.17981184705536
86640.0,72.40143369175627,27.59856630824373,0.0,1.86,8908,364.34284182736627
86920.0,77.5811209439528,22.4188790560472,0.0,2.26,8931,364.3889127540799
87200.0,72.39057239057239,27.60942760942761,0.0,1.98,8898,364.5815089884625
87480.0,71.32616487455198,28.67383512544803,0.0,1.86,8886,364.0159412260169
87760.0,69.20289855072464,30.797101449275363,0.0,1.84,8835,363.75459682384184
88040.0,74.92260061919505,25.077399380804952,0.0,2.1533333333333333,8891,363.535699019577
88320.0,72.0,28.0,0.0,2.1666666666666665,8859,363.1396312299634
88600.0,75.9075907590759,24.09240924092409,0.0,2.02,8851,363.70636632727815
88880.0,71.42857142857143,28.571428571428573,0.0,1.9133333333333333,8842,363.16503184889933
89160.0,70.87378640776699,29.12621359223301,0.0,2.06,8814,362.5159631796241
89440.0,69.79166666666667,30.208333333333332,0.0,1.92,8744,361.7260246411314
89720.0,66.66666666666667,33.333333333333336,0.0,2.02,8716,361.81874548240097
90000.0,69.20529801324503,30.794701986754966,0.0,2.013333333333333,8684,361.4654047308511
90280.0,69.81132075471699,30.18867924528302,0.0,2.12,8707,361.326905347195
90560.0,68.95424836601308,31.045751633986928,0.0,2.04,8722,361.6278264070196
90840.0,75.61837455830388,24.381625441696112,0.0,1.8866666666666667,8778,361.66690558890247
91120.0,78.78787878787878,21.21212121212121,0.0,1.98,8726,361.70032410777196
91400.0,68.92857142857143,31.071428571428573,0.0,1.8666666666666667,8692,361.16405040488314
91680.0,68.5121107266436,31.4878892733564,0.0,1.9266666666666667,8677,361.52929789308575
91960.0,68.40277777777777,31.59722222222222,0.0,1.92,8640,360.68827932835075
92240.0,73.79310344827586,26.20689655172414,0.0,1.9333333333333333,8699,360.8789955908578
92520.0,70.83333333333333,29.166666666666668,0.0,1.92,8665,360.4308094440849
92800.0,66.77966101694915,33.220338983050844,0.0,1.9666666666666666,8639,360.15619642528463
93080.0,70.31802120141343,29.681978798586574,0.0,1.8866666666666667,8591,360.18787068292045
93360.0,72.02797202797203,27.972027972027973,0.0,1.9066666666666667,8613,360.4491819679816
93640.0,72.58064516129032,27.419354838709676,0.0,2.066666666666667,8642,360.6036849680079
93920.0,71.14093959731544,28.859060402684563,0.0,1.9866666666666666,8682,360.26134028843506
94200.0,73.44827586206897,26.551724137931036,0.0,1.9333333333333333,8648,359.74257369777155
94480.0,67.4342105263158,32.56578947368421,0.0,2.026666666666667,8589,359.68936390179914
94760.0,71.8543046357616,28.14569536423841,0.0,2.013333333333333,8573,359.73796738551977
95040.0,65.97633136094674,34.023668639053255,0.0,2.2533333333333334,8533,359.5675005145482
95320.0,64.28571428571429,35.714285714285715,0.0,2.1466666666666665,8507,359.3927558505265
95600.0,75.35211267605634,24.64788732394366,0.0,1.8933333333333333,8549,359.2969937981613
95880.0,67.97385620915033,32.02614379084967,0.0,2.04,8548,358.97401814368305
96160.0,67.11864406779661,32.88135593220339,0.0,1.9666666666666666,8495,358.7999971168753
96440.0,72.32472324723247,27.675276752767527,0.0,1.8066666666666666,8493,358.7863572317864
96720.0,72.52396166134186,27.476038338658146,0.0,2.0866666666666664,8476,358.9173224647862
97000.0,72.69736842105263,27.30263157894737,0.0,2.026666666666667,8540,359.21123041706494
97280.0,73.04075235109718,26.95924764890282,0.0,2.1266666666666665,8585,359.1640327959027
97560.0,69.96466431095406,30.035335689045937,0.0,1.8866666666666667,8619,359.81461669757215
97840.0,73.35640138408304,26.643598615916954,0.0,1.9266666666666667,8683,359.9254353187989
98120.0,73.7012987012987,26.2987012987013,0.0,2.0533333333333332,8703,359.91622552674147
98400.0,65.98639455782313,34.01360544217687,0.0,1.96,8686,360.0300384283746
98680.0,69.1029900332226,30.897009966777407,0.0,2.006666666666667,8733,360.483037440079
98960.0,72.26027397260275,27.73972602739726,0.0,1.9466666666666668,8769,360.3836283775163
99240.0,76.38888888888889,23.61111111111111,0.0,1.92,8749,360.51469369160213
99520.0,73.0909090909091,26.90909090909091,0.0,1.8333333333333333,8784,360.4512346033901
99800.0,70.44673539518901,29.553264604810998,0.0,1.94,8800,360.62395299737636
100080.0,70.09646302250803,29.90353697749196,0.0,2.0733333333333333,8797,361.26226709537946
100360.0,69.0625,30.9375,0.0,2.1333333333333333,8853,361.3606708401906
100640.0,74.8407643312102,25.159235668789808,0.0,2.0933333333333333,8814,361.44933362200726
100920.0,76.37540453074433,23.624595469255663,0.0,2.06,8856,361.45976632775256
101200.0,74.5928338762215,25.407166123778502,0.0,2.046666666666667,8925,361.5270056658974
101480.0,72.33333333333333,27.666666666666668,0.0,2.0,8890,360.97576592214676
101760.0,72.94520547945206,27.054794520547944,0.0,1.9466666666666668,8855,360.75269408260095
102040.0,71.05263157894737,28.94736842105263,0.0,2.28,8788,360.3743898152134
102320.0,74.02597402597402,25.974025974025974,0.0,2.0533333333333332,8769,360.33609499247314
102600.0,71.0801393728223,28.9198606271777,0.0,1.9133333333333333,8830,360.2715068989201
102880.0,74.34210526315789,25.657894736842106,0.0,2.026666666666667,8816,360.04150523251167
103160.0,67.08463949843261,32.9153605015674,0.0,2.1266666666666665,8811,360.08906655823614
103440.0,71.72413793103448,28.275862068965516,0.0,1.9333333333333333,8812,360.1298571067007
103720.0,73.48993288590604,26.51006711409396,0.0,1.9866666666666666,8807,359.7875364706978
104000.0,72.13622291021672,27.86377708978328,0.0,2.1533333333333333,8772,359.46008380070145
104280.0,66.92607003891051,33.0739299610895,0.0,1.7133333333333334,8790,359.8497066072529
104560.0,74.12587412587412,25.874125874125873,0.0,1.9066666666666667,8839,359.6375661353642
104840.0,69.02985074626865,30.970149253731343,0.0,1.7866666666666666,8856,359.6383228286245
105120.0,73.44827586206897,26.551724137931036,0.0,1.9333333333333333,8886,359.63014922309367
105400.0,70.96774193548387,29.032258064516128,0.0,2.066666666666667,8856,359.906470783476
105680.0,72.6962457337884,27.303754266211605,0.0,1.9533333333333334,8863,360.1074981191459
105960.0,73.07692307692308,26.923076923076923,0.0,1.9066666666666667,8850,360.0610328177578
106240.0,67.6470588235294,32.35294117647059,0.0,1.8133333333333332,8836,360.2052153852004
106520.0,72.63513513513513,27.364864864864863,0.0,1.9733333333333334,8937,360.2736806501188
106800.0,72.87581699346406,27.124183006535947,0.0,2.04,8907,360.21103611562233
107080.0,70.54794520547945,29.45205479452055,0.0,1.9466666666666668,8912,360.15409091184193
107360.0,70.85889570552148,29.141104294478527,0.0,2.1733333333333333,8853,360.3909556346051
107640.0,72.61146496815287,27.388535031847134,0.0,2.0933333333333333,8891,360.13347167072106
107920.0,71.14093959731544,28.859060402684563,0.0,1.9866666666666666,8888,359.8386084287411
108200.0,68.95522388059702,31.044776119402986,0.0,2.2333333333333334,8867,359.8127230789467
108480.0,73.66771159874608,26.33228840125392,0.0,2.1266666666666665,8846,359.89928175405186
108760.0,74.20494699646643,25.795053003533567,0.0,1.8866666666666667,8828,359.5877288409182
109040.0,72.0125786163522,27.9874213836478,0.0,2.12,8876,359.59725383221706
109320.0,69.57831325301204,30.42168674698795,0.0,2.2133333333333334,8854,359.74719861110833
109600.0,71.52777777777777,28.47222222222222,0.0,1.92,8841,359.57659497785494
109880.0,74.19354838709677,25.806451612903224,0.0,1.86,8858,359.40220751563857
110160.0,73.54838709677419,26.451612903225808,0.0,2.066666666666667,8817,359.20401705201266
110440.0,70.98765432098766,29.012345679012345,0.0,2.16,8800,358.9231376409213
110720.0,70.52980132450331,29.47019867549669,0.0,2.013333333333333,8756,358.64988717808734
111000.0,72.98245614035088,27.017543859649123,0.0,1.9,8733,358.3622705022339
111280.0,73.70242214532873,26.29757785467128,0.0,1.9266666666666667,8682,358.3987270009014
111560.0,73.48993288590604,26.51006711409396,0.0,1.9866666666666666,8693,358.32194819161987
111840.0,75.66666666666667,24.333333333333332,0.0,2.0,8705,358.4997681665481
112120.0,68.22742474916387,31.77257525083612,0.0,1.9933333333333334,8734,358.16019162556205
112400.0,72.10884353741497,27.891156462585034,0.0,1.96,8721,358.187677782335
112680.0,75.34246575342466,24.65753424657534,0.0,1.9466666666666668,8755,358.9204214615404
112960.0,70.31802120141343,29.681978798586574,0.0,1.8866666666666667,8778,359.03455400387764
113240.0,68.56187290969899,31.438127090301002,0.0,1.9933333333333334,8848,359.5665110418173
113520.0,75.51724137931035,24.482758620689655,0.0,1.9333333333333333,8935,359.3845264907774
113800.0,68.40277777777777,31.59722222222222,0.0,1.92,8956,359.5544222850592
114080.0,72.69736842105263,27.30263157894737,0.0,2.026666666666667,8940,359.56035163747555
114360.0,73.72013651877133,26.27986348122867,0.0,1.9533333333333334,8918,359.33005266250984
114640.0,68.16608996539793,31.833910034602077,0.0,1.9266666666666667,8937,359.62713548049396
114920.0,70.17543859649123,29.82456140350877,0.0,1.9,8964,359.52656865821154
115200.0,77.85714285714286,22.142857142857142,0.0,1.8666666666666667,8941,359.5715873746435
115480.0,76.45051194539249,23.549488054607508,0.0,1.9533333333333334,8985,359.8718322947697
115760.0,66.66666666666667,33.333333333333336,0.0,1.88,8948,359.5208016152721
116040.0,75.67567567567568,24.324324324324323,0.0,1.9733333333333334,8932,360.1083896226586
116320.0,73.58490566037736,26.41509433962264,0.0,2.12,8981,360.6185877801216
116600.0,76.89530685920577,23.104693140794225,0.0,1.8466666666666667,9013,360.4696119719627
116880.0,74.09836065573771,25.901639344262296,0.0,2.033333333333333,9077,360.3765975600492
117160.0,69.30379746835443,30.696202531645568,0.0,2.1066666666666665,9041,360.4019794738796
117440.0,70.07042253521126,29.929577464788732,0.0,1.8933333333333333,9062,360.6468395879743
117720.0,72.5609756097561,27.4390243902439,0.0,2.1866666666666665,9078,360.46841422126977
118000.0,75.37091988130564,24.62908011869436,0.0,2.2466666666666666,9072,360.72029739105864
118280.0,76.33333333333333,23.666666666666668,0.0,2.0,9126,360.64402998588093
118560.0,73.75415282392026,26.245847176079735,0.0,2.006666666666667,9098,360.35663595037744
118840.0,69.01408450704226,30.985915492957748,0.0,1.8933333333333333,9039,359.74464229005656
119120.0,76.73611111111111,23.26388888888889,0.0,1.92,8982,360.00170520094605
119400.0,72.26277372262774,27.73722627737226,0.0,1.8266666666666667,9036,359.83830617078706
119680.0,73.37883959044369,26.621160409556314,0.0,1.9533333333333334,8979,359.69363988951926
119960.0,71.9869706840391,28.01302931596091,0.0,2.046666666666667,8984,359.84640268779157
120240.0,71.71052631578948,28.289473684210527,0.0,2.026666666666667,9003,359.4387040280106
120520.0,73.48993288590604,26.51006711409396,0.0,1.9866666666666666,9019,359.49906436439363
120800.0,73.77622377622377,26.223776223776223,0.0,1.9066666666666667,9069,359.3439135146816
121080.0,78.18791946308725,21.812080536912752,0.0,1.9866666666666666,9072,359.16926768921473
121360.0,76.33333333333333,23.666666666666668,0.0,2.0,9026,359.22234419511193
121640.0,78.52348993288591,21.476510067114095,0.0,1.9866666666666666,8999,358.97029621036256
121920.0,74.0484429065744,25.951557093425606,0.0,1.9266666666666667,8970,359.01379727084367
122200.0,77.74086378737542,22.259136212624586,0.0,2.006666666666667,8988,358.72622162345806
122480.0,74.91408934707904,25.085910652920962,0.0,1.94,8971,358.55177013247317
122760.0,72.22222222222223,27.77777777777778,0.0,2.04,8986,358.66724344176663
123040.0,69.23076923076923,30.76923076923077,0.0,2.1666666666666665,8932,358.09153243770425
123320.0,72.36842105263158,27.63157894736842,0.0,2.026666666666667,8917,358.2328843463314
123600.0,73.2394366197183,26.760563380281692,0.0,1.8933333333333333,8900,358.4494890286316
123880.0,73.17073170731707,26.829268292682926,0.0,1.9133333333333333,8937,358.6146751163056
124160.0,75.34722222222223,24.65277777777778,0.0,1.92,8922,358.15205642081355
124440.0,75.64102564102564,24.358974358974358,0.0,2.08,8887,358.4221113614925
124720.0,74.55621301775147,25.443786982248522,0.0,2.2533333333333334,8887,358.8699458297256
125000.0,73.3108108108108,26.68918918918919,0.0,1.9733333333333334,8893,358.9769242502496
125280.0,70.64220183486239,29.357798165137616,0.0,2.18,8948,358.89616860240017
125560.0,72.27722772277228,27.722772277227723,0.0,2.02,8982,358.95200711656935
125840.0,69.41580756013745,30.584192439862544,0.0,1.94,8993,359.16131617052906
126120.0,73.59154929577464,26.408450704225352,0.0,1.8933333333333333,8974,358.79763686067855
126400.0,74.41077441077441,25.589225589225588,0.0,1.98,8877,358.66678131427005
126680.0,72.38493723849372,27.615062761506277,0.0,1.5933333333333333,8880,358.64692127628376
126960.0,71.59763313609467,28.402366863905325,0.0,2.2533333333333334,8934,358.5840591553534
127240.0,73.28519855595668,26.71480144404332,0.0,1.8466666666666667,8979,358.57596822361324
127520.0,72.87581699346406,27.124183006535947,0.0,2.04,8962,358.74475406282414
127800.0,70.60810810810811,29.39189189189189,0.0,1.9733333333333334,8965,359.18106493315685
128080.0,69.13183279742765,30.868167202572348,0.0,2.0733333333333333,8950,359.07079391695544
128360.0,72.88135593220339,27.11864406779661,0.0,1.9666666666666666,8961,358.79623540480503
128640.0,75.76687116564418,24.233128834355828,0.0,2.1733333333333333,8972,358.95096543415815
128920.0,73.96825396825396,26.03174603174603,0.0,2.1,9000,359.3459849092057
129200.0,72.05387205387206,27.946127946127945,0.0,1.98,8998,360.1707836029209
129480.0,71.29337539432177,28.706624605678233,0.0,2.1133333333333333,9052,360.5794592147099
129760.0,74.76635514018692,25.233644859813083,0.0,2.14,9094,360.4522932704028
130040.0,72.23880597014926,27.761194029850746,0.0,2.2333333333333334,9045,360.4340082938334
130320.0,70.63197026022304,29.36802973977695,0.0,1.7933333333333332,9023,360.3221219209998
130600.0,73.63013698630137,26.36986301369863,0.0,1.9466666666666668,9009,360.2429942071905
130880.0,75.0,25.0,0.0,1.92,9064,360.0915622208583
131160.0,75.08305647840531,24.916943521594686,0.0,2.006666666666667,9052,360.08086001114003
131440.0,71.38047138047138,28.61952861952862,0.0,1.98,9024,359.93106273550586
131720.0,77.92207792207792,22.07792207792208,0.0,2.0533333333333332,9030,359.8432275412288
132000.0,71.93548387096774,28.06451612903226,0.0,2.066666666666667,8999,359.74789477098216
132280.0,75.98684210526316,24.013157894736842,0.0,2.026666666666667,8963,359.61856674901503
132560.0,73.8255033557047,26.174496644295303,0.0,1.9866666666666666,8973,359.492287072868
132840.0,73.50157728706624,26.498422712933753,0.0,2.1133333333333333,9004,360.36664740215997
133120.0,76.48902821316615,23.510971786833856,0.0,2.1266666666666665,9031,360.4472234457789
133400.0,74.77203647416414,25.227963525835865,0.0,2.1933333333333334,9094,360.7059032259692
133680.0,72.97297297297297,27.027027027027028,0.0,1.9733333333333334,9131,360.79366352600306
133960.0,71.42857142857143,28.571428571428573,0.0,1.96,9159,360.97680987851294
134240.0,74.69135802469135,25.308641975308642,0.0,2.16,9153,361.23818239891546
134520.0,77.6978417266187,22.302158273381295,0.0,1.8533333333333333,9143,360.7771097416958
134800.0,75.92592592592592,24.074074074074073,0.0,2.16,9158,360.7735482675001
135080.0,74.33628318584071,25.663716814159294,0.0,2.26,9114,361.12235043614476
135360.0,77.0,23.0,0.0,2.0,9077,360.98284612214104
135640.0,76.89873417721519,23.10126582278481,0.0,2.1066666666666665,9032,360.8404439103192
135920.0,80.0,20.0,0.0,1.9666666666666666,9026,361.01275789526767
136200.0,75.9375,24.0625,0.0,2.1333333333333333,9078,361.22357930358226
136480.0,72.26027397260275,27.73972602739726,0.0,1.9466666666666668,9062,361.2343509698744
136760.0,79.19463087248322,20.80536912751678,0.0,1.9866666666666666,9115,361.1483516886842
137040.0,75.87412587412588,24.125874125874127,0.0,1.9066666666666667,9109,361.1160088675223
137320.0,76.92307692307692,23.076923076923077,0.0,1.9933333333333334,9103,361.4544769386524
137600.0,74.23728813559322,25.76271186440678,0.0,1.9666666666666666,9176,361.8650085385522
137880.0,76.97368421052632,23.026315789473685,0.0,2.026666666666667,9136,361.71257612082564
138160.0,75.26132404181185,24.738675958188153,0.0,1.9133333333333333,9154,361.49756658716785
138440.0,75.92592592592592,24.074074074074073,0.0,2.16,9166,361.4840229986318
138720.0,78.87788778877888,21.122112211221122,0.0,2.02,9165,361.1686477139148
139000.0,75.98566308243727,24.014336917562723,0.0,1.86,9117,360.79698986182603
139280.0,73.95833333333333,26.041666666666668,0.0,1.92,9128,360.7184063877577
139560.0,77.51479289940828,22.485207100591715,0.0,2.2533333333333334,9124,360.9761377752184
139840.0,75.08305647840531,24.916943521594686,0.0,2.006666666666667,9074,361.0922924685529
140120.0,68.15286624203821,31.84713375796178,0.0,2.0933333333333333,9051,360.7986921990432
140400.0,76.2214983713355,23.778501628664497,0.0,2.046666666666667,9040,360.03321634721254
140680.0,73.28990228013029,26.710097719869708,0.0,2.046666666666667,9060,360.1520527248081
140960.0,71.42857142857143,28.571428571428573,0.0,2.0533333333333332,9000,359.84346336550703
141240.0,75.15151515151516,24.848484848484848,0.0,2.2,9042,359.78056324056877
141520.0,76.5625,23.4375,0.0,2.1333333333333333,9020,359.26553493928907
141800.0,76.1029411764706,23.897058823529413,0.0,1.8133333333333332,8959,358.9045256712513
142080.0,71.15384615384616,28.846153846153847,0.0,2.08,8856,358.43648632359515
142360.0,73.421926910299,26.578073089700997,0.0,2.006666666666667,8815,358.1335576421824
142640.0,72.83464566929133,27.165354330708663,0.0,1.6933333333333334,8825,358.0825498022233
142920.0,70.07299270072993,29.927007299270073,0.0,1.8266666666666667,8814,357.8190283370579
143200.0,73.49397590361446,26.50602409638554,0.0,2.2133333333333334,8815,357.843382854266
143480.0,73.85620915032679,26.143790849673202,0.0,2.04,8810,357.6948468299625
143760.0,76.20578778135048,23.794212218649516,0.0,2.0733333333333333,8796,357.63473554052587
144040.0,71.5210355987055,28.478964401294498,0.0,2.06,8712,357.0754871055524
144320.0,69.5364238410596,30.4635761589404,0.0,2.013333333333333,8724,357.3006951154937
144600.0,72.63513513513513,27.364864864864863,0.0,1.9733333333333334,8749,356.91995940779805
144880.0,69.8360655737705,30.16393442622951,0.0,2.033333333333333,8711,356.9795957340157
145160.0,72.0,28.0,0.0,2.3333333333333335,8705,356.62572930606
145440.0,68.8135593220339,31.1864406779661,0.0,1.9666666666666666,8641,357.1610594595139
145720.0,70.9375,29.0625,0.0,2.1333333333333333,8620,356.5304580393164
