280.0,2.880658436213992,97.11934156378601,0.0,1.62,219,11.252818339290016
560.0,8.298755186721992,91.70124481327801,0.0,1.6066666666666667,593,22.330000698025486
840.0,12.550607287449393,87.4493927125506,0.0,1.6466666666666667,953,34.754428965685925
1120.0,14.912280701754385,85.08771929824562,0.0,1.52,1243,49.571164021133406
1400.0,16.60377358490566,83.39622641509433,0.0,1.7666666666666666,1512,65.014320875102
1680.0,19.665271966527197,80.3347280334728,0.0,1.5933333333333333,1614,78.61749142191762
1960.0,22.137404580152673,77.86259541984732,0.0,1.7466666666666666,1712,90.90157711045053
2240.0,22.61904761904762,77.38095238095238,0.0,1.68,1853,103.93663342535163
2520.0,22.22222222222222,77.77777777777777,0.0,1.8,1978,115.17168471043276
2800.0,26.61596958174905,73.38403041825094,0.0,1.7533333333333334,2079,127.72193179162505
3080.0,26.881720430107528,73.11827956989248,0.0,1.86,2246,139.50856101706054
3360.0,24.727272727272727,75.27272727272727,0.0,1.8333333333333333,2428,150.11811771740764
3640.0,26.568265682656826,73.43173431734317,0.0,1.8066666666666666,2605,161.06067413093663
3920.0,31.294964028776977,68.70503597122303,0.0,1.8533333333333333,2793,170.76347622572808
4200.0,31.428571428571427,68.57142857142857,0.0,1.8666666666666667,2988,179.97714816680465
4480.0,31.70731707317073,68.29268292682927,0.0,1.64,3174,188.15795528973973
4760.0,41.28787878787879,58.71212121212121,0.0,1.76,3395,195.97431785012552
5040.0,32.64462809917355,67.35537190082644,0.0,1.6133333333333333,3581,204.2211209257283
5320.0,34.883720930232556,65.11627906976744,0.0,1.72,3787,211.76858285387942
5600.0,40.44117647058823,59.55882352941177,0.0,1.8133333333333332,3959,218.90998222393893
5880.0,39.7489539748954,60.2510460251046,0.0,1.5933333333333333,4153,225.52083326657467
6160.0,42.971887550200805,57.028112449799195,0.0,1.66,4360,232.22630541983258
6440.0,40.74074074074074,59.25925925925926,0.0,1.98,4586,238.57744358782057
6720.0,42.758620689655174,57.241379310344826,0.0,1.9333333333333333,4785,243.70078809903407
7000.0,47.61904761904762,52.38095238095238,0.0,1.68,4969,249.2502066748178
7280.0,52.77777777777778,47.22222222222222,0.0,1.68,5161,254.41676482549337
7560.0,50.5338078291815,49.4661921708185,0.0,1.8733333333333333,5346,260.15357832100017
7840.0,55.47445255474452,44.52554744525548,0.0,1.8266666666666667,5563,264.55927899049146
8120.0,56.15942028985507,43.84057971014493,0.0,1.84,5752,269.55009168123723
8400.0,50.54545454545455,49.45454545454545,0.0,1.8333333333333333,5965,274.0821570896454
8680.0,60.44776119402985,39.55223880597015,0.0,1.7866666666666666,6167,278.60124990705145
8960.0,57.19063545150502,42.80936454849498,0.0,1.9933333333333334,6371,282.7710643698117
9240.0,51.56794425087108,48.43205574912892,0.0,1.9133333333333333,6551,287.0814394033561
9520.0,62.41610738255034,37.58389261744966,0.0,1.9866666666666666,6737,290.98129879858976
9800.0,61.785714285714285,38.214285714285715,0.0,1.8666666666666667,6846,293.53009761066187
10080.0,62.301587301587304,37.698412698412696,0.0,1.68,6925,296.32164305729026
10360.0,64.36363636363636,35.63636363636363,0.0,1.8333333333333333,6978,298.5501742452687
10640.0,56.43564356435643,43.56435643564357,0.0,2.02,7115,300.78956200134587
10920.0,59.12698412698413,40.87301587301587,0.0,1.68,7129,302.7287452686116
11200.0,62.54295532646048,37.45704467353952,0.0,1.94,7206,304.83507589666465
11480.0,60.79734219269103,39.20265780730897,0.0,2.006666666666667,7214,306.68394524029435
11760.0,64.08450704225352,35.91549295774648,0.0,1.8933333333333333,7174,308.014457221931
12040.0,60.07067137809187,39.92932862190813,0.0,1.8866666666666667,7162,308.7993582731971
12320.0,61.794019933554814,38.205980066445186,0.0,2.006666666666667,7224,310.2762631746701
12600.0,59.8705501618123,40.1294498381877,0.0,2.06,7237,311.25145998819494
12880.0,63.0,37.0,0.0,2.0,7320,313.4495511041072
13160.0,56.9023569023569,43.0976430976431,0.0,1.98,7366,314.8644961748583
13440.0,64.13793103448276,35.86206896551724,0.0,1.9333333333333333,7364,316.5031437707823
13720.0,60.948905109489054,39.051094890510946,0.0,1.8266666666666667,7391,317.5037830992621
14000.0,60.50156739811912,39.49843260188088,0.0,2.1266666666666665,7412,318.95261203517515
14280.0,68.796992481203,31.203007518796994,0.0,1.7733333333333334,7455,320.06963866572835
14560.0,63.24503311258278,36.75496688741722,0.0,2.013333333333333,7480,320.38825477592366
14840.0,64.33823529411765,35.661764705882355,0.0,1.8133333333333332,7488,321.2347289766908
15120.0,61.162079510703364,38.837920489296636,0.0,2.18,7452,322.3237136150068
15400.0,67.02508960573476,32.97491039426523,0.0,1.86,7425,322.9845731082669
15680.0,65.3061224489796,34.69387755102041,0.0,1.96,7407,323.4583630546468
15960.0,60.53639846743295,39.46360153256705,0.0,1.74,7369,324.20761923532507
16240.0,60.06825938566553,39.93174061433447,0.0,1.9533333333333334,7375,324.9557260867319
16520.0,61.15107913669065,38.84892086330935,0.0,1.8533333333333333,7384,325.84461751679197
16800.0,61.162079510703364,38.837920489296636,0.0,2.18,7388,326.45674485523836
17080.0,64.0,36.0,0.0,1.6666666666666667,7390,326.82239971962036
17360.0,62.99212598425197,37.00787401574803,0.0,1.6933333333333334,7367,327.5002936836972
17640.0,60.33898305084746,39.66101694915254,0.0,1.9666666666666666,7337,328.09366126781504
17920.0,63.75404530744336,36.24595469255664,0.0,2.06,7319,328.2578406403187
18200.0,60.46511627906977,39.53488372093023,0.0,2.006666666666667,7315,328.21438712583716
18480.0,61.09090909090909,38.90909090909091,0.0,1.8333333333333333,7297,328.18126680710634
18760.0,61.937716262975776,38.062283737024224,0.0,1.9266666666666667,7245,328.6940798066943
19040.0,61.29032258064516,38.70967741935484,0.0,1.86,7197,328.75617657572366
19320.0,55.47445255474452,44.52554744525548,0.0,1.8266666666666667,7200,328.8477860815798
19600.0,63.48684210526316,36.51315789473684,0.0,2.026666666666667,7161,329.4210452460712
19880.0,62.857142857142854,37.142857142857146,0.0,1.8666666666666667,7144,329.5824057338592
20160.0,62.16216216216216,37.83783783783784,0.0,1.9733333333333334,7104,329.7997537533785
20440.0,56.43939393939394,43.56060606060606,0.0,1.76,7068,330.2545983715773
20720.0,63.85964912280702,36.14035087719298,0.0,1.9,7008,330.2817984003883
21000.0,58.18181818181818,41.81818181818182,0.0,1.8333333333333333,6973,329.69369155547236
21280.0,62.14511041009464,37.85488958990536,0.0,2.1133333333333333,6945,329.8152464588856
21560.0,56.64335664335665,43.35664335664335,0.0,1.9066666666666667,6867,329.79240906201164
21840.0,60.283687943262414,39.716312056737586,0.0,1.88,6816,329.61752900999636
22120.0,57.534246575342465,42.465753424657535,0.0,1.9466666666666668,6792,329.5525886590347
22400.0,54.08163265306123,45.91836734693877,0.0,1.96,6720,329.55624287682565
22680.0,55.4421768707483,44.5578231292517,0.0,1.96,6697,329.20232892772776
22960.0,59.32835820895522,40.67164179104478,0.0,1.7866666666666666,6681,329.0962443206733
23240.0,57.142857142857146,42.857142857142854,0.0,2.006666666666667,6640,329.2651993486923
23520.0,54.60992907801418,45.39007092198582,0.0,1.88,6655,329.70579967396355
23800.0,62.05673758865248,37.94326241134752,0.0,1.88,6665,329.3767926017392
24080.0,57.142857142857146,42.857142857142854,0.0,1.82,6637,328.9952233603255
24360.0,55.38461538461539,44.61538461538461,0.0,1.7333333333333334,6624,329.21691359693097
24640.0,55.78947368421053,44.21052631578947,0.0,1.9,6571,329.5324310418038
24920.0,55.830388692579504,44.169611307420496,0.0,1.8866666666666667,6522,329.7357896959878
25200.0,58.333333333333336,41.666666666666664,0.0,1.92,6523,330.0257676906193
25480.0,58.62068965517241,41.37931034482759,0.0,1.9333333333333333,6573,330.53603520610864
25760.0,53.01204819277108,46.98795180722892,0.0,1.66,6541,330.5059177802639
26040.0,61.32404181184669,38.67595818815331,0.0,1.9133333333333333,6522,330.90825829542786
26320.0,55.14950166112957,44.85049833887043,0.0,2.006666666666667,6447,330.8744078199922
26600.0,55.75539568345324,44.24460431654676,0.0,1.8533333333333333,6445,330.8558957128689
26880.0,60.07462686567164,39.92537313432836,0.0,1.7866666666666666,6419,330.91466424647757
27160.0,56.44599303135889,43.55400696864111,0.0,1.9133333333333333,6402,331.1235672220274
27440.0,53.7593984962406,46.2406015037594,0.0,1.7733333333333334,6395,331.04081523448866
27720.0,53.71024734982332,46.28975265017668,0.0,1.8866666666666667,6392,331.24172234842354
28000.0,55.208333333333336,44.791666666666664,0.0,1.92,6367,330.9325402242915
28280.0,53.84615384615385,46.15384615384615,0.0,1.82,6378,331.0975487422543
28560.0,61.130742049469966,38.869257950530034,0.0,1.8866666666666667,6411,331.4770857495167
28840.0,56.25,43.75,0.0,1.92,6426,331.6092168635696
29120.0,54.817275747508305,45.182724252491695,0.0,2.006666666666667,6384,331.24044707523734
29400.0,54.23728813559322,45.76271186440678,0.0,1.9666666666666666,6320,331.0113280537871
29680.0,56.2043795620438,43.7956204379562,0.0,1.8266666666666667,6256,331.1078051958357
29960.0,56.0655737704918,43.9344262295082,0.0,2.033333333333333,6219,330.89519779538045
30240.0,52.73972602739726,47.26027397260274,0.0,1.9466666666666668,6214,330.49015241311076
30520.0,54.88215488215488,45.11784511784512,0.0,1.98,6188,330.5498791644496
30800.0,59.62264150943396,40.37735849056604,0.0,1.7666666666666666,6193,330.2952019364431
31080.0,49.494949494949495,50.505050505050505,0.0,1.98,6202,330.1868834743135
31360.0,55.319148936170215,44.680851063829785,0.0,1.88,6227,330.56207602525194
31640.0,55.55555555555556,44.44444444444444,0.0,1.68,6240,330.80316959183733
31920.0,51.773049645390074,48.226950354609926,0.0,1.88,6241,331.1879523200644
32200.0,53.63321799307958,46.36678200692042,0.0,1.9266666666666667,6308,331.3187274312584
32480.0,57.333333333333336,42.666666666666664,0.0,2.0,6278,331.0957859156045
32760.0,50.92250922509225,49.07749077490775,0.0,1.8066666666666666,6305,331.1103891096929
33040.0,57.976653696498055,42.023346303501945,0.0,1.7133333333333334,6268,331.38164024418296
33320.0,56.470588235294116,43.529411764705884,0.0,1.7,6194,331.55057131288254
33600.0,58.27814569536424,41.72185430463576,0.0,2.013333333333333,6270,332.11828626461835
33880.0,56.56934306569343,43.43065693430657,0.0,1.8266666666666667,6224,332.18893248807547
34160.0,53.89408099688473,46.10591900311527,0.0,2.14,6304,332.2329776090451
34440.0,54.9645390070922,45.0354609929078,0.0,1.88,6322,332.6218905535811
34720.0,56.70498084291188,43.29501915708812,0.0,1.74,6328,332.34025608265915
35000.0,57.09219858156028,42.90780141843972,0.0,1.88,6302,332.4022739181674
35280.0,53.47222222222222,46.52777777777778,0.0,1.92,6256,332.05995824192814
35560.0,54.22077922077922,45.77922077922078,0.0,2.0533333333333332,6281,332.02933730044595
35840.0,55.016181229773466,44.983818770226534,0.0,2.06,6264,332.2717305314023
36120.0,56.62251655629139,43.37748344370861,0.0,2.013333333333333,6300,332.45879649625687
36400.0,53.943217665615144,46.056782334384856,0.0,2.1133333333333333,6346,332.8157806710839
36680.0,58.862876254180605,41.137123745819395,0.0,1.9933333333333334,6392,333.0659485530052
36960.0,56.64335664335665,43.35664335664335,0.0,1.9066666666666667,6450,333.3002902262329
37240.0,57.875457875457876,42.124542124542124,0.0,1.82,6457,333.5830618941372
37520.0,57.45454545454545,42.54545454545455,0.0,1.8333333333333333,6481,334.45253211129517
37800.0,51.66051660516605,48.33948339483395,0.0,1.8066666666666666,6579,334.70715026180835
38080.0,60.95617529880478,39.04382470119522,0.0,1.6733333333333333,6617,335.4327669125319
38360.0,56.90376569037657,43.09623430962343,0.0,1.5933333333333333,6643,335.50912229073066
38640.0,61.81818181818182,38.18181818181818,0.0,1.8333333333333333,6660,335.72162242905495
38920.0,60.97560975609756,39.02439024390244,0.0,1.9133333333333333,6692,336.12527268975236
39200.0,60.264900662251655,39.735099337748345,0.0,2.013333333333333,6700,336.3495599550324
39480.0,58.333333333333336,41.666666666666664,0.0,1.84,6698,336.5935183838634
39760.0,64.01384083044982,35.98615916955017,0.0,1.9266666666666667,6708,336.639427308572
40040.0,57.28813559322034,42.71186440677966,0.0,1.9666666666666666,6718,337.0626512609715
40320.0,58.65384615384615,41.34615384615385,0.0,2.08,6692,337.43695731104754
40600.0,60.0,40.0,0.0,2.2,6728,337.6663846600868
40880.0,59.19117647058823,40.80882352941177,0.0,1.8133333333333332,6704,337.5964380740633
41160.0,56.33802816901409,43.66197183098591,0.0,1.8933333333333333,6706,337.6115331113203
41440.0,60.07194244604317,39.92805755395683,0.0,1.8533333333333333,6728,337.6435048597741
41720.0,56.29139072847682,43.70860927152318,0.0,2.013333333333333,6630,337.6057345815861
42000.0,58.80281690140845,41.19718309859155,0.0,1.8933333333333333,6655,338.0792474593787
42280.0,54.57875457875458,45.42124542124542,0.0,1.82,6617,338.1726080522444
42560.0,56.390977443609025,43.609022556390975,0.0,1.7733333333333334,6615,338.378248396532
42840.0,65.03496503496504,34.96503496503497,0.0,1.9066666666666667,6734,338.89314137665815
43120.0,60.416666666666664,39.583333333333336,0.0,1.92,6770,339.1299053651394
43400.0,62.5,37.5,0.0,1.9733333333333334,6805,339.3077709947929
43680.0,61.688311688311686,38.311688311688314,0.0,2.0533333333333332,6820,339.2703726247284
43960.0,63.19702602230483,36.80297397769517,0.0,1.7933333333333332,6839,339.66655905695023
44240.0,59.310344827586206,40.689655172413794,0.0,1.9333333333333333,6871,339.60259198348683
44520.0,60.0,40.0,0.0,1.9,6888,339.69300977805756
44800.0,62.41379310344828,37.58620689655172,0.0,1.9333333333333333,6889,339.3093393735876
45080.0,59.54692556634304,40.45307443365696,0.0,2.06,6860,339.4469683585443
45360.0,63.2996632996633,36.7003367003367,0.0,1.98,6881,339.6386531340482
45640.0,62.3574144486692,37.6425855513308,0.0,1.7533333333333334,6854,339.1407915726827
45920.0,60.07067137809187,39.92932862190813,0.0,1.8866666666666667,6915,339.19264673831015
46200.0,60.29962546816479,39.70037453183521,0.0,1.78,6901,339.2443354903957
46480.0,61.347517730496456,38.652482269503544,0.0,1.88,6800,339.0525732029231
46760.0,61.130742049469966,38.869257950530034,0.0,1.8866666666666667,6748,338.8576010721358
47040.0,57.48031496062992,42.51968503937008,0.0,1.6933333333333334,6713,338.89306091734153
47320.0,56.79442508710802,43.20557491289198,0.0,1.9133333333333333,6696,338.84473388095887
47600.0,57.93103448275862,42.06896551724138,0.0,1.9333333333333333,6676,338.50467686501787
47880.0,60.563380281690144,39.436619718309856,0.0,1.8933333333333333,6667,338.56887481480373
48160.0,59.285714285714285,40.714285714285715,0.0,1.8666666666666667,6665,338.4677596223796
48440.0,59.859154929577464,40.140845070422536,0.0,1.8933333333333333,6681,338.6043251514531
48720.0,55.76923076923077,44.23076923076923,0.0,2.08,6686,338.6112547767167
49000.0,53.608247422680414,46.391752577319586,0.0,1.94,6728,338.2826977747913
49280.0,55.14950166112957,44.85049833887043,0.0,2.006666666666667,6758,338.5464354879471
49560.0,51.76056338028169,48.23943661971831,0.0,1.8933333333333333,6796,338.50434321620946
49840.0,59.48905109489051,40.51094890510949,0.0,1.8266666666666667,6758,338.3886376382022
50120.0,61.347517730496456,38.652482269503544,0.0,1.88,6738,338.8890076988673
50400.0,54.581673306772906,45.418326693227094,0.0,1.6733333333333333,6727,339.1964120290258
50680.0,52.63157894736842,47.36842105263158,0.0,1.9,6723,339.5053484216082
50960.0,56.71641791044776,43.28358208955224,0.0,1.7866666666666666,6756,339.7795653738041
51240.0,52.53164556962025,47.46835443037975,0.0,2.1066666666666665,6822,339.64570008099616
51520.0,57.333333333333336,42.666666666666664,0.0,2.0,6785,339.3924731982599
51800.0,55.74324324324324,44.25675675675676,0.0,1.9733333333333334,6776,339.276615488412
52080.0,56.07142857142857,43.92857142857143,0.0,1.8666666666666667,6702,339.3749764769121
52360.0,62.214983713355046,37.785016286644954,0.0,2.046666666666667,6727,339.53865827794283
52640.0,65.77181208053692,34.22818791946309,0.0,1.9866666666666666,6761,339.2029732370332
52920.0,61.79775280898876,38.20224719101124,0.0,1.78,6793,339.2962440373266
53200.0,64.19753086419753,35.80246913580247,0.0,2.16,6801,339.6288883353953
53480.0,62.45059288537549,37.54940711462451,0.0,1.6866666666666668,6842,339.9844150416506
53760.0,57.09219858156028,42.90780141843972,0.0,1.88,6789,340.0816286568899
54040.0,57.49235474006116,42.50764525993884,0.0,2.18,6840,340.27027977619866
54320.0,59.86159169550173,40.13840830449827,0.0,1.9266666666666667,6864,339.99204478826545
54600.0,60.2112676056338,39.7887323943662,0.0,1.8933333333333333,6827,340.20728757841266
54880.0,56.890459363957596,43.109540636042404,0.0,1.8866666666666667,6870,340.26244202665646
55160.0,55.55555555555556,44.44444444444444,0.0,1.86,6837,340.6181591213959
55440.0,60.60606060606061,39.39393939393939,0.0,1.76,6931,340.69555208118976
55720.0,56.457564575645755,43.542435424354245,0.0,1.8066666666666666,6892,340.5812722631704
56000.0,57.09090909090909,42.90909090909091,0.0,1.8333333333333333,6882,340.5561887842892
56280.0,53.73134328358209,46.26865671641791,0.0,1.7866666666666666,6896,340.8288607133264
56560.0,63.829787234042556,36.170212765957444,0.0,1.88,6832,340.6610545171947
56840.0,61.42322097378277,38.57677902621723,0.0,1.78,6831,340.7629854593976
57120.0,63.829787234042556,36.170212765957444,0.0,1.88,6814,340.75091911516984
57400.0,58.94736842105263,41.05263157894737,0.0,1.9,6818,340.5634664668961
57680.0,64.45993031358886,35.54006968641115,0.0,1.9133333333333333,6764,340.5439811470048
57960.0,61.63934426229508,38.36065573770492,0.0,2.033333333333333,6773,340.99246276427345
58240.0,60.4,39.6,0.0,1.6666666666666667,6795,340.952591253899
58520.0,58.84615384615385,41.15384615384615,0.0,1.7333333333333334,6779,340.7960550751892
58800.0,57.87671232876713,42.12328767123287,0.0,1.9466666666666668,6854,341.0374413352002
59080.0,58.455882352941174,41.544117647058826,0.0,1.8133333333333332,6817,340.7738155124184
59360.0,60.207612456747405,39.792387543252595,0.0,1.9266666666666667,6827,340.4750034697069
59640.0,57.65472312703583,42.34527687296417,0.0,2.046666666666667,6809,340.0193171689661
59920.0,63.768115942028984,36.231884057971016,0.0,1.84,6751,339.6121753222297
60200.0,53.30739299610895,46.69260700389105,0.0,1.7133333333333334,6668,340.0503257487774
60480.0,58.718861209964416,41.281138790035584,0.0,1.8733333333333333,6596,340.031370584062
60760.0,54.982817869415804,45.017182130584196,0.0,1.94,6589,339.71280039220164
61040.0,52.78688524590164,47.21311475409836,0.0,2.033333333333333,6560,339.67355612051756
61320.0,61.42322097378277,38.57677902621723,0.0,1.78,6619,339.78503041207443
61600.0,59.7609561752988,40.2390438247012,0.0,1.6733333333333333,6673,340.4809908577792
61880.0,50.76923076923077,49.23076923076923,0.0,1.7333333333333334,6701,340.77477983171326
62160.0,56.5359477124183,43.4640522875817,0.0,2.04,6699,341.04868410889844
62440.0,59.32835820895522,40.67164179104478,0.0,1.7866666666666666,6736,341.3257884447417
62720.0,54.3859649122807,45.6140350877193,0.0,1.9,6722,341.2702191822355
63000.0,62.45614035087719,37.54385964912281,0.0,1.9,6774,341.7595688141207
63280.0,61.29032258064516,38.70967741935484,0.0,2.066666666666667,6830,342.0190350998406
63560.0,58.45070422535211,41.54929577464789,0.0,1.8933333333333333,6887,342.52295020542266
63840.0,60.256410256410255,39.743589743589745,0.0,2.08,6971,342.4259819562551
64120.0,60.13513513513514,39.86486486486486,0.0,1.9733333333333334,6949,342.76284977935524
64400.0,62.22222222222222,37.77777777777778,0.0,1.8,6952,343.11665011944876
64680.0,61.458333333333336,38.541666666666664,0.0,1.92,6994,343.9446946346787
64960.0,56.58362989323843,43.41637010676157,0.0,1.8733333333333333,7031,344.3204365737521
65240.0,59.19117647058823,40.80882352941177,0.0,1.8133333333333332,7140,344.84563991172985
65520.0,58.92255892255892,41.07744107744108,0.0,1.98,7169,345.3368313790326
65800.0,62.13235294117647,37.86764705882353,0.0,1.8133333333333332,7245,345.8251071821779
66080.0,62.40875912408759,37.59124087591241,0.0,1.8266666666666667,7302,345.9559309195658
66360.0,62.17008797653959,37.82991202346041,0.0,2.2733333333333334,7282,346.16926708459783
66640.0,61.40939597315436,38.59060402684564,0.0,1.9866666666666666,7330,346.432978333989
66920.0,71.7557251908397,28.244274809160306,0.0,1.7466666666666666,7389,346.48050250173856
67200.0,62.10191082802548,37.89808917197452,0.0,2.0933333333333333,7431,346.48702331128186
67480.0,63.071895424836605,36.928104575163395,0.0,2.04,7440,346.46385434610977
67760.0,60.714285714285715,39.285714285714285,0.0,1.8666666666666667,7438,346.69370326433784
68040.0,64.93506493506493,35.064935064935064,0.0,2.0533333333333332,7448,347.26131072622906
68320.0,61.61971830985915,38.38028169014085,0.0,1.8933333333333333,7431,347.28132492801217
68600.0,59.9290780141844,40.0709219858156,0.0,1.88,7413,347.4578243236145
68880.0,62.25806451612903,37.74193548387097,0.0,2.066666666666667,7484,347.63439210940817
69160.0,59.85130111524163,40.14869888475837,0.0,1.7933333333333332,7485,347.76346739969784
69440.0,66.05839416058394,33.941605839416056,0.0,1.8266666666666667,7529,348.4045171931759
69720.0,63.333333333333336,36.666666666666664,0.0,2.0,7541,348.7082221016596
70000.0,63.013698630136986,36.986301369863014,0.0,1.9466666666666668,7575,348.7421444109989
70280.0,66.13545816733068,33.864541832669325,0.0,1.6733333333333333,7669,349.1409403477238
70560.0,66.91449814126393,33.08550185873606,0.0,1.7933333333333332,7735,349.8011324313186
70840.0,67.3913043478261,32.608695652173914,0.0,1.84,7770,349.99741902929804
71120.0,66.78321678321679,33.21678321678322,0.0,1.9066666666666667,7836,350.37082031917225
71400.0,65.20270270270271,34.7972972972973,0.0,1.9733333333333334,7825,350.58144110042514
71680.0,68.56060606060606,31.439393939393938,0.0,1.76,7852,350.5156528334042
71960.0,62.235649546827794,37.764350453172206,0.0,2.2066666666666666,7820,350.4127147218078
72240.0,64.53900709219859,35.46099290780142,0.0,1.88,7854,351.14531674362274
72520.0,66.10738255033557,33.89261744966443,0.0,1.9866666666666666,7909,351.25798747424386
72800.0,63.12056737588652,36.87943262411348,0.0,1.88,7938,351.35665722763895
73080.0,69.89247311827957,30.107526881720432,0.0,1.86,7981,351.61423344289824
73360.0,62.207357859531776,37.792642140468224,0.0,1.9933333333333334,7946,351.8690238958739
73640.0,65.08474576271186,34.91525423728814,0.0,1.9666666666666666,7926,352.29019888954195
73920.0,70.25316455696202,29.746835443037973,0.0,2.1066666666666665,7959,352.3135293731242
74200.0,67.02508960573476,32.97491039426523,0.0,1.86,7997,352.20924533197075
74480.0,71.52542372881356,28.47457627118644,0.0,1.9666666666666666,8078,352.4438872491537
74760.0,65.66666666666667,34.333333333333336,0.0,2.0,8067,352.43916988111573
75040.0,67.35395189003437,32.64604810996563,0.0,1.94,8042,352.6400310270686
75320.0,67.21854304635761,32.78145695364238,0.0,2.013333333333333,8030,352.37864646718435
75600.0,62.77372262773723,37.22627737226277,0.0,1.8266666666666667,8017,352.2509742062642
75880.0,67.32673267326733,32.67326732673267,0.0,2.02,7953,352.0923441961341
76160.0,69.17562724014337,30.82437275985663,0.0,1.86,7925,352.11593143342134
76440.0,63.666666666666664,36.333333333333336,0.0,2.0,7926,351.9827349593031
76720.0,63.6986301369863,36.3013698630137,0.0,1.9466666666666668,7870,351.8342063535359
77000.0,63.6986301369863,36.3013698630137,0.0,1.9466666666666668,7891,352.0645370318397
77280.0,62.4203821656051,37.5796178343949,0.0,2.0933333333333333,7895,352.0544439763989
77560.0,63.98713826366559,36.01286173633441,0.0,2.0733333333333333,7875,351.67246944597537
77840.0,75.59322033898304,24.406779661016948,0.0,1.9666666666666666,7811,351.58616603262203
78120.0,67.13780918727915,32.86219081272085,0.0,1.8866666666666667,7773,351.4829127906928
78400.0,69.20529801324503,30.794701986754966,0.0,2.013333333333333,7771,350.9953243654822
78680.0,64.96598639455782,35.034013605442176,0.0,1.96,7761,351.10869298078694
78960.0,61.31147540983606,38.68852459016394,0.0,2.033333333333333,7739,351.0900075483848
79240.0,61.53846153846154,38.46153846153846,0.0,2.08,7687,350.9946459272416
79520.0,61.27946127946128,38.72053872053872,0.0,1.98,7698,350.9348431841498
79800.0,63.311688311688314,36.688311688311686,0.0,2.0533333333333332,7657,350.73020021370047
80080.0,58.148148148148145,41.851851851851855,0.0,1.8,7625,350.5130161320912
80360.0,67.3076923076923,32.69230769230769,0.0,2.08,7661,350.2430203604052
80640.0,68.43971631205673,31.56028368794326,0.0,1.88,7649,350.10924931116705
80920.0,65.91760299625469,34.08239700374532,0.0,1.78,7671,350.2860074428781
81200.0,65.06849315068493,34.93150684931507,0.0,1.9466666666666668,7628,349.9438423806863
81480.0,60.85526315789474,39.14473684210526,0.0,2.026666666666667,7584,349.70463761790404
81760.0,64.28571428571429,35.714285714285715,0.0,1.7733333333333334,7628,349.69643033008356
82040.0,64.76190476190476,35.23809523809524,0.0,2.1,7549,349.4650087883457
82320.0,65.359477124183,34.64052287581699,0.0,2.04,7528,349.6064201027718
82600.0,63.57142857142857,36.42857142857143,0.0,1.8666666666666667,7574,349.7851485117113
82880.0,58.27067669172932,41.72932330827068,0.0,1.7733333333333334,7548,350.0085771697537
83160.0,61.01083032490975,38.98916967509025,0.0,1.8466666666666667,7578,350.09552000026974
83440.0,64.72602739726027,35.273972602739725,0.0,1.9466666666666668,7635,350.6254795358538
83720.0,63.3587786259542,36.6412213740458,0.0,1.7466666666666666,7619,350.71984794100445
84000.0,63.605442176870746,36.394557823129254,0.0,1.96,7654,350.9572008851596
84280.0,63.758389261744966,36.241610738255034,0.0,1.9866666666666666,7671,350.67633460857326
84560.0,60.40955631399317,39.59044368600683,0.0,1.9533333333333334,7639,350.6715176308678
84840.0,69.28838951310861,30.711610486891384,0.0,1.78,7619,350.54606701243426
85120.0,63.278688524590166,36.721311475409834,0.0,2.033333333333333,7643,350.31528744239927
85400.0,69.82456140350877,30.17543859649123,0.0,1.9,7590,350.2766599758863
85680.0,64.70588235294117,35.294117647058826,0.0,1.9266666666666667,7628,350.28242103077054
85960.0,68.57142857142857,31.428571428571427,0.0,1.8666666666666667,7618,350.26874544607534
86240.0,59.430604982206404,40.569395017793596,0.0,1.8733333333333333,7637,350.2573177830411
86520.0,60.54421768707483,39.45578231292517,0.0,1.96,7614,350.3344486688406
86800.0,64.64646464646465,35.35353535353536,0.0,1.98,7608,350.83498529087706
87080.0,57.97546012269939,42.02453987730061,0.0,2.1733333333333333,7685,351.45685487600804
87360.0,64.0,36.0,0.0,2.0,7689,351.67173328657594
87640.0,59.45945945945946,40.54054054054054,0.0,1.9733333333333334,7771,351.7035212395913
87920.0,71.61290322580645,28.387096774193548,0.0,2.066666666666667,7859,351.9228036005443
88200.0,60.83916083916084,39.16083916083916,0.0,1.9066666666666667,7801,351.8437814160949
88480.0,68.62745098039215,31.372549019607842,0.0,2.04,7808,351.70235943473483
88760.0,63.405797101449274,36.594202898550726,0.0,1.84,7767,351.53461780531467
89040.0,65.3061224489796,34.69387755102041,0.0,1.96,7725,350.9968811259166
89320.0,63.90728476821192,36.09271523178808,0.0,2.013333333333333,7667,350.53521475831144
89600.0,64.05693950177935,35.94306049822064,0.0,1.8733333333333333,7598,350.33440706803316
89880.0,65.85365853658537,34.146341463414636,0.0,1.9133333333333333,7553,350.2936422384671
90160.0,65.48042704626334,34.519572953736656,0.0,1.8733333333333333,7542,350.45808799193384
90440.0,66.44951140065146,33.55048859934853,0.0,2.046666666666667,7535,350.3477397038777
90720.0,67.06349206349206,32.93650793650794,0.0,1.68,7458,350.00510390874496
91000.0,58.396946564885496,41.603053435114504,0.0,1.7466666666666666,7461,349.48903272203336
91280.0,62.913907284768214,37.086092715231786,0.0,2.013333333333333,7415,349.38147628591014
91560.0,61.509433962264154,38.490566037735846,0.0,1.7666666666666666,7412,349.2738228622512
91840.0,67.03296703296704,32.967032967032964,0.0,1.82,7429,349.2931204070236
92120.0,60.431654676258994,39.568345323741006,0.0,1.8533333333333333,7465,349.3804419145448
92400.0,63.722397476340696,36.277602523659304,0.0,2.1133333333333333,7453,348.8784234951039
92680.0,56.33802816901409,43.66197183098591,0.0,1.8933333333333333,7379,348.76849296480543
92960.0,58.59872611464968,41.40127388535032,0.0,2.0933333333333333,7313,348.9284117608449
93240.0,62.54295532646048,37.45704467353952,0.0,1.94,7318,349.04174027962324
93520.0,63.97306397306397,36.02693602693603,0.0,1.98,7364,349.1571777355541
93800.0,63.12292358803987,36.87707641196013,0.0,2.006666666666667,7436,349.61102470717435
94080.0,64.53900709219859,35.46099290780142,0.0,1.88,7486,349.47074233890675
94360.0,62.27106227106227,37.72893772893773,0.0,1.82,7549,350.28287389875214
94640.0,61.42857142857143,38.57142857142857,0.0,1.8666666666666667,7572,350.26659742422345
94920.0,61.45038167938932,38.54961832061068,0.0,1.7466666666666666,7548,349.9817192976244
95200.0,65.94202898550725,34.05797101449275,0.0,1.84,7543,350.3703619482838
95480.0,63.98601398601399,36.01398601398601,0.0,1.9066666666666667,7533,350.43728136354883
95760.0,60.72727272727273,39.27272727272727,0.0,1.8333333333333333,7516,350.5760891723938
96040.0,58.78136200716846,41.21863799283154,0.0,1.86,7517,350.5744448103325
96320.0,61.31147540983606,38.68852459016394,0.0,2.033333333333333,7521,350.37176783968033
96600.0,63.38461538461539,36.61538461538461,0.0,2.1666666666666665,7522,350.6730693033515
96880.0,62.006079027355625,37.993920972644375,0.0,2.1933333333333334,7506,350.43529375702514
97160.0,62.58278145695364,37.41721854304636,0.0,2.013333333333333,7445,349.7284261483891
97440.0,68.70748299319727,31.292517006802722,0.0,1.96,7406,349.44370297309126
97720.0,63.1578947368421,36.8421052631579,0.0,2.1533333333333333,7406,349.37643049153286
98000.0,59.602649006622514,40.397350993377486,0.0,2.013333333333333,7404,348.99469710288486
98280.0,62.7906976744186,37.2093023255814,0.0,2.006666666666667,7397,348.65483117433456
98560.0,61.37931034482759,38.62068965517241,0.0,1.9333333333333333,7388,348.0540023356971
98840.0,63.665594855305464,36.334405144694536,0.0,2.0733333333333333,7313,347.6106171455085
99120.0,62.589928057553955,37.410071942446045,0.0,1.8533333333333333,7210,347.00835585915297
99400.0,60.288808664259925,39.711191335740075,0.0,1.8466666666666667,7168,346.5992846052062
99680.0,65.65656565656566,34.343434343434346,0.0,1.98,7114,346.49337938103224
99960.0,63.605442176870746,36.394557823129254,0.0,1.96,7167,346.5529204873698
100240.0,59.07473309608541,40.92526690391459,0.0,1.8733333333333333,7100,346.8627264201792
100520.0,62.9757785467128,37.0242214532872,0.0,1.9266666666666667,7055,346.5126315782636
100800.0,58.80398671096346,41.19601328903654,0.0,2.006666666666667,7042,346.16415836194665
101080.0,62.9757785467128,37.0242214532872,0.0,1.9266666666666667,7072,346.069550184795
101360.0,56.9811320754717,43.0188679245283,0.0,1.7666666666666666,7088,346.3047406911724
101640.0,54.9645390070922,45.0354609929078,0.0,1.88,7152,346.6461570119421
101920.0,56.271186440677965,43.728813559322035,0.0,1.9666666666666666,7144,346.78188813257754
102200.0,62.365591397849464,37.634408602150536,0.0,1.86,7183,347.3032421606913
102480.0,64.36781609195403,35.632183908045974,0.0,1.74,7221,347.8191978222107
102760.0,61.172161172161175,38.827838827838825,0.0,1.82,7215,347.7758074651887
103040.0,61.965811965811966,38.034188034188034,0.0,1.56,7257,347.45758254547394
103320.0,66.21621621621621,33.78378378378378,0.0,1.9733333333333334,7250,347.9168316693927
103600.0,66.90140845070422,33.098591549295776,0.0,1.8933333333333333,7311,347.5711980620397
103880.0,58.085808580858085,41.914191419141915,0.0,2.02,7320,347.6392703781441
104160.0,65.49295774647888,34.50704225352113,0.0,1.8933333333333333,7303,347.61295668688444
104440.0,63.46153846153846,36.53846153846154,0.0,2.08,7256,347.46469443510705
104720.0,59.7972972972973,40.2027027027027,0.0,1.9733333333333334,7241,347.40231084036276
105000.0,59.61538461538461,40.38461538461539,0.0,2.08,7263,347.5836886702919
105280.0,65.66037735849056,34.339622641509436,0.0,1.7666666666666666,7249,347.65422978513186
105560.0,64.88294314381271,35.11705685618729,0.0,1.9933333333333334,7320,348.08421681071644
105840.0,63.793103448275865,36.206896551724135,0.0,1.9333333333333333,7300,347.854188380485
106120.0,65.31986531986531,34.68013468013468,0.0,1.98,7325,348.0832343708533
106400.0,62.04620462046205,37.95379537953795,0.0,2.02,7351,348.30123815530584
106680.0,66.20689655172414,33.793103448275865,0.0,1.9333333333333333,7482,349.0711910302905
106960.0,65.13157894736842,34.86842105263158,0.0,2.026666666666667,7530,349.245570920281
107240.0,70.0,30.0,0.0,2.066666666666667,7498,349.44265501020016
107520.0,64.89675516224189,35.10324483775811,0.0,2.26,7552,349.5652943776032
107800.0,64.86486486486487,35.13513513513514,0.0,1.7266666666666666,7515,349.6384839247655
108080.0,58.02919708029197,41.97080291970803,0.0,1.8266666666666667,7574,350.0664358667017
108360.0,60.666666666666664,39.333333333333336,0.0,2.0,7582,350.5754379164164
108640.0,62.18181818181818,37.81818181818182,0.0,1.8333333333333333,7610,350.80556128718297
108920.0,62.96296296296296,37.03703703703704,0.0,1.8,7660,350.9958096700418
109200.0,65.80645161290323,34.193548387096776,0.0,2.066666666666667,7637,351.2531942382459
109480.0,65.49295774647888,34.50704225352113,0.0,1.8933333333333333,7641,350.968697752429
109760.0,64.24050632911393,35.75949367088607,0.0,2.1066666666666665,7623,351.0138529540196
110040.0,66.78571428571429,33.214285714285715,0.0,1.8666666666666667,7706,351.04398006045636
110320.0,66.88102893890675,33.11897106109325,0.0,2.0733333333333333,7713,351.1380976540218
110600.0,61.29032258064516,38.70967741935484,0.0,1.86,7724,351.5348389426694
110880.0,64.50617283950618,35.49382716049383,0.0,2.16,7765,351.3830980764982
111160.0,63.63636363636363,36.36363636363637,0.0,1.8333333333333333,7747,351.8545237414888
111440.0,63.85964912280702,36.14035087719298,0.0,1.9,7764,351.8147194345483
111720.0,67.13286713286713,32.86713286713287,0.0,1.9066666666666667,7735,351.3710057794557
112000.0,65.83629893238434,34.163701067615655,0.0,1.8733333333333333,7725,351.21215284001016
112280.0,60.40955631399317,39.59044368600683,0.0,1.9533333333333334,7717,350.65635237992814
112560.0,62.45733788395904,37.54266211604096,0.0,1.9533333333333334,7685,350.66871224988125
112840.0,65.01650165016501,34.98349834983498,0.0,2.02,7679,350.6579694337414
113120.0,62.84722222222222,37.15277777777778,0.0,1.92,7632,350.1880093284197
113400.0,63.57388316151203,36.42611683848797,0.0,1.94,7580,350.452958800072
113680.0,65.97222222222223,34.02777777777778,0.0,1.92,7542,350.68292331595694
113960.0,62.68115942028985,37.31884057971015,0.0,1.84,7519,350.5278426711896
114240.0,56.33802816901409,43.66197183098591,0.0,1.8933333333333333,7542,350.45903435552134
114520.0,60.0,40.0,0.0,1.7,7541,350.3682961085543
114800.0,62.043795620437955,37.956204379562045,0.0,1.8266666666666667,7489,349.7711768505099
115080.0,58.63309352517986,41.36690647482014,0.0,1.8533333333333333,7458,349.59819161370973
115360.0,60.357142857142854,39.642857142857146,0.0,1.8666666666666667,7419,349.25935766944696
115640.0,61.18881118881119,38.81118881118881,0.0,1.9066666666666667,7375,349.05280638680887
115920.0,62.589928057553955,37.410071942446045,0.0,1.8533333333333333,7364,348.5070951881108
116200.0,60.49822064056939,39.50177935943061,0.0,1.8733333333333333,7332,349.03562278243004
116480.0,64.60481099656357,35.39518900343643,0.0,1.94,7479,348.9723319450796
116760.0,65.77181208053692,34.22818791946309,0.0,1.9866666666666666,7430,348.82380581522347
117040.0,64.52830188679245,35.471698113207545,0.0,1.7666666666666666,7484,349.0928912336264
117320.0,60.278745644599304,39.721254355400696,0.0,1.9133333333333333,7478,349.12817108236516
117600.0,62.54071661237785,37.45928338762215,0.0,2.046666666666667,7467,348.9251664551054
117880.0,63.333333333333336,36.666666666666664,0.0,2.0,7413,348.4927136575914
118160.0,66.03174603174604,33.96825396825397,0.0,2.1,7374,348.3547404828209
118440.0,61.71003717472119,38.28996282527881,0.0,1.7933333333333332,7425,348.27249566729193
118720.0,66.43356643356644,33.56643356643357,0.0,1.9066666666666667,7426,347.95945984046364
119000.0,67.8030303030303,32.196969696969695,0.0,1.76,7418,347.80523192693784
119280.0,62.15277777777778,37.84722222222222,0.0,1.92,7308,347.6584540035732
119560.0,60.559006211180126,39.440993788819874,0.0,2.1466666666666665,7314,347.4981475090285
119840.0,64.23611111111111,35.763888888888886,0.0,1.92,7267,347.119049331718
120120.0,62.86764705882353,37.13235294117647,0.0,1.8133333333333332,7281,347.3232170950547
120400.0,63.57142857142857,36.42857142857143,0.0,1.8666666666666667,7301,347.2276345701422
120680.0,68.83561643835617,31.164383561643834,0.0,1.9466666666666668,7293,347.1277819867697
120960.0,66.55405405405405,33.445945945945944,0.0,1.9733333333333334,7197,347.28181227320016
121240.0,61.8421052631579,38.1578947368421,0.0,2.026666666666667,7205,347.240731193417
121520.0,62.546816479400746,37.453183520599254,0.0,1.78,7246,347.0477475980923
121800.0,66.01307189542484,33.98692810457516,0.0,2.04,7321,347.3986492371061
122080.0,64.26116838487972,35.738831615120276,0.0,1.94,7370,347.526686197246
122360.0,65.11627906976744,34.883720930232556,0.0,2.006666666666667,7325,347.47787737562726
122640.0,62.7906976744186,37.2093023255814,0.0,1.72,7306,347.36667860792176
122920.0,59.19117647058823,40.80882352941177,0.0,1.8133333333333332,7310,347.23175028016584
123200.0,69.41580756013745,30.584192439862544,0.0,1.94,7289,347.19931504303986
123480.0,58.661417322834644,41.338582677165356,0.0,1.6933333333333334,7321,347.32001964518116
123760.0,60.357142857142854,39.642857142857146,0.0,1.8666666666666667,7325,347.36871911881803
124040.0,64.60481099656357,35.39518900343643,0.0,1.94,7322,347.0790318858498
124320.0,61.87290969899666,38.12709030100334,0.0,1.9933333333333334,7270,346.73015952353313
124600.0,61.68582375478927,38.31417624521073,0.0,1.74,7222,347.01001817411554
124880.0,63.08243727598566,36.91756272401434,0.0,1.86,7278,347.1387461786688
125160.0,62.5,37.5,0.0,1.92,7242,346.96891704857177
125440.0,62.63345195729537,37.36654804270463,0.0,1.8733333333333333,7326,347.23928182878274
125720.0,62.71186440677966,37.28813559322034,0.0,1.9666666666666666,7387,347.5407915686416
126000.0,60.44776119402985,39.55223880597015,0.0,1.7866666666666666,7362,347.86260523054904
126280.0,62.02090592334495,37.97909407665505,0.0,1.9133333333333333,7461,348.39867979617964
126560.0,64.78405315614619,35.21594684385382,0.0,2.006666666666667,7473,349.0520014309856
126840.0,68.26568265682657,31.73431734317343,0.0,1.8066666666666666,7567,349.81511602623857
127120.0,61.88925081433225,38.11074918566775,0.0,2.046666666666667,7619,349.6967333164281
127400.0,69.47368421052632,30.526315789473685,0.0,1.9,7596,349.61199412207424
127680.0,65.78073089700996,34.21926910299003,0.0,2.006666666666667,7660,350.00630768386566
127960.0,65.03496503496504,34.96503496503497,0.0,1.9066666666666667,7622,349.76225009988
128240.0,66.45161290322581,33.54838709677419,0.0,2.066666666666667,7663,349.8330391288234
128520.0,60.357142857142854,39.642857142857146,0.0,1.8666666666666667,7654,349.71040195506066
128800.0,67.02127659574468,32.97872340425532,0.0,1.88,7654,349.80817833269066
129080.0,64.62585034013605,35.374149659863946,0.0,1.96,7635,350.02569397006175
129360.0,69.7841726618705,30.215827338129497,0.0,1.8533333333333333,7619,350.12843198610113
129640.0,66.77631578947368,33.223684210526315,0.0,2.026666666666667,7661,350.2538818879119
129920.0,65.9375,34.0625,0.0,2.1333333333333333,7713,350.14089428208257
130200.0,61.82432432432432,38.17567567567568,0.0,1.9733333333333334,7667,349.5988278689673
130480.0,61.267605633802816,38.732394366197184,0.0,1.8933333333333333,7616,350.0317700973912
130760.0,68.23104693140795,31.768953068592058,0.0,1.8466666666666667,7561,349.7685510895845
131040.0,68.69009584664536,31.309904153354633,0.0,2.0866666666666664,7563,349.4645928941052
131320.0,62.622950819672134,37.377049180327866,0.0,2.033333333333333,7506,349.09428450213176
131600.0,62.62626262626262,37.37373737373738,0.0,1.98,7466,348.33847339282227
131880.0,62.05673758865248,37.94326241134752,0.0,1.88,7425,347.5888112685631
132160.0,65.78947368421052,34.21052631578947,0.0,1.7733333333333334,7385,347.4868766694582
132440.0,65.84507042253522,34.15492957746479,0.0,1.8933333333333333,7408,347.38398554650934
132720.0,59.20245398773006,40.79754601226994,0.0,2.1733333333333333,7407,347.32024775590827
133000.0,61.88811188811189,38.11188811188811,0.0,1.9066666666666667,7340,346.74838694996885
133280.0,56.16438356164384,43.83561643835616,0.0,1.9466666666666668,7265,345.9730845060261
133560.0,60.95238095238095,39.04761904761905,0.0,2.1,7236,346.3630072089376
133840.0,63.851351351351354,36.148648648648646,0.0,1.9733333333333334,7204,346.47030922136855
134120.0,62.365591397849464,37.634408602150536,0.0,1.86,7162,346.1518727649423
134400.0,59.93485342019544,40.06514657980456,0.0,2.046666666666667,7171,345.9824132508086
134680.0,63.6986301369863,36.3013698630137,0.0,1.9466666666666668,7177,346.0295834002279
134960.0,59.274193548387096,40.725806451612904,0.0,1.6533333333333333,7170,346.1407912768767
135240.0,59.85663082437276,40.14336917562724,0.0,1.86,7174,346.02146758200416
135520.0,58.93536121673004,41.06463878326996,0.0,1.7533333333333334,7208,345.94082407732293
135800.0,60.07067137809187,39.92932862190813,0.0,1.8866666666666667,7180,345.84131119704955
136080.0,59.77859778597786,40.22140221402214,0.0,1.8066666666666666,7211,345.8902840379913
136360.0,63.10344827586207,36.89655172413793,0.0,1.9333333333333333,7213,346.075417158626
136640.0,60.26058631921824,39.73941368078176,0.0,2.046666666666667,7212,346.0482872590403
136920.0,60.273972602739725,39.726027397260275,0.0,1.9466666666666668,7206,345.9049019849621
137200.0,63.55140186915888,36.44859813084112,0.0,2.14,7142,346.002093334351
137480.0,65.60283687943263,34.39716312056738,0.0,1.88,7166,345.52732344308424
137760.0,61.048689138576776,38.951310861423224,0.0,1.78,7113,345.4135378371675
138040.0,59.7972972972973,40.2027027027027,0.0,1.9733333333333334,7043,345.0584254720998
138320.0,59.863945578231295,40.136054421768705,0.0,1.96,7103,345.1023200286422
138600.0,56.737588652482266,43.262411347517734,0.0,1.88,7063,344.36691567872174
138880.0,60.36363636363637,39.63636363636363,0.0,1.8333333333333333,7016,343.9973638697636
139160.0,59.5959595959596,40.4040404040404,0.0,1.98,7034,343.9833511057381
139440.0,57.491289198606275,42.508710801393725,0.0,1.9133333333333333,7073,344.0837453300051
139720.0,58.18181818181818,41.81818181818182,0.0,1.8333333333333333,7027,343.87968382840234
140000.0,61.51315789473684,38.48684210526316,0.0,2.026666666666667,7026,343.6617480607729
140280.0,58.333333333333336,41.666666666666664,0.0,1.84,6966,343.4837415071814
140560.0,60.12861736334405,39.87138263665595,0.0,2.0733333333333333,6914,342.97093579243466
140840.0,60.9271523178808,39.0728476821192,0.0,2.013333333333333,6963,342.8803147565029
141120.0,61.88811188811189,38.11188811188811,0.0,1.9066666666666667,6913,343.35368775098055
141400.0,54.48275862068966,45.51724137931034,0.0,1.9333333333333333,6946,343.2257071422731
141680.0,57.142857142857146,42.857142857142854,0.0,1.8666666666666667,6911,342.8648766881243
141960.0,61.53846153846154,38.46153846153846,0.0,2.08,6834,343.07313108008157
142240.0,57.48299319727891,42.51700680272109,0.0,1.96,6896,343.02200658753594
142520.0,52.816901408450704,47.183098591549296,0.0,1.8933333333333333,6940,343.1424460964127
142800.0,57.875457875457876,42.124542124542124,0.0,1.82,6986,343.1986376497841
143080.0,61.016949152542374,38.983050847457626,0.0,1.9666666666666666,7042,343.5557695847722
143360.0,65.2037617554859,34.79623824451411,0.0,2.1266666666666665,7027,343.69297070831755
143640.0,62.83524904214559,37.16475095785441,0.0,1.74,7045,343.6357674964949
143920.0,60.0,40.0,0.0,1.8666666666666667,7039,343.46028320396744
144200.0,56.326530612244895,43.673469387755105,0.0,1.6333333333333333,7107,343.5218700080454
144480.0,58.94736842105263,41.05263157894737,0.0,1.9,7116,343.30355047602114
144760.0,58.778625954198475,41.221374045801525,0.0,1.7466666666666666,7135,343.20884639724454
145040.0,58.57142857142857,41.42857142857143,0.0,1.8666666666666667,7102,343.07485702606385
145320.0,58.644067796610166,41.355932203389834,0.0,1.9666666666666666,7061,343.3224966898584
145600.0,61.33828996282528,38.66171003717472,0.0,1.7933333333333332,7075,343.32634977275364
145880.0,65.07936507936508,34.92063492063492,0.0,2.1,7063,343.29383092477923
